conversation_id_str,created_at,favorite_count,full_text,id_str,image_url,in_reply_to_screen_name,lang,location,quote_count,reply_count,retweet_count,tweet_url,user_id_str,username,link gambar
1874674501025513586,Thu Jan 02 04:30:05 +0000 2025,0,Cek PROMO PAKET BUNDLING Beli 1 Dapat 2 Parfum Wanita Tahan Lama Elegant Mewah Aroma Scandal Blck Opivm dengan harga Rp36.332. Dapatkan di Shopee sekarang! https://t.co/R7dn4RWmpX https://t.co/Qh8OzfVnfE,1874674501025513586,https://pbs.twimg.com/media/GgQuhf6acAAMGFF.jpg,,in,,0,0,0,https://x.com/undefined/status/1874674501025513586,1547920110907576320,,
1867012772179132502,Thu Dec 12 01:05:06 +0000 2024,0,Cek EITR Mix SCANDAL x BLUE Extrait de Parfum || UNISEX || 60ML + FREE 10ML - Aroma Segar Manis Daya Tahan up to 24 Jam dengan harga Rp225.000. Dapatkan di Shopee sekarang! https://t.co/VtRRcqdWS7 https://t.co/wPAxfGk7CP,1867012772179132502,https://pbs.twimg.com/media/Gej2N5CaEAAZCX_.jpg,,in,,0,0,0,https://x.com/undefined/status/1867012772179132502,1676983950315773952,,
1866805530234405000,Wed Dec 11 11:21:36 +0000 2024,0,Cek EITR Mix SCANDAL x BLUE Extrait de Parfum || UNISEX || 60ML + FREE 10ML - Aroma Segar Manis Daya Tahan up to 24 Jam dengan harga Rp225.000. Dapatkan di Shopee sekarang! https://t.co/fWcU8J1h29 https://t.co/DmlpuVU2bz,1866805530234405000,https://pbs.twimg.com/media/Geg5uwHaEAEUwhc.jpg,,in,,0,0,0,https://x.com/undefined/status/1866805530234405000,1676983950315773952,,
1866638413862146111,Wed Dec 11 00:17:46 +0000 2024,0,4. Heura parfum scandal Wangi kombinasi dari rasberry peony sama pralin bikin parfum ini punya aroma yang segar dan manis yang elegant Link: https://t.co/fr5KLYzxP0 https://t.co/bTrVev3PA8,1866638469797384419,https://pbs.twimg.com/media/GeehyyxaEAYbzqo.jpg,berburu_produk,in,,0,0,0,https://x.com/undefined/status/1866638469797384419,896437582715736064,,
1865360701952242037,Mon Dec 09 05:00:25 +0000 2024,0,@LitaaRahayu @tanyarlfes Kalau scandal aromanya manis tp bukan manis berlebihan kayak bubble gum/vanilla. Untuk aku yg ga terlalu suka aroma manis gitu varian ini masi bisa ditoleransi karena di aku lebih tahan lama dibanding omnia sm blooming,1865984824412094725,,LitaaRahayu,in,,0,0,0,https://x.com/undefined/status/1865984824412094725,1559027884102000640,,
1864998533574857202,Fri Dec 06 11:41:15 +0000 2024,0,30k an!! diskon beli di link ini https://t.co/IMVpKjKl7b Nifty Twice - Scandal 50ml Parfum Wanita Aroma Fresh Segar / Eau De Perfume promo wts wtb hanya tag diskon beli di link ini https://t.co/IMVpKjKl7b https://t.co/3Qh9VAEQ5E,1864998533574857202,https://pbs.twimg.com/media/GeHOSFTbIAAF052.jpg,,in,,0,0,0,https://x.com/undefined/status/1864998533574857202,1432243561311866881,,
1862430524251545677,Fri Nov 29 09:37:20 +0000 2024,0,5. heura parfum scandal aroma alam bunga segar buah link https://t.co/DWazj8ZsZj https://t.co/IBqqIp10oJ,1862430637376118904,https://pbs.twimg.com/media/GdiuyrWW4AAZhsL.jpg,rekomterbaik,in,,0,1,0,https://x.com/undefined/status/1862430637376118904,895720987429265408,,
1862357821842760084,Fri Nov 29 04:48:33 +0000 2024,0,heura parfum scandal aroma alam bunga segar buah link https://t.co/AC2L7rDSly https://t.co/v04LscRxLR,1862357962293207054,https://pbs.twimg.com/media/GdhssblaUAAr0z3.jpg,threadIemon,in,,0,1,0,https://x.com/undefined/status/1862357962293207054,894470396094709760,,
1857338431615254764,Fri Nov 15 08:22:51 +0000 2024,0,Sedangkan parfum VS. Scandal memiliki karakter Fresh-Fruity. Dengan aroma raspberry yang dominan namun aromanya lebih lembut dari Scandal Prem. Memberikan kesan sederhana tapi elegan. Cocok untuk kamu yang suka wangi segar dan ringan.,1857338461893857468,,UchiParfume_,in,,0,1,0,https://x.com/undefined/status/1857338461893857468,1357910656930910209,,
1857338431615254764,Fri Nov 15 08:22:50 +0000 2024,0,Scandal Prem menawarkan aroma karakter Fresh Fruity didominasi nots raspberry yang lembut dan segar. Memberikan kesan seksi dan sederhana. Cocok buat kamu yang mau tampil lebih segar dengan aroma manis yang ga berlebihan.,1857338455765979284,,UchiParfume_,in,,0,1,0,https://x.com/undefined/status/1857338455765979284,1357910656930910209,,
1856643995826553099,Wed Nov 13 10:23:18 +0000 2024,0,Lebih baik wangi daripada diomongin orang karena bau badan PROMO FNS Perfume SCANDAL Parfum Wanita - Eau De Perfume Wanita Tahan Lama - Aroma Inspired Series Scent dengan harga Rp39.900. Dapatkan di Shopee sekarang! https://t.co/CwKpdJnolA https://t.co/78uamMMhmY,1856643995826553099,https://pbs.twimg.com/media/GcQf3zdbQAAe9ef.jpg,,in,,0,0,0,https://x.com/undefined/status/1856643995826553099,330930825,,
1855806476574687657,Mon Nov 11 05:00:43 +0000 2024,0,@l0verrrr_ Kepo sama aroma scandal,1855838042290000224,,l0verrrr_,in,,0,0,0,https://x.com/undefined/status/1855838042290000224,1659133659071533057,,
1854183745550786920,Wed Nov 06 15:27:08 +0000 2024,0,wts #wts INSPIRED PARFUM SCANDAL JPG VICTORIA SECRET - SCANDALOUS - ROMANTIC WISH DUNHILL BLUE dll (bisa request aroma parfum dan pure bibit/biang/plus pelarutnya) Harga murah Hanya!!! 30ml - 50ribu 50ml - 75ribu 15ml - 25ribu https://t.co/2EYXqv8Y6f,1854183745550786920,,,in,,0,0,0,https://x.com/undefined/status/1854183745550786920,912518479865012225,,
1854181109241917657,Wed Nov 06 15:16:40 +0000 2024,0,wts #wts INSPIRED PARFUM SCANDAL JPG VICTORIA SECRET - SCANDALOUS - ROMANTIC WISH DUNHILL BLUE dll (bisa request aroma parfum dan pure bibit/biang/plus pelarutnya) https://t.co/RxpdQaU6Cc,1854181109241917657,,,in,,0,1,0,https://x.com/undefined/status/1854181109241917657,912518479865012225,,
1853094503307235341,Sun Nov 03 15:19:05 +0000 2024,0,2. Heura parfum scandal wangi kombinasi dari resberry peony sama pralin bikin parfum ini punya aroma yang segar dan manis yang elegan link : https://t.co/50OUTtDB3k https://t.co/okt41GEgph,1853094555870273580,https://pbs.twimg.com/media/GbeDq0ybcAA8C4E.jpg,missthreads88,in,,0,1,0,https://x.com/undefined/status/1853094555870273580,894617502050799617,,
1850922604691124606,Mon Oct 28 15:28:51 +0000 2024,0,6. Heura Parfum Scandal Wangi kombinasi dari rasberry peony sama pralin bikin parfum ini punya aroma yang segar dan manis yang elegan Link: https://t.co/Nh6fc7eQjw https://t.co/iH2ZlXWBEK,1850922686530433061,https://pbs.twimg.com/media/Ga_MX6BaEAAw1iT.jpg,rracunaesthetic,in,,0,1,0,https://x.com/undefined/status/1850922686530433061,895465300329611264,,
1850738939155599567,Mon Oct 28 03:18:42 +0000 2024,0,Tahukah kamu? Aroma yang tepat bisa meningkatkan suasana hati! Dapatkan 2 Parfum Premium Scandal dan Pink Sweet 25 ML Unisex hanya Rp22.000. Jangan lewatkan! Dapatkan di Shopee sekarang! Link 1: https://t.co/BMAY8QuhbC atau Link 2.: https://t.co/9urepvdhql https://t.co/dtVyqFNmrQ,1850738939155599567,https://pbs.twimg.com/media/Ga8lO-EaoAABL1Z.jpg,,in,,0,0,0,https://x.com/undefined/status/1850738939155599567,1153345322,,
1849990606673559700,Sat Oct 26 02:34:14 +0000 2024,2,@sbyfess parfumku dari dulu yg black opium baunya absolute kita ga terlalu kecium baunya pas udh dipake tp orang lain yg kecium bau parfumnya kita trs mulai suka juga sama wanginya scandal yg vs udh mulai banyak yg pake 2 aroma itu sih tapi tetep setia pake black opium wkwkw,1850002972539023459,,sbyfess,in,,0,0,0,https://x.com/undefined/status/1850002972539023459,1112886146248269824,,
1849047720260182495,Wed Oct 23 11:18:24 +0000 2024,0,Parfum Crusita Scandal adalah parfum wanita beraroma segar dan manis yang berasal dari kandungan buah. Berikut keterangan parfum Crusita Scandal: Jenis: Eau de perfume Aroma: Segar dan manis Daya tahan: 12 15 jam #20T #zonauang #scandal #parfumscandalcrusita #parfumtahanlama https://t.co/07aliuvpsi,1849047720260182495,https://pbs.twimg.com/media/GakjGlka8AAHkDD.jpg,,in,,0,1,0,https://x.com/undefined/status/1849047720260182495,1766717530662670336,,
1847258427510444323,Fri Oct 18 12:54:48 +0000 2024,9,Bahas dari yg bold dulu yaa. ️ Scandal BEST SELLERNYAAAA! Notesnya seperti pic di bawah yah wanginya cenderung ke arah manis dan ada hint jasminenya. Gak lama aroma muskynya mulai keluar. Not my cup of tea tapi mamaku suka varian ini bgttt di antara 3 lainnya https://t.co/Jyw2iTkSNt,1847260039419162998,https://pbs.twimg.com/media/GaLJNbeawAEGii0.jpg,ohmy_beautybank,in,,2,2,2,https://x.com/undefined/status/1847260039419162998,1239508341186916353,,
1847258427510444323,Fri Oct 18 12:50:52 +0000 2024,2,@ohmy_beautybank baru denger kalau varian scandal sama black opium kan udah biasa ya nah dari kedua lainnya antara wood &amp; sea sama blooming itu aroma yg manis kira-kira mana guys yg udh nyoba,1847259048665841797,,ohmy_beautybank,in,,0,1,1,https://x.com/undefined/status/1847259048665841797,1763129737122365441,,
1839265307359326569,Thu Sep 26 11:26:35 +0000 2024,3,Parfum varian scandal 40rb an wanginya lembut dan tahan lama ada tester aroma lain packaging nya juga mewah banget pokonya recommended banget https://t.co/P9tVnyRcP2 https://t.co/c2Em1ZVuML,1839265307359326569,https://pbs.twimg.com/media/GYZiDHpaQAAerjf.jpg,,in,,1,0,1,https://x.com/undefined/status/1839265307359326569,1576109679830188033,,
1837558330702942247,Sun Sep 22 11:12:30 +0000 2024,2,@snupefy water kiss : aroma lidah buaya bunga plum &amp; chamomile wanginya soft ga alay scandal : wangi water fruity yang fresh &amp; seger cocok buat indoor outdoor dunhill : wangi lengkeng jeruk rosewood brazilian lebih maskulin cool dominan ke cowo gt,1837812210158194869,,snupefy,in,,0,0,0,https://x.com/undefined/status/1837812210158194869,1798456835034517505,,
1820450751908647254,Thu Sep 19 04:28:18 +0000 2024,0,@la_lalijah true.. banyak yg suka varian scandal tp aq lebih suka yg sweet peony. aroma bergamotnya bikin seger,1836623324392362471,,la_lalijah,in,,0,0,0,https://x.com/undefined/status/1836623324392362471,169390074,,
1830599133134033275,Tue Sep 03 11:57:35 +0000 2024,0,@tanyakanrl Buat cowo aroma maskulin lembut cocok parfum reffil di mix scandal sama dunhil blue,1830938184706072815,,tanyakanrl,in,,0,0,0,https://x.com/undefined/status/1830938184706072815,1322399164391542786,,
1830599133134033275,Tue Sep 03 04:22:19 +0000 2024,0,@namjungji @tanyakanrl SCANDAL!!! ini paling best seller bgt di tokoku bnyk yg bilang kl ini tuh aroma hantu soalnya wanginya gentayangan klo mau yg ada segernya bisa nyoba waterkiss/black opium trs klo beli minta perbandingannya 2 : 1 ya 2 bibit 1 nya absolut,1830823614146544023,,jejungji,in,,0,1,2,https://x.com/undefined/status/1830823614146544023,1263658478788173824,,
1828009619085754617,Mon Aug 26 10:00:34 +0000 2024,0,asli buat pecinta aroma fruity-floral dan addicted sm wangi manis tp masih seger pasti bakal keracunan cobain nih parfummm https://t.co/qTuyfCjpkX WAJIB cobainnn parfum Scandal by HEURA #HeuraOfficial #ParfumHeura https://t.co/G9l2lbh0uU,1828009633438367962,https://pbs.twimg.com/media/GV5lEWrbcAAXgYe.jpg,apilinaaa,in,,0,1,0,https://x.com/undefined/status/1828009633438367962,1168515350947696641,,
1814688868178010399,Sun Jul 21 17:40:23 +0000 2024,0,siapa pecinta vanilla cung? ini favorite kuu akhh love bgt asli ini tahan lama trus ga kaya parfum refill lain yg alkoholnya kek banyak bgt gitu! kalo ini gaa aslii ini ada parfum scandal by night dia wanginya itu manis tapi ada aroma vanilla https://t.co/WXOHXGnvK7,1815079386858881383,,heyvkook_,in,,0,0,0,https://x.com/undefined/status/1815079386858881383,1513701492393639944,,
1813947313003598106,Fri Jul 19 23:04:30 +0000 2024,9,@ydncw98K Aku biasa pake aroma scandal sama calvin klein Best bgt siii awetnya gaperlu diragukan Btw harganya under 100k buat klean yg mau DM ajaaaaa!!! #gaysolo #gaysurakarta #fwbsolo https://t.co/z3iVdAVM4n,1814436178436993424,https://pbs.twimg.com/media/GS4rZGsasAYv0oB.jpg,ydncw98K,in,,0,2,1,https://x.com/undefined/status/1814436178436993424,1730003533192413184,,
1664219082886119425,Wed Jun 12 06:42:56 +0000 2024,0,@mangofloatboba @ohmybeautybank iyaaa nder yg very intense tahan lamaa kalau aroma disesuaikan ajaaa yg her scandal enak baunyaaa,1800780808149745690,,mangofloatboba,in,,0,0,0,https://x.com/undefined/status/1800780808149745690,1265473680181653504,,
1796164327000482289,Thu May 30 18:39:26 +0000 2024,0,@vav0uritee Ganti2 si slu zara gardenia trs ganti onix fwb ganti lg parfum Refill urban aroma scandal skrg Octarine scandal,1796250078539300915,,vav0uritee,in,,0,0,0,https://x.com/undefined/status/1796250078539300915,1378010970891591680,,
1794646055986061682,Sun May 26 08:25:37 +0000 2024,0,Temukan dan dapatkan Bara Parfume - SCANDAL - Parfum Wanita Tahan Lama Aroma Manis - Lembut - Mewah | Perfume | Farfum | Minyak Wangi hanya Rp48.750 di Shopee sekarang juga! https://t.co/LDzpQmDEXc #ShopeeID https://t.co/A9MgdC4xTr,1794646055986061682,https://pbs.twimg.com/media/GOfdE6EacAAqMcv.jpg,,in,,0,0,0,https://x.com/undefined/status/1794646055986061682,575986758,,
1786932158038176207,Sun May 05 01:33:20 +0000 2024,1,Parfum yg cowo banget mnrut gue aroma kuat dan tahan lama wanginya : 1.Bvlgari Man in Black 2.Creed Aventus 3.JPG Scandal for Men https://t.co/uDmQeJXcez Millions 5.Baccarat 6.Pacorabana 7. XXX Etienne Aigner 8.Silver,1786932158038176207,,,in,,0,2,0,https://x.com/undefined/status/1786932158038176207,1605227532873523200,,
1768201507227459950,Thu Mar 14 09:08:50 +0000 2024,0,Gue ganti aroma krn aroma yg biasa gue pake tu abis yg scandal itu terpaksa kmrn nyari2 aroma lain yg gue suka eh malah nemu itu gue ga ganti2 tempat beli parfum krn gue udh sreg satu tempat aja di urban selokan mataram Wanginya emng ga bgtu mirip si tp ya hampir,1768202617149440344,,bluemoonn_26,in,,0,1,0,https://x.com/undefined/status/1768202617149440344,1378010970891591680,,
1768201507227459950,Thu Mar 14 09:04:25 +0000 2024,1,Ga nyesel kmrn pilih parfum yg wangi nya vanila susu. Aromanya tu familiar gtu kek gue pernah make pas gue inget2 mirip sm parfum gue dlu onix fwb gue ternyata keknya ini aroma fav gue setelah scandal deh aaaa sukaa ,1768201507227459950,,,in,,0,1,0,https://x.com/undefined/status/1768201507227459950,1378010970891591680,,
1766438745241477518,Sat Mar 09 12:19:50 +0000 2024,1,malesnya jualan parfum selalu cium aroma scandal sengaja atau ngga sial,1766438745241477518,,,in,,0,1,0,https://x.com/undefined/status/1766438745241477518,1626224098727849985,,
1761026901982777499,Sat Feb 24 03:50:08 +0000 2024,1,@tanyakanrl kl mau cobain aroma fresh manis bisa cobain escada sexy gravity romantic wish or varian paris hilton ini jg wanginy ga pasaran cm kl kk nya emg suka yg aroma vanilla kyk scandal bs cobain pink ciffon vanilla susu vanilla yapink or vanilla cake. btw aku karyawan toko parfum,1761237046100906060,,tanyakanrl,in,,0,0,0,https://x.com/undefined/status/1761237046100906060,1580419068493864960,,
1758479586491498914,Fri Feb 23 10:40:31 +0000 2024,0,Edisi gagal kirim dan akhirnya retur Aroma pink ciffon 2:1 botol 50 ml. Aromanya manis hampir mirip scandal Harga asli 82 k Beli aja 63 k. Yang mau bisa ambil di toko ya siapa cepat dia dapet Barang masih bagus dan isi masih full https://t.co/qZqMZwNozn,1760977932263276971,https://pbs.twimg.com/media/GHBAF39aUAAOtF9.jpg,piuskristiawan,in,,0,1,0,https://x.com/undefined/status/1760977932263276971,609701736,,
1745791459528442144,Fri Jan 12 12:59:15 +0000 2024,0,@banjarbase parfum ami ali sih klo ak aroma scandal orchid gardenia black opium,1745792555898511783,,banjarbase,in,,0,1,0,https://x.com/undefined/status/1745792555898511783,1280772722058911750,,
1738466543388991711,Sat Dec 23 07:48:17 +0000 2023,1,Wakjess.. lagi cari parfume? Yang non alkohol? Coba cek IG almaidah_joy yuk Disini tersedia berbagai aroma parfume dari wewangian buah-buahan. Ada Vmanggo Esbresso Scandal Dancing Lady Good Girl Black Opium Romantic Wish 212 Man Sexy dan BlackShapire. https://t.co/GM5IRbgLqk,1738466543388991711,https://pbs.twimg.com/ext_tw_video_thumb/1738466490561765376/pu/img/Os5_HRb7AhwLJT0D.jpg,,in,,0,1,0,https://x.com/undefined/status/1738466543388991711,370198035,,
1731548013225738277,Mon Dec 04 05:36:31 +0000 2023,0,Cek Parfume Mazl eau de perfume Parfum Perempuan Tahan Lama 24 Jam minyak wangi awet aroma scandal scandalous Edp ferfum dengan harga Rp18.880. Dapatkan di Shopee sekarang! https://t.co/fsXSDVqOgx https://t.co/RQInyugg9M,1731548013225738277,https://pbs.twimg.com/media/GAexvQfbUAAvv1W.jpg,,in,,0,0,0,https://x.com/undefined/status/1731548013225738277,1680922829246849024,,
1731506095238340862,Mon Dec 04 02:49:57 +0000 2023,0,Cek Parfume Mazl eau de perfume Parfum Perempuan Tahan Lama 24 Jam minyak wangi awet aroma scandal scandalous Edp ferfum dengan harga Rp18.880. Dapatkan di Shopee sekarang! https://t.co/fsXSDVqOgx https://t.co/T1yqtDJsRY,1731506095238340862,https://pbs.twimg.com/media/GAeLnRSa8AAwrcf.jpg,,in,,0,0,0,https://x.com/undefined/status/1731506095238340862,1680922829246849024,,
1726766414693077163,Tue Nov 21 14:58:38 +0000 2023,0,@tanyarlfes Gatau tiap nyoba aroma lain balik²nya ke broken angel lagi wkwk tp scandal vica enakk jg,1726978431626494401,,tanyarlfes,in,,0,1,0,https://x.com/undefined/status/1726978431626494401,1059806713673445376,,
1726206684585193888,Sun Nov 19 12:48:10 +0000 2023,0,Aroma scandal ini wanginya party girl yg sweet &amp; fun gitu. https://t.co/lzEGGEUOFY https://t.co/ekq2pAUhWS,1726220824418640233,https://pbs.twimg.com/media/F_TEsR5asAA-duD.jpg,h_niaa4,in,,0,1,0,https://x.com/undefined/status/1726220824418640233,1192736664847667200,,
1722647313901056393,Thu Nov 09 16:08:19 +0000 2023,0,Aroma parfum terenak tahun ini jatuh ke aroma scandal. Bener wangi soft mahal elegant dan tahan lama. Love bangetttt. Harga under 50k dong. #parfumviral Beli di https://t.co/7kPxd9gyOD https://t.co/VEbIetN3BX,1722647313901056393,https://pbs.twimg.com/media/F-gSmPbbYAAlv_N.jpg,,in,,0,0,0,https://x.com/undefined/status/1722647313901056393,1434820773244399617,,
1722536864454951188,Thu Nov 09 08:49:26 +0000 2023,1,Musim ujan. Musim ndusel2. Cucok buat pake parfum yang aroma manis maniiiiiisssss. Dior hypnotic replica beach walk JPG scandal. https://t.co/QkRAAv47gH,1722536864454951188,https://pbs.twimg.com/media/F-euJcEawAAaKZf.jpg,,in,,1,1,0,https://x.com/undefined/status/1722536864454951188,1269538348231581700,,
1716111594445541693,Sun Oct 22 15:17:42 +0000 2023,0,ngga brand jartee juga kalau aroma scandal/scandalous emang wanginya enak mba,1716111594445541693,,,in,,0,0,0,https://x.com/undefined/status/1716111594445541693,1405159500680601607,,
1713114929883123755,Sat Oct 14 08:50:02 +0000 2023,0, yg sering beli parfum refill atau bahkan disini ada yg punya tokoo parfum refill aku mo nanya di daerah kalian aroma victoria scandal dan victoria scandalous sama atau beda?,1713114929883123755,,,in,,0,0,0,https://x.com/undefined/status/1713114929883123755,1331650559518990336,,
1710996612347297896,Sun Oct 08 14:17:10 +0000 2023,0,@idntknwwhthappn @SmgMenfess2 kalau aroma scandal bikin trauma ga,1711022930803732851,,idntknwwhthappn,in,,0,0,0,https://x.com/undefined/status/1711022930803732851,609701736,,
1710515296602403141,Sat Oct 07 04:45:21 +0000 2023,0,@tanyakanrl nder coba deh heura varian scandal ga aroma strawberry sih tapi manis gitu. gw pake itu asli suka banget sama aromanya manis banget!!!,1710516641812172992,,tanyakanrl,in,,0,0,0,https://x.com/undefined/status/1710516641812172992,1524891696021901314,,
1599371578604941312,Sun Dec 04 12:00:33 +0000 2022,8,Heura Parfum Scandal Wangi kombinasi dari rasberry peony sama pralin bikin parfum ini punya aroma yang segar dan manis yang elegan Link: https://t.co/C2U9bh8uvr https://t.co/QteCaImDwo,1599373087455481857,https://pbs.twimg.com/media/FjIdVqCUcAAXS28.jpg,anndtaul,in,,0,1,0,https://x.com/undefined/status/1599373087455481857,921347001383510016,,
1594644537929961472,Mon Nov 21 11:10:41 +0000 2022,0,And yes i bought bloom and rose from noka bcs i cant decide between these two Dari segi wangi aku emang lebih suka rose tp dari ketahanan lebih prefer bloom. Tapi dua2nya wangi bgt. Yg creame krn aku udh hafal di luar kepala sama aroma vs scandal jd aku skip,1594649494674890752,,bominight,in,,0,1,0,https://x.com/undefined/status/1594649494674890752,193600659,,
1592368948976050176,Tue Nov 15 04:14:54 +0000 2022,0,@ohmybeautybank Klo ini hrganya lumayan buat packing bgss buat aroma bloom aku kurang suka pas di awal tpi pas akhir aromanya enkk dpt tester good girl enk aromanya yg scandal aromanya manis https://t.co/cPUCu1E3F5,1592370533605466114,,ohmybeautybank,in,,0,0,0,https://x.com/undefined/status/1592370533605466114,1313658097747984386,,
1590631110668857344,Thu Nov 10 09:03:11 +0000 2022,40,Heura Parfume Scandal Kombinasi rasberry peony praline. Aroma alam bunga dan buah. Tahan lama sampai 6-8 jam. https://t.co/MvgzZWyWq6 https://t.co/9uS1j8JXHk,1590631141656383488,https://pbs.twimg.com/media/FhMOlovUcAErd82.jpg,bestdiary_,in,,0,1,16,https://x.com/undefined/status/1590631141656383488,1270143510512050182,,
1588016995525541888,Thu Nov 03 06:53:08 +0000 2022,5,@usvjeyy @cheesybrgr @ohmybeautybank Soalnya waktu cium aroma testernya scandal black opium aduaduaduh manisnya nonjok banget : ) Romantic wish wangi manis tapi banyakan unsur ijo2 nya (timun seger2 gitu),1588061700464738306,,recehaneth,in,,0,0,0,https://x.com/undefined/status/1588061700464738306,703958162047672320,,
1586315788016705537,Sat Oct 29 11:50:28 +0000 2022,0,@cfxiaoting Akuh pnya dua tapi lbh suka aroma vanilla eclair aromanya manis trs lbh murah tpi klo yg pict sblh knan kemaren dpt tester yg good girl enkk aromanya aku suka klo yg scandal kemanisan aromanya https://t.co/u4Kr7I3F8G,1586324587880779779,https://pbs.twimg.com/media/FgPBzE6acAQw4Y_.jpg,westofnile,in,,0,1,0,https://x.com/undefined/status/1586324587880779779,1313658097747984386,,
1586204984646909954,Sat Oct 29 04:03:42 +0000 2022,0,@ohmybeautybank Klo mau buat kado aku rekomendasi yg ini nder sumpahh packingnya cakep bgt hrganya under 100k buat aroma aku kurang suka yg bloom dpt tester scandal good girl satunya lupa Scandal baunya manis bgttt klo good girl ga bsa jelasin tpi enk dihidung ku (btw ini bsa request ucapan https://t.co/ZhHF253DRn,1586207119673819137,https://pbs.twimg.com/media/FgNW9_aaYAAxwfK.jpg,ohmybeautybank,in,,0,0,0,https://x.com/undefined/status/1586207119673819137,1313658097747984386,,
1585828798502608897,Fri Oct 28 03:06:46 +0000 2022,3,Heura Parfum Scandal Wangi kombinasi dari rasberry peony sama pralin bikin parfum ini punya aroma yang segar dan manis yang elegan Link: https://t.co/Iz0CYlkkPt https://t.co/zVjYOnhGSo,1585830404887486464,https://pbs.twimg.com/media/FgIAWGKVQAMrGPK.jpg,anndtaul,in,,0,1,1,https://x.com/undefined/status/1585830404887486464,921347001383510016,,
1585195203019042821,Wed Oct 26 09:03:06 +0000 2022,4,Heura Parfum Scandal Wangi kombinasi dari rasberry peony sama pralin bikin parfum ini punya aroma yang segar dan manis yang elegan Link https://t.co/nm1TEDH7YP https://t.co/7i0fTYUXfU,1585195303073824770,https://pbs.twimg.com/media/Ff--uIXVIAMk9mH.jpg,IchaEliana,in,,0,1,1,https://x.com/undefined/status/1585195303073824770,1512363100959248384,,
1581980105995300864,Mon Oct 17 12:46:49 +0000 2022,0,@UNSfess_ Aqua kiss/Jo Malone cenderung seger. Kalo sukanya manis: scandal black opium good girl. Kalo aroma bunga: omnia romantic wish bloom,1581990113554616322,,UNSfess_,in,,0,0,0,https://x.com/undefined/status/1581990113554616322,703958162047672320,,
1575786307674308609,Fri Sep 30 09:57:24 +0000 2022,0,@ohmybeautybank Inii tpi aku suka yg varian good girl ga tau itu kemaren ke campur sma aroma scandal apa ga tpi enkk aku suka aromanya https://t.co/Uq90Ebu7Tk,1575786883745198081,,ohmybeautybank,in,,0,0,0,https://x.com/undefined/status/1575786883745198081,1313658097747984386,,
1573358061745426437,Sat Sep 24 15:38:05 +0000 2022,5,@ohmybeautybank aku pakai ini nder asli wanginya sampe ditanyain sm tmn2 kantor karena stay &amp; sewangi itu. ini aku awal beli nyoba yg scandal wanginya enak kata temenku tp ada aroma vanilanya yg tbh aku kurang suka wangi manis. akhirnya beli yg blooming dan ttp wanginya enak kata temenku ️ https://t.co/6pKk0I8Wlj,1573698290700652544,https://pbs.twimg.com/media/FdbmQUaaIAA_vA_.jpg,ohmybeautybank,in,,0,1,0,https://x.com/undefined/status/1573698290700652544,1456290481235632134,,
1568851106981367809,Mon Sep 12 05:34:07 +0000 2022,0,@tvOneNews Gk penting bener Info begituan doang buat netizen kecuali ada aroma scandal deep &amp; dark nyimak sambil rebahan ditemani snack &amp; cup coffee bukan begitu @bjorxanism ???,1569197643653578752,,tvOneNews,in,,0,0,0,https://x.com/undefined/status/1569197643653578752,1405396319800229889,,
1568240783853223936,Sun Sep 11 02:52:40 +0000 2022,0,@shinenfly @Trias0405 Hi kak Lilith and Eve dia wanginya flowery gitu kak yg Heura scandal itu sedikit manis (karena base notesnya dia ada permen coklat). Kalo kakak suka aroma fresh flowery yg sedikit powdery bisa pake Lilith and Eve kalo suka yang manis dan kesan cute bisa pilih Heura kak^^,1568794627884593153,,shinenfly,in,,0,1,0,https://x.com/undefined/status/1568794627884593153,2704501278,,
1567653414242496512,Thu Sep 08 00:04:38 +0000 2022,6,Parfume SCANDAL Wangi dari parfum ini berasal dari dominasi aroma blood orange honey patchouli dan gardenia yang memberikan kesan woody dan manis secara bersamaan Enak bgt valid ga diraguin lagi! Link : https://t.co/fpt7Se8WI2 https://t.co/Vt8J1OVlPr,1567665178401214465,https://pbs.twimg.com/media/FcF3KnnaMAE3nBx.jpg,threadmu_,in,,0,1,0,https://x.com/undefined/status/1567665178401214465,1468625096,,
1565638392469082112,Fri Sep 02 10:01:50 +0000 2022,6,Heura Parfum Scandal Wangi kombinasi dari rasberry peony sama pralin bikin parfum ini punya aroma yang segar dan manis yang elegan Link : https://t.co/BNqhLoQFGk https://t.co/l17NeRsgk3,1565641139696193536,https://pbs.twimg.com/media/FbpGT6-UcAAIn4L.jpg,anndtaul,in,,0,1,1,https://x.com/undefined/status/1565641139696193536,921347001383510016,,
1565362674044583937,Thu Sep 01 15:40:50 +0000 2022,2,@ohmybeautybank Aku kemaren beli yg scandal tapi dapet tester black opium menurutku enak seger pertama dicium wanginya kaya seger kayu manis gitu tp lama2 baru kerasa wangi manis sama aroma bunga2 Mnrtku unisex enak buat cowo dan cewe tapi lebih ke maskulin sih utk ukuran aku yg suka manis,1565364065371045889,,ohmybeautybank,in,,0,1,0,https://x.com/undefined/status/1565364065371045889,1484743779353792514,,
1565297688660217856,Thu Sep 01 11:17:23 +0000 2022,1,Heura Parfum Scandal Wangi kombinasi dari rasberry peony sama pralin bikin parfum ini punya aroma yang segar dan manis yang elegan Link: https://t.co/AhNZ60L4MB https://t.co/xxAvMzDWR4,1565297763142643712,https://pbs.twimg.com/media/FbkOAfvUsAA2Kv1.jpg,IchaEliana,in,,0,1,0,https://x.com/undefined/status/1565297763142643712,1512363100959248384,,
1561963352477167616,Tue Aug 23 06:29:38 +0000 2022,0,@ohmybeautybank Beli yang refill aja wanginya victoria secret yang scandal sama2 aroma vanilla mirip atau aletha lupa variannya,1561963857975083008,,ohmybeautybank,in,,0,0,0,https://x.com/undefined/status/1561963857975083008,1495568294346358784,,
1560631961039044608,Fri Aug 19 14:17:09 +0000 2022,0,Ternyata hamble yang oliver tuh aromanya mirip sama vs yang scandal mirip juga sama aletha parfume tapi versih lebih soft oliver kek aroma gula yang dibakar terus kering manis poool strong juga. Sama kek vs scandalous aletha pas sih ngga manis banget.,1560631961039044608,,,in,,0,1,0,https://x.com/undefined/status/1560631961039044608,1495568294346358784,,
1559496405185507329,Tue Aug 16 11:10:17 +0000 2022,10,Heura Parfum Scandal Wangi kombinasi dari rasberry peony sama pralin bikin parfum ini punya aroma yang segar dan manis yang elegan Link: https://t.co/9QebxhDE2Z https://t.co/5qqNS75Nzr,1559497772973232128,https://pbs.twimg.com/media/FaRy8vkUsAARS6q.jpg,anndtaul,in,,0,1,1,https://x.com/undefined/status/1559497772973232128,921347001383510016,,
1559005784297844736,Mon Aug 15 02:35:28 +0000 2022,16,heura parfum scandal aroma alam bunga segar buah link https://t.co/o9fega6595 https://t.co/TDipJ3iTVP,1559005826781945856,https://pbs.twimg.com/media/FaKziH9aQAAXAm2.jpg,racunshoppe_,in,,0,1,0,https://x.com/undefined/status/1559005826781945856,1433328270452289538,,
1558410406984847360,Sat Aug 13 11:19:17 +0000 2022,15,Heura parfum scandal Wangi kombinasi dari rasberry peony sama pralin bikin parfum ini punya aroma yang segar dan manis yang elegant Link: https://t.co/qzvr7xj6Vv https://t.co/zZVLfDXUpq,1558412873659195392,https://pbs.twimg.com/media/FaCYPacakAAOPIn.jpg,anndtaul,in,,0,1,4,https://x.com/undefined/status/1558412873659195392,921347001383510016,,
1556472784057823233,Mon Aug 08 02:50:15 +0000 2022,2,Heura Parfum Scandal Wangi kombinasi dari rasberry peony sama pralin bikin parfum ini punya aroma yang segar dan manis yang elegan Link: https://t.co/zn4HhSoWMa https://t.co/ekK371F1n4,1556472829985452032,https://pbs.twimg.com/media/FZmzyiVUcAEdVMm.jpg,IchaEliana,in,,0,1,0,https://x.com/undefined/status/1556472829985452032,1512363100959248384,,
1556229883973419011,Sun Aug 07 11:00:34 +0000 2022,3,Heura Parfum Scandal Wangi kombinasi dari rasberry peony sama pralin bikin parfum ini punya aroma yang segar dan manis yang elegan link : https://t.co/KnVMzE4p0K https://t.co/ppuFEsLnpn,1556233835209056256,https://pbs.twimg.com/media/FZjabFgUUAYYjhS.jpg,anndtaul,in,,0,1,1,https://x.com/undefined/status/1556233835209056256,921347001383510016,,
1553949567242055680,Mon Aug 01 03:51:18 +0000 2022,53,Heura Parfum Scandal Wangi kombinasi dari rasberry peony sama pralin bikin parfum ini punya aroma yang segar dan manis yang elegan Link: https://t.co/zlYzZyyppJ https://t.co/8F5cMMlNSm,1553951481497145344,https://pbs.twimg.com/media/FZC-n5uUIAA9TE1.jpg,anndtaul,in,,3,2,5,https://x.com/undefined/status/1553951481497145344,921347001383510016,,
1552271161018372097,Wed Jul 27 12:34:19 +0000 2022,0,Kemarenan ngomong ke salah satu crew mbak kamu pake scandal ya? Itu parfumku bulan lalu tapi di jember scandal langka jadi ganti parfume macem macem karna sekali beli 7 botol beda aroma. Lalu hari ini di bawain scandal 1 botol. Aaaaa kiyowoooo bae banget napa dah bayik ,1552271161018372097,,,in,,0,0,0,https://x.com/undefined/status/1552271161018372097,59992823,,
1550426367358935043,Fri Jul 22 10:44:08 +0000 2022,20,Heura parfum scandal wangi kombinasi dari resberry peony sama pralin bikin parfum ini punya aroma yang segar dan manis yang elegan link : https://t.co/XOoqiq6IXH https://t.co/8vgijvlYzo,1550431492362227717,https://pbs.twimg.com/media/FYQ9N7VVUAAKcjl.jpg,anndtaul,in,,0,1,2,https://x.com/undefined/status/1550431492362227717,921347001383510016,,
1549647255216435200,Wed Jul 20 06:48:14 +0000 2022,12,Heura Parfum Scandal Wangi kombinasi dari rasberry peony sama pralin bikin parfum ini punya aroma yang segar dan manis yang elegan https://t.co/SLQuqSHXcR https://t.co/n4NX8OOSUN,1549647354348781569,https://pbs.twimg.com/media/FYF0Dn4VQAAZQaE.jpg,ShopeeCuties,in,,0,1,1,https://x.com/undefined/status/1549647354348781569,1471826377124945921,,
1549002925250293762,Mon Jul 18 12:18:24 +0000 2022,75,Heura parfum scandal Wangi kombinasi dari rasberry peony sama pralin bikin parfum ini punya aroma yang segar dan manis yang elegan Link: https://t.co/US0ImBOmCt https://t.co/z5HlMSpjQM,1549005666324426752,https://pbs.twimg.com/media/FX8scC3aMAAxxZy.jpg,anndtaul,in,,4,1,11,https://x.com/undefined/status/1549005666324426752,921347001383510016,,
1545215589945606144,Fri Jul 08 01:18:40 +0000 2022,1,Myra Parfume SCANDAL (30 ML) 4 9 terjual 9 ribu (harganya dibawah 100 ribu) Wangi dari parfum ini berasal dari dominasi aroma blood orange honey patchouli dan gardenia yang memberikan kesan woody dan manis secara bersamaan https://t.co/xVopOMFHls https://t.co/xCGJTqEdWQ,1545215759651323904,https://pbs.twimg.com/media/FXG1ipkagAAnNBa.jpg,rayoffsunshinee,in,,0,1,1,https://x.com/undefined/status/1545215759651323904,270742108,,
1543551391427604480,Sun Jul 03 11:10:29 +0000 2022,0,@TimpalBali kalo suka yg lembut tapi semerbak Bulgari rose nder kalo yg seger manis scandal atau mau aroma cewe sukses gucci bloom,1543552755255885824,,TimpalBali,in,,0,0,1,https://x.com/undefined/status/1543552755255885824,1306468189048467456,,
1539027696055091200,Mon Jun 20 23:29:41 +0000 2022,15,heura parfum scandal aroma alam bunga segar buah link https://t.co/o9fega6595 https://t.co/Vji81r7Vth,1539027741491994624,https://pbs.twimg.com/media/FVu5kknaIAALH-P.jpg,racunshoppe_,in,,0,1,0,https://x.com/undefined/status/1539027741491994624,1433328270452289538,,
1535519551839801344,Sun Jun 12 12:00:46 +0000 2022,1,Dari segi notes bitter honey ini notesnya sama dengan scandal by night dari jean paul gaultier yang udah discontinue. Di semprotan awal aroma madu dan jeruknya lumayan strong -agak nyegrak di penciumanku. https://t.co/XCRVzHE2dT,1535955264691654657,https://pbs.twimg.com/media/FVDPKzUaQAAd6rK.jpg,nocturnalcutie,in,,0,1,0,https://x.com/undefined/status/1535955264691654657,1015567402292006918,,
1531668943727128578,Wed Jun 01 16:46:07 +0000 2022,0,@AmaraHans @fitriauulia @ohmybeautybank Yang good girl itu manis vanilla tp ngga terlalu strong vanilla nya dia manis yg kalem elegan gituu ada aroma almond coffe. Kalo yg scandal manis buah seger,1532040809289113600,,amara_ayam,in,,0,0,0,https://x.com/undefined/status/1532040809289113600,754357562,,
1522203248622415873,Thu May 05 16:42:56 +0000 2022,3,@masymallow @ohmybeautybank 1. Scandalous (280): wanginya manisss banget! kaya wangi milkita melon beneran melon manis. manis yang lebih powdery 2. La Vie Est Belle (tester 254): wanginya agak strong ada aroma woody dan manis buah 3. Scandal by Night (tester 296): wangi yang cocok buat formal occussion,1522255537123074052,,masymallow,in,,0,1,0,https://x.com/undefined/status/1522255537123074052,1408373838606262273,,
1507923989955497984,Sun Mar 27 14:29:20 +0000 2022,0,@dewinaini @ohmybeautybank Aku juga pake yang scandal sama bo. Btw spill aroma punya kamu dong nder,1508088786345132037,,dewinaini,in,,0,1,0,https://x.com/undefined/status/1508088786345132037,965898464335769600,,
1471779118186336259,Fri Dec 17 11:24:20 +0000 2021,1,@fachrialamsyah2 Baccarat secret aroma jeruk (lupa namanya) scandal eigner black (jrg pake) wkwk,1471803443241050113,,fachrialamsyah2,in,,0,1,0,https://x.com/undefined/status/1471803443241050113,1190728104525758464,,
1471779118186336259,Fri Dec 17 11:24:10 +0000 2021,0,@inilalaaaaaa Baccarat secret aroma jeruk (lupa namanya) scandal eigner black (jrg pake) wkwk,1471803402963193857,,inilalaaaaaa,in,,0,0,0,https://x.com/undefined/status/1471803402963193857,1190728104525758464,,
1445951551323836420,Thu Oct 07 03:29:48 +0000 2021,0,@ssefnum Scandal tuh aroma manis vanilla warm kyk creamyy tp ttp aroma mahal gitu kek pengusaha sukses kalo black amber seger manis berry vanilla gituu,1445954484610342912,,valleubre,in,,0,0,0,https://x.com/undefined/status/1445954484610342912,1347242670859513857,,
1338794794278027264,Tue Dec 15 13:31:17 +0000 2020,0,@pratiwaw Scandal secret aja kk enak kalem aroma nya atau nggak baccart,1338839043308617734,,pratiwaw,in,,0,1,0,https://x.com/undefined/status/1338839043308617734,1326940501187162115,,
1304663039384330240,Sat Sep 12 06:08:02 +0000 2020,6,Dari kemaren tercium aroma another scandal crott sliweran ditemlen. Bentar lagi ada yang bikin thread ni.... ,1304663039384330240,,,in,,0,3,0,https://x.com/undefined/status/1304663039384330240,1120354080465903617,,
1272017313521266688,Sun Jun 14 05:44:00 +0000 2020,0,@angybirb Eiya sama yg jpg scandal itu juga manis honey bukan vanilla. Tapi masih aroma gourmand gtt,1272042081976893444,,mallieams,in,,0,0,0,https://x.com/undefined/status/1272042081976893444,42579653,,
1174936775019511808,Fri Sep 20 06:42:11 +0000 2019,0,Jean Paul Gaultier Scandal for Women | EDP | 80 ml | Harga outlet Rp 1.950.000 | Harga kami Rp 1.435.000 Kemasan: Dus Segel Aroma Top Notes: Blood orange mandarin orange Middle Notes: Honey gardenia jasmine https://t.co/Y1S7ZGkmWw,1174936775019511808,,,in,,0,0,0,https://x.com/undefined/status/1174936775019511808,854117841955573760,,
816467563320201216,Wed Jan 04 02:13:30 +0000 2017,0,tambahkan sedikit susu untuk aroma kopi yang baru...,816467563320201216,,,in,,0,0,0,https://x.com/undefined/status/816467563320201216,146426963,,
533248069190815744,Fri Nov 14 13:44:53 +0000 2014,0,@KNH_BTSV hati kesambet lalat/? Eh tapi lalat yg disambet aroma mulut v kali/g,533254241440497664,,Imyungso,in,,0,1,0,https://x.com/undefined/status/533254241440497664,2892703436,,
532731802041851904,Thu Nov 13 03:08:53 +0000 2014,0,Aroma kentut sendiri termasuk jg @MINUSycho: Aroma yg enak dihirup cuma dua: 1. Aroma udara abis hujan 2. Aroma uang ,532731802041851904,,,in,,0,0,0,https://x.com/undefined/status/532731802041851904,2269344313,,
480856958488961024,Mon Jun 23 12:55:04 +0000 2014,0,@Shohei_Arlequin *hirup aroma parfumnya*,481057851570257920,,HARU_XaaXaa,in,,0,1,0,https://x.com/undefined/status/481057851570257920,2243650423,,
465688216780439552,Mon May 12 03:01:37 +0000 2014,0,E-KTP Scandal: Aroma korupsi pada proyek pengadaan e-KTP atawa KTP elektronik yang tercium sejak lama kini s... http://t.co/W9tANwlUXu,465688216780439552,,,in,,0,0,0,https://x.com/undefined/status/465688216780439552,1389679980,,
428554327104315392,Wed Jan 29 15:44:48 +0000 2014,0,Dosa terindah *ceilee @fafamemoo: Aroma wanita itu bagaikan lavender dan rasanya bagaikan dosa (one night scandal) ,428554327104315392,,,in,,0,0,0,https://x.com/undefined/status/428554327104315392,238942949,,
334679584710733824,Wed May 15 14:40:05 +0000 2013,0,Antara @matanajwa dan serial 'scandal' di starworld sama seru dan aroma skandalnya..,334679584710733824,,,in,,0,0,0,https://x.com/undefined/status/334679584710733824,49309401,,
322681069646274560,Fri Apr 12 12:02:16 +0000 2013,0,*cipok* RT @Ajiepakubumi: Ada tercium bau aroma Scandal Jepit,322681069646274560,,,in,,0,0,0,https://x.com/undefined/status/322681069646274560,441806394,,
322680629709897728,Fri Apr 12 12:00:31 +0000 2013,0,Ada tercium bau aroma Scandal Jepit,322680629709897728,,,in,,0,4,1,https://x.com/undefined/status/322680629709897728,383249070,,
319977897060356096,Fri Apr 05 01:14:30 +0000 2013,0,@bgsilmi wah saya mencium aroma scandal . haha,319981337572409345,,bgsilmi,in,,0,0,0,https://x.com/undefined/status/319981337572409345,417743520,,
282028361788817408,Fri Dec 21 07:42:55 +0000 2012,0,goods atau barang2 event tersebut sudah dirilis oleh SCA. diantaranya ada 2 t-shirt 2 handuk dan 2 lilin aroma terapi,282028361788817408,,,in,,0,0,1,https://x.com/undefined/status/282028361788817408,443953252,,
281424689660825600,Wed Dec 19 15:54:42 +0000 2012,0,saye nak bau rina pleaseee @HaruComelKawaii Aroma candle lagi. Agak2 bau apa la yg keluar. Bau scandal? Lol ,281427344848211970,,adi_AFZ,in,,0,0,0,https://x.com/undefined/status/281427344848211970,33810660,,
281424689660825600,Wed Dec 19 15:44:09 +0000 2012,0,Aroma candle lagi. Agak2 bau apa la yg keluar. Bau scandal? Lol,281424689660825600,,,in,,0,1,0,https://x.com/undefined/status/281424689660825600,240673837,,
279083069649084416,Thu Dec 13 04:39:23 +0000 2012,0,nunggu encode 720p ah RT @shintocute: Scandal season 2 :o @ko2martin RT @deny_julian: @Felly_Liu wada aroma percintaan antara felly n komar,279083069649084416,,,in,,0,0,0,https://x.com/undefined/status/279083069649084416,232469347,,
266076168795590656,Wed Nov 07 07:14:36 +0000 2012,0,Tercium aroma fap fap RT @om_sem: 1 lagi racun si @LoekmanNh yang paling benar. scandal. band cewe jepang. gitaris dan basis nya itu sesuatu,266076168795590656,,,in,,0,0,0,https://x.com/undefined/status/266076168795590656,75046082,,
261773090609057793,Fri Oct 26 10:15:42 +0000 2012,0,Elu bau kaki ? :p @scandal_vira: Nih @bajaaay: Mending saya cium aroma kaki daripada bau sate gini hoekkkk :x ,261773090609057793,,,in,,0,1,0,https://x.com/undefined/status/261773090609057793,173662398,,
261772626161188864,Fri Oct 26 10:13:52 +0000 2012,0,Nih @bajaaay: Mending saya cium aroma kaki daripada bau sate gini hoekkkk :x ,261772626161188864,,,in,,0,0,0,https://x.com/undefined/status/261772626161188864,724747518,,
261384232688033792,Thu Oct 25 08:30:32 +0000 2012,2,ku isap lagi asap tembakau bergulung kertas putih ber aroma macay....,261384232688033792,,,in,,0,0,0,https://x.com/undefined/status/261384232688033792,721491805,,
243998802309173248,Fri Sep 07 09:07:02 +0000 2012,0, @eNoeNi: @a_phine @tekaer RT @MentionKe: #MentionKe temen kmu yg kentutnya aroma lavender (via: @Ndhfsalsabila ) wangi dong,243998802309173248,,,in,,0,0,0,https://x.com/undefined/status/243998802309173248,146426963,,
229537090407366656,Sun Jul 29 11:21:21 +0000 2012,0,Kang bikin lagu yg kental aroma Malice Mizer dong kang :D RT @Wima_JROCKS: #NP Scandal - KAGEROU ( j-rock radio ),229537090407366656,,,in,,0,0,0,https://x.com/undefined/status/229537090407366656,38877233,,
211377416273264640,Sat Jun 09 15:01:05 +0000 2012,0,@bethaness wkwk... papan jamban monica. Aroma rambutmu akan selalu ada dikelas xii ia 6. :),211472994063753217,,monicabethari,in,,0,1,0,https://x.com/undefined/status/211472994063753217,103350293,,
205927374037057538,Fri May 25 07:44:46 +0000 2012,0,semerbak bau na cung haha RT @Azhary_gumelar: bedebah aroma dia RT ganjaryudha: haha nu eta cok scandal (cont) http://t.co/tHj1NHDI,205927374037057538,,,in,,0,0,0,https://x.com/undefined/status/205927374037057538,80835369,,
125828527449845760,Mon Oct 17 07:00:33 +0000 2011,0,RT @Scandal_Dede: RT @pradhitadiva: RT @kiararahii Mau coba #OPENFOLLOW yang mau RT ya tapi #Jfb thanks :),125828527449845760,,,in,,0,0,0,https://x.com/undefined/status/125828527449845760,149927841,,
76614590229790720,Fri Jun 03 11:41:56 +0000 2011,0,Entah nyebutinnya gmn .. Sandal wood sendal wood atau Scandal wood..*aroma bali yg gw beli d smesco*,76614590229790720,,,in,,0,0,0,https://x.com/undefined/status/76614590229790720,62024191,,
74645736557514753,Sun May 29 01:18:25 +0000 2011,0,RT @TweetRAMALAN: April: aroma yang cocok untuk Anda: wewangian akasia pohon jeruk bunga lily dan mint,74645736557514753,,,in,,0,0,0,https://x.com/undefined/status/74645736557514753,53001408,,
62897319728775168,Tue Apr 26 15:14:24 +0000 2011,0,aroma kamboja RT @bethaness aroma therapy RT @IFahmiRos: rambutnya mengeluarkan aroma lily RT @annisaky eh rambutmu gugur tuh mon,62897319728775168,,,in,,0,0,0,https://x.com/undefined/status/62897319728775168,103350293,,
62895542761553920,Tue Apr 26 15:07:20 +0000 2011,0,rambutnya mengeluarkan aroma lily RT @annisaky eh rambutmu gugur tuh mon RT @bethaness: km ngomg sm sapa anak tiri?,62895542761553920,,,in,,0,0,0,https://x.com/undefined/status/62895542761553920,103350293,,
28994181455,Thu Oct 28 14:29:38 +0000 2010,0,ea ada aroma scandal kelas nih RT @kammaaal: Ghibah mania~RT @Gacakkk: hahahha siapa tuh ye yang di galauin awkwakaw http://mtw.tl/lu53e1,28994181455,,,in,,0,0,0,https://x.com/undefined/status/28994181455,41801075,,
1935599692001501298,Thu Jun 19 07:25:02 +0000 2025,0,pecinta aroma spicy &amp; woody wajib bgt cobain parfum baru nya Hint yg Fatale. ada wangi smooky tobacco &amp; cherry yg nyatu bgt! recommended!! https://t.co/NaU3dXnUg6 https://t.co/Rsfl62D7he,1935599692001501298,https://pbs.twimg.com/media/GtyhqFEW4AA6FK8.jpg,,in,,0,0,0,https://x.com/undefined/status/1935599692001501298,1834162557126672386,,
1935242213874864235,Wed Jun 18 10:44:17 +0000 2025,1,DAHLIA PEWANGI RUANGAN https://t.co/gyZNWUMQAM https://t.co/vdiCq2We2m dahlia heritage cendana padasmana ini wanginya tuh calm tapi dalem ada kesan woody yang warm banget cocok buat yang suka aroma maskulin klasik tapi ga nyengat sementara teh keraton tuh aromanya https://t.co/Q6H19U2MSG,1935287445979021493,https://pbs.twimg.com/media/GtuFqhaW4AANpqZ.jpg,roselymarchela,in,,0,1,0,https://x.com/undefined/status/1935287445979021493,1926811093,,
1935242003023053215,Wed Jun 18 10:44:08 +0000 2025,2,DAHLIA PEWANGI RUANGAN https://t.co/gyZNWUMQAM https://t.co/vdiCq2We2m dahlia heritage cendana padasmana ini wanginya tuh calm tapi dalem ada kesan woody yang warm banget cocok buat yang suka aroma maskulin klasik tapi ga nyengat sementara teh keraton tuh aromanya https://t.co/NdHdRgHm63,1935287405998916103,https://pbs.twimg.com/media/GtuFogUWsAAdMnl.jpg,roselymarchela,in,,0,1,0,https://x.com/undefined/status/1935287405998916103,1926811093,,
1934906198404591716,Wed Jun 18 05:34:02 +0000 2025,1,DAHLIA PEWANGI RUANGAN https://t.co/gyZNWUMQAM https://t.co/vdiCq2We2m dahlia heritage cendana padasmana ini wanginya tuh calm tapi dalem ada kesan woody yang warm banget cocok buat yang suka aroma maskulin klasik tapi ga nyengat sementara teh keraton tuh aromanya https://t.co/1T9GJkUO2Z,1935209368687100015,https://pbs.twimg.com/media/Gts-qIubMAA3GuJ.jpg,roselymarchela,in,,0,1,0,https://x.com/undefined/status/1935209368687100015,1926811093,,
1934907010283393364,Wed Jun 18 05:33:52 +0000 2025,1,DAHLIA PEWANGI RUANGAN https://t.co/gyZNWUMQAM https://t.co/vdiCq2We2m dahlia heritage cendana padasmana ini wanginya tuh calm tapi dalem ada kesan woody yang warm banget cocok buat yang suka aroma maskulin klasik tapi ga nyengat sementara teh keraton tuh aromanya https://t.co/nlV5C5iho0,1935209325229916433,https://pbs.twimg.com/media/Gts-nnObgAACWTV.jpg,roselymarchela,in,,0,0,0,https://x.com/undefined/status/1935209325229916433,1926811093,,
1935168700321251390,Wed Jun 18 02:58:11 +0000 2025,0,️ Eclat Femme Weekend Eau de Toilette Parfum dengan keharuman floral woody musk yang penuh semangat namun terkesan elegan. Perpaduan aroma bergamot redcurrant juga peach yang menyegarkan membuka wewangian ini. https://t.co/CYUbnXy6WC,1935170148811620776,https://pbs.twimg.com/media/Gtsa_Y_aQAQKWwL.jpg,kennyshop39,in,,0,1,0,https://x.com/undefined/status/1935170148811620776,1553320093387333633,,
1935136667444351278,Wed Jun 18 00:46:04 +0000 2025,2,First spray langsung kecium wangi fresh fruity dari bergamot apple &amp; lemonnya tapi cuma dikit aja menurutku Aroma manis &amp; spicy dari amber &amp; patchoulinya lebih dominan disusul aroma woody dari cedarwood dan slighty rose &amp; muguet. https://t.co/prjjUMiqPf,1935136897430626625,https://pbs.twimg.com/media/Gtr8wBbbIAAI4kb.jpg,yubbeee,in,,0,1,0,https://x.com/undefined/status/1935136897430626625,1470474753349599238,,
1934922361427611682,Tue Jun 17 13:21:46 +0000 2025,1,Monacruz Parfume Dark Lucifer Woody EDP varian parfume terbaru dengan karakter aroma yang hangat dan lembut. Mencerminkan kemewahan yang elegan dan berkelas https://t.co/MwmM9DfMnT https://t.co/4cmH52I1v5,1934964690368798981,https://pbs.twimg.com/amplify_video_thumb/1934964608638607360/img/VokntNwwaR-Kfb7M.jpg,AreaCakung,in,,0,1,0,https://x.com/undefined/status/1934964690368798981,776714426904784896,,
1934879283077632231,Tue Jun 17 07:42:52 +0000 2025,1,Nih breakdown notes-nya buat kalian yang penasaran: - Top Notes: Citrus yang zesty bikin opening-nya fresh abis. - Middle Notes: Jasmine sama Ambroxan ngasih aroma floral yang clean. - Base Notes: Musk sama woody vibes bikin akhirnya warm tapi ngga berat. https://t.co/MH8DNcqwgF,1934879402275619032,https://pbs.twimg.com/media/GtoSjd9a0AE7871.jpg,glazeshine_,in,,0,1,0,https://x.com/undefined/status/1934879402275619032,1729395345317306368,,
1934644073371234720,Tue Jun 17 04:40:46 +0000 2025,0,Monacruz Parfume Dark Lucifer Woody EDP varian parfume terbaru dengan karakter aroma yang hangat dan lembut. Mencerminkan kemewahan yang elegan dan berkelas https://t.co/MwmM9DfMnT https://t.co/47cGA68bvx,1934833574634717510,https://pbs.twimg.com/amplify_video_thumb/1934833509270700032/img/f1xXOEFmyWV3j6nA.jpg,AreaCakung,in,,0,1,0,https://x.com/undefined/status/1934833574634717510,776714426904784896,,
1934763657881407677,Tue Jun 17 00:02:58 +0000 2025,10, Lakescent - Someday will rise https://t.co/6vdtoERnya aroma nya tuh bikin lo ngasi kesan misterius fresh spicy~ a little bit woody ️ feels like keluar dari restoran kayu habis hujan~ maskulin &amp; nostalgic️,1934763663984087075,,isfunnyyyy,in,,0,1,0,https://x.com/undefined/status/1934763663984087075,1095314552424607744,,
1934584727505408163,Mon Jun 16 13:48:24 +0000 2025,2,@gemilang2030 @A_nithaa G bakal mungkin ka berandai pen nyium aroma wangi woody nya ,1934609004250235283,,gemilang2030,in,,0,1,0,https://x.com/undefined/status/1934609004250235283,1855944505641541632,,
1934582217679728854,Mon Jun 16 12:39:04 +0000 2025,0,@ohmy_beautybank selain lagi suka wewangian aroma bunga suka juga wangi yg elegan gini manis tapi kek woody gtu https://t.co/yPGDnEz5WC,1934591556855746884,,ohmy_beautybank,in,,0,0,0,https://x.com/undefined/status/1934591556855746884,1922933665967009792,,
1934477458360950951,Mon Jun 16 05:05:41 +0000 2025,0,Raga Extrait Parfume parfum pria dgn aroma spicy amber woody yg kuat &amp; maskulin cocok utk acara khusus yg berkesan memiliki komposisi ginger woodsy notes &amp; bourbon vanilla yg memberikan kesan elegan &amp; modern diskon 55% gratis ongkir harga Rp27.000. https://t.co/lEbjFf9twz https://t.co/AlHkqRxYPK,1934477458360950951,https://pbs.twimg.com/media/Gtik_zGbUAA0ADY.jpg,,in,,1,0,0,https://x.com/undefined/status/1934477458360950951,1675466918206242816,,
1934475590628958694,Mon Jun 16 04:58:16 +0000 2025,0,Laras Extrait Parfume Sweet Woody intensitas segar yg menambah kilau pada aroma ikonik wewangian ultra feminin yg lembut menampilkan dasar bunga &amp; jg pedas dgn aroma bunga persik yg berbuih dptkan diskon 55% gratis ongkir harga Rp 27.000 order : https://t.co/sXBya17KPR https://t.co/G7WzSfA11T,1934475590628958694,https://pbs.twimg.com/media/GtijTDRaMAAdkjY.jpg,,in,,1,0,0,https://x.com/undefined/status/1934475590628958694,1675466918206242816,,
1934473365575856574,Mon Jun 16 04:49:25 +0000 2025,0,Elif Extrait Parfume Fresh Marine diskon 55% gratis ongkir dptkan aroma segarnya laut/marine citrus woody &amp; aquatic yg akan memberikan kesan energik &amp; menyegarkan harga Rp 27.000 kemasan 35 mili order : https://t.co/n7E7Y1wxSo https://t.co/4XuEUW5GeD,1934473365575856574,https://pbs.twimg.com/media/GtihRh7bwAA_oW_.jpg,,in,,1,0,0,https://x.com/undefined/status/1934473365575856574,1675466918206242816,,
1934467186166522029,Mon Jun 16 04:24:52 +0000 2025,0,Kalo mau beli klik aja PARFUM VIRAL BELI 1 DAPAT 4 MR CRSH HRNY STAYCATION SIDE EFFECT AROMA COWOK CEWEK Woody Perempuan Fruity Uniseks https://t.co/qpAXemFG3a,1934467186166522029,,,in,,0,0,0,https://x.com/undefined/status/1934467186166522029,1899384442621419520,,
1932730188573651357,Sun Jun 15 15:23:31 +0000 2025,0,@saffnco Ada 7 Aroma Kirithra manis lembut tp ada hint woody nya. Utk penyuka aroma mewah cocok banget nih dicoba ,1934270553495625925,,saffnco,in,,0,0,0,https://x.com/undefined/status/1934270553495625925,1172057056829829120,,
1934230942748676111,Sun Jun 15 12:46:07 +0000 2025,0,Kenangan nya sih udah mulai ilang tapi parfum nya damn... Tiap ada yg pke jadi keinget wangi aroma tubuh nya dia sehari-hari,1934230942748676111,,,in,,0,0,0,https://x.com/undefined/status/1934230942748676111,1795779203281104896,,
1933868320996164054,Sat Jun 14 12:45:11 +0000 2025,0,Jadi makin elegan dan standout saat ngantor dengan aroma Woody dari Napoleon EDP Navy! #NapoleonforMen #Gentlemenschoice #MenWithClass #NapoleonEauDePerfume #Perfume #Fragrance https://t.co/mBPDPcrTzj,1933868320996164054,https://pbs.twimg.com/media/GtZ6-r0bAAIA9zw.jpg,,in,,0,0,0,https://x.com/undefined/status/1933868320996164054,1602888359046959104,,
1933806036949061674,Sat Jun 14 08:37:45 +0000 2025,2, Verites After the rain aslinya aku suka tipikal parfum yang manis tapi ternyata aku suka sama aroma woody dari parfum ini&lt;3 wanginya tuh soft dan nyaman cocok buat kegiatan outdoor/indoor https://t.co/IFQJDncC7z https://t.co/hjuxBqt5om,1933806051784294578,https://pbs.twimg.com/media/GtZCWZHagAANAyj.jpg,carpacciosalm,in,,0,1,0,https://x.com/undefined/status/1933806051784294578,1723229787056173056,,
1933765737287684336,Sat Jun 14 05:58:15 +0000 2025,1,pecinta aroma floral spicy yg seger jadi woody musky yang elegan~ lo wajib coba ini sih! ‼️cuss checkout kapan lagi under 200k lo udh bisa cobain wangi wangi yg memorable ‼️,1933765911368118307,,isfunnyyyy,in,,0,0,0,https://x.com/undefined/status/1933765911368118307,1095314552424607744,,
1933062098113937827,Fri Jun 13 16:10:26 +0000 2025,6,@yunkitang gendhis manis bgt lebih ke aroma kopi rose &amp; caramel (jgn pke siang sih menurutku) wengi best parfume baunya white floral dry downnya ada vanillaish tp tipis bgt. msh bisa dipake siang loro tuh kek parfum lelaki cik ak kurang suka. too woody,1933557583526481964,,yunkitang,in,,0,1,0,https://x.com/undefined/status/1933557583526481964,1292321502436630529,,
1933515989087367627,Fri Jun 13 13:25:09 +0000 2025,25,DC! Tebak yuk kira-kira mereka pake parfum yg wanginya apa ya? Misal Kaito pake yg aroma musky gitu atau Shu pake yg aroma woody gitu. Just for fun yaw https://t.co/TOUHqHnSmV,1933515989087367627,https://pbs.twimg.com/media/GtU6i2VWAAA7qLq.jpg,,in,,3,7,1,https://x.com/undefined/status/1933515989087367627,1800642090868563968,,
1933511666966409407,Fri Jun 13 13:24:26 +0000 2025,0,@padangmenfess maleali enakk. aroma woody dan spices ga manis,1933515807990166016,,padangmenfess,in,,0,0,0,https://x.com/undefined/status/1933515807990166016,1828929680013176832,,
1932977816309805493,Fri Jun 13 06:59:22 +0000 2025,0,REKOMENDASI PARFUM WANITA wangi floral Scentplus - Pro Player Her https://t.co/XxDUmGjYX2 Pepaduan sweet fruity buah dan fresh bunga Ada aroma vanilla woody diakhir Kasi vibes cewek elegant dan mahal Wanginya awet dan tahan lama Cocok dipake malam hari / dinner https://t.co/VWpVj5kf2s,1933418905751666748,https://pbs.twimg.com/media/GtTiPmcaUAAh5js.jpg,osengpetehek,in,,0,0,0,https://x.com/undefined/status/1933418905751666748,1580894513572507653,,
1933389053032083968,Fri Jun 13 05:01:57 +0000 2025,0, Tipe aroma: Floral Woody Top notes: Calabrian Bergamot Orange Blossom Luxury Essenza Tuscan Wood Ukuran: 50 ml Harga Spesial Premiere: Dari Rp779.000 Diskon 45% jadi cuma Rp429.000 - https://t.co/JqrIYhqA7Y,1933389355760189843,https://pbs.twimg.com/media/GtTHXlQbMAEus_l.jpg,thermopollin,in,,0,1,0,https://x.com/undefined/status/1933389355760189843,64068192,,
1933389053032083968,Fri Jun 13 05:00:45 +0000 2025,0, Giordani Gold Essenza Parfum Parfum mewah dengan wangi floral woody yang elegan dan tahan lama. Kini hadir dengan desain botol baru yang lebih cantik berwarna emas! Mengandung Orange Blossom Luxury Essenza® yang eksklusif dipadukan dengan aroma Calabrian Bergamot dan kayu https://t.co/BwjIm1Bwlu,1933389053032083968,https://pbs.twimg.com/media/GtTHGCuaEAA80Vi.jpg,,in,,0,1,0,https://x.com/undefined/status/1933389053032083968,64068192,,
1933191895406264817,Thu Jun 12 23:44:26 +0000 2025,0,Monacruz Parfume Dark Lucifer Woody EDP varian parfume terbaru dengan karakter aroma yang hangat dan lembut. Mencerminkan kemewahan yang elegan dan berkelas https://t.co/i8j4ErpM02 https://t.co/GgVWzDMPfC,1933309447734243820,https://pbs.twimg.com/amplify_video_thumb/1933309372459069442/img/Wgxb8TumLMXsDApQ.jpg,coyquet,in,,0,0,0,https://x.com/undefined/status/1933309447734243820,4673819839,,
1933110973403156659,Thu Jun 12 16:09:49 +0000 2025,1,Monacruz Parfume Dark Lucifer Woody EDP varian parfume terbaru dengan karakter aroma yang hangat dan lembut. Mencerminkan kemewahan yang elegan dan berkelas https://t.co/MwmM9DfMnT https://t.co/st0jSjXIA4,1933195042547716514,https://pbs.twimg.com/amplify_video_thumb/1933194967255838721/img/vayVLKyLgCSqG6ED.jpg,AreaCakung,in,,0,1,0,https://x.com/undefined/status/1933195042547716514,776714426904784896,,
1932730188573651357,Thu Jun 12 14:14:11 +0000 2025,0,@saffnco Ada 7 MinCo. Parfum ini memiliki aroma yang kompleks dan seimbang dengan kesan floral woody dan ambery. KIRITHRA menawarkan pengalaman wewangian yang mewah dan sensual dengan aroma yang dimulai dari manisnya sidr honey kesegaran clementine dan sentuhan smoky dari birch tar,1933165941548003613,,saffnco,in,,0,0,0,https://x.com/undefined/status/1933165941548003613,1508691756040171520,,
1933142453609222316,Thu Jun 12 12:58:14 +0000 2025,3,ngomongin wanginya ini termasuk tipe aku. krn main accordsnya ada di white floral &amp; fruity lalu yg kecium setelah itu aku notice wangi woody dan ada aroma lautnya tp jujur walaupun notes nya floral &amp; fruity ini beneran wangi unisex cleans type https://t.co/dgaQIwm7k0 https://t.co/H231g9IZ6K,1933146829455298569,https://pbs.twimg.com/media/GtPqyZzakAAyN-Z.jpg,moondayily,in,,0,1,0,https://x.com/undefined/status/1933146829455298569,1493988399300354048,,
1933144378442383574,Thu Jun 12 12:48:30 +0000 2025,0,Temukan Holymoly Parfum BLACK XS - Parfum Pria Wanita Tahan Lama Aroma Seger Citrus Woody Maskulun Inspired Black XS | Parfume Perfume Farfum Minyak Wangi EDP seharga Rp50.350. Dapatkan sekarang juga di Shopee! https://t.co/VCbl96uezb,1933144378442383574,,,in,,0,0,0,https://x.com/undefined/status/1933144378442383574,251598820,,
1933007551999967542,Thu Jun 12 03:45:57 +0000 2025,0,Monacruz Parfume Dark Lucifer Woody EDP varian parfume terbaru dengan karakter aroma yang hangat dan lembut. Mencerminkan kemewahan yang elegan dan berkelas https://t.co/MoXhS8Ksdx https://t.co/WHLgeAQFTu,1933007839393722386,https://pbs.twimg.com/amplify_video_thumb/1933007771089465344/img/WIisXwSvXgoolxCh.jpg,karinayusz,in,,0,1,0,https://x.com/undefined/status/1933007839393722386,520791992,,
1932730188573651357,Thu Jun 12 00:36:35 +0000 2025,0,@saffnco Ada 7 KIRITHRA Karena sering mantengin sosmed nya saffnco jadi tau kalo kirithra ini terinspirasi dari madu. Menghasilkan aroma yang kaya manis lembut dan ada floral serta woody. Kalau menang akan ku persembahkan parfume ini buat kakak perempuanku https://t.co/D0pjbOR8TD,1932960185188037062,https://pbs.twimg.com/media/GtNBC0hbwAAmOkt.jpg,saffnco,in,,0,0,0,https://x.com/undefined/status/1932960185188037062,458265779,,
1932828951900270762,Wed Jun 11 23:42:25 +0000 2025,0,Monacruz Parfume Dark Lucifer Woody EDP varian parfume terbaru dengan karakter aroma yang hangat dan lembut. Mencerminkan kemewahan yang elegan dan berkelas https://t.co/i8j4ErpM02 https://t.co/w6ipPGXlS6,1932946555247739375,https://pbs.twimg.com/amplify_video_thumb/1932946491150381056/img/r-sdU5SmgqqEnt0Y.jpg,coyquet,in,,0,1,0,https://x.com/undefined/status/1932946555247739375,4673819839,,
1932712646157217963,Wed Jun 11 22:54:22 +0000 2025,2,DAHLIA PEWANGI RUANGAN https://t.co/gyZNWUMQAM https://t.co/vdiCq2We2m dahlia heritage cendana padasmana ini wanginya tuh calm tapi dalem ada kesan woody yang warm banget cocok buat yang suka aroma maskulin klasik tapi ga nyengat sementara teh keraton tuh aromanya https://t.co/t2wkZS7fBQ,1932934461886460093,https://pbs.twimg.com/media/GtMppHGbMAMOI8e.jpg,roselymarchela,in,,0,1,0,https://x.com/undefined/status/1932934461886460093,1926811093,,
1932715255144312833,Wed Jun 11 22:53:59 +0000 2025,2,DAHLIA PEWANGI RUANGAN https://t.co/gyZNWUMQAM https://t.co/vdiCq2We2m dahlia heritage cendana padasmana ini wanginya tuh calm tapi dalem ada kesan woody yang warm banget cocok buat yang suka aroma maskulin klasik tapi ga nyengat sementara teh keraton tuh aromanya https://t.co/UIAGGt5ds6,1932934364343775649,https://pbs.twimg.com/media/GtMpjaSbMAEJuVS.jpg,roselymarchela,in,,0,1,0,https://x.com/undefined/status/1932934364343775649,1926811093,,
1932016953717354854,Wed Jun 11 19:31:11 +0000 2025,0,@stjarnadorothea @kdrama_menfess Chamo Tamburins ini parfum unisex kak. Aroma floral woody ada musky nya. Aromanya bikin nyaman tenang (chamomile) hangat. Elegan gt kak wanginya. Wangi bgt gilaaa ini aja aku sambil semprot pas deskripsi in si chamo ,1932883327171899773,,stjarnadorothea,in,,0,2,0,https://x.com/undefined/status/1932883327171899773,1155424444736630784,,
1932730188573651357,Wed Jun 11 16:05:50 +0000 2025,0,@saffnco Ada 7. Karena sering mantengin sosmed nya saffnco jadi tau kalo kirithra ini terinspirasi dari madu. Menghasilkan aroma yang kaya manis lembut dan ada floral serta woody. Dari kandungan parfum nya aja kebayang sih sebuah simfoni aroma yang memukau ,1932831650364477592,,saffnco,in,,0,1,0,https://x.com/undefined/status/1932831650364477592,326011038,,
1932730188573651357,Wed Jun 11 09:54:03 +0000 2025,0,@saffnco Ada 6+1 yg dipegang teh Widi. Kirithra/honey comb starting with wangi manis madu mix seger citrus trs aroma mawar melati spicy-musky-woody dari akigalawood georgywood patchouli n cashmer. Feels like lagi di kebun bunga yg ada pohon bidara dg sarang madu cocok dipake indoor. https://t.co/FLwk7Iv8X2,1932738090097156604,https://pbs.twimg.com/media/GtJ3DOXbMAIcv4a.jpg,saffnco,in,,0,1,0,https://x.com/undefined/status/1932738090097156604,493859040,,
1932730188573651357,Wed Jun 11 09:47:27 +0000 2025,0,@saffnco Ada 7 Kirithra Sesuai review yg aku baca ada warm scent woody dan ambery. Wangi aroma hangat yang elegant dan classy ️,1932736426346762424,,saffnco,in,,0,0,0,https://x.com/undefined/status/1932736426346762424,1783368667662807040,,
1932648989104783741,Wed Jun 11 04:00:00 +0000 2025,0, Extrait de Parfum - Fragrance Korean Series Yeonhwa creamy sweet kayak dessert Korea Hwarang woody &amp; fresh aroma cowok cool Bora unisex vibes temen jalan yang pas banget #haeunbeauty #extraitdeparfum https://t.co/RReHe3gYBh,1932648989104783741,https://pbs.twimg.com/amplify_video_thumb/1932636318934441984/img/f0VSAtt8WsFvnyZP.jpg,,in,,0,0,0,https://x.com/undefined/status/1932648989104783741,942914937361391616,,
1932469618410651903,Tue Jun 10 23:07:03 +0000 2025,0,Monacruz Parfume Dark Lucifer Woody EDP varian parfume terbaru dengan karakter aroma yang hangat dan lembut. Mencerminkan kemewahan yang elegan dan berkelas https://t.co/i8j4ErpM02 https://t.co/ZtWxdiqVCs,1932575264770592971,https://pbs.twimg.com/amplify_video_thumb/1932575170272899074/img/SxXPVAO2m3Z-vt6r.jpg,coyquet,in,,0,1,0,https://x.com/undefined/status/1932575264770592971,4673819839,,
1932397241362534413,Tue Jun 10 11:19:39 +0000 2025,0,Minyak Wangi Tahan Lama 24 Jam Omnia Amethyst3 Parfum Perempuan Non Alcohol Aroma Fruity Bunga Woody https://t.co/BoXxM3oRKs,1932397241362534413,,,in,,0,0,0,https://x.com/undefined/status/1932397241362534413,1154176156330946560,,
1932291222200307806,Tue Jun 10 04:25:57 +0000 2025,141,OP menambahkan kalau wangi Seunghan terasa seperti aroma Woody atau bau kayu gitu. Katanya waktu dia lagi nunggu lampu merah dia kelihatan senang banget sampai loncat-loncat muter-muter gitu katanya #승한 #SEUNGHAN #スンハン #承汉,1932293129866231982,,SEUNGHAN_ID,in,,61,2,29,https://x.com/undefined/status/1932293129866231982,1542921440130785281,,
1932273347867664877,Tue Jun 10 03:07:20 +0000 2025,0,Cek Harsa - Signature Man Parfume Pria Aroma Fresh Woody Powdery Citrus dengan harga Rp51.168. Dapatkan di Shopee sekarang! https://t.co/7zsNMDvAHH https://t.co/ouTRBwEkXK,1932273347867664877,https://pbs.twimg.com/media/GtDQXrFacAA05dA.jpg,,in,,0,0,0,https://x.com/undefined/status/1932273347867664877,1846622878328041472,,
1932033288946041203,Mon Jun 09 12:39:59 +0000 2025,2,Ini tuh tipe parfum yg fresh soft &amp; powdery. Openingnya cukup semerbak fresh citrus. Tpi lama muncul wangi jasmine yg soft trus ngeblend sma aroma woody &amp; sdkit vanilla. Sensasi wanginya tuh hangat skaligus elegan tpi ga bkin eneg/pusing ada sense maskulin jga di akhir. https://t.co/fw8tIbYtSh,1932055070667096285,https://pbs.twimg.com/media/GtAJ1tGbsAAuYYR.jpg,irwanyns,in,,0,1,0,https://x.com/undefined/status/1932055070667096285,890150426,,
1932048608951726181,Mon Jun 09 12:27:25 +0000 2025,0,@ccliawrr Call me Vioo.. Biar tidak susah.. Mmmm sukaaa bangeet. Lagi suka parfum yang aroma Woody?,1932051907977379850,,ccliawrr,in,,0,1,0,https://x.com/undefined/status/1932051907977379850,2758662784,,
1932033288946041203,Mon Jun 09 11:13:26 +0000 2025,537,Hidden gem parfum lokal unik Wangi jasmine tapi gak horror ‍↔️ perpaduan aroma citrus-jasmine-woody. wanginya fresh tpi soft ENAKKK bgttt!! https://t.co/OG3vTGip3h,1932033288946041203,https://pbs.twimg.com/media/Gs_2CA1agAAH0du.jpg,,in,,20,42,457,https://x.com/undefined/status/1932033288946041203,890150426,,
1932009536920883593,Mon Jun 09 09:39:03 +0000 2025,0,Parfum paling laris dari Aerostreet ini memiliki dua ukuran yang dijual mulai dari Rp 30 ribu. Dari aroma segar manis hingga woody. https://t.co/P9KGsSpdHE,1932009536920883593,,,in,,0,0,0,https://x.com/undefined/status/1932009536920883593,1404018642,,
1931939636655608045,Mon Jun 09 05:01:17 +0000 2025,143,MY DAY &amp; NIGHT PERFUME Keduanya pas banget dipakai bergantian! Kalau pagi aku suka aroma floral yang soft &amp; aroma fresh citrus - woody buat malam. https://t.co/77VrG6IhLs,1931939636655608045,https://pbs.twimg.com/media/Gs-g2zobsAANMj7.jpg,,in,,9,25,112,https://x.com/undefined/status/1931939636655608045,1513003498186887168,,
1931905594371494064,Mon Jun 09 02:46:23 +0000 2025,0,Monacruz Parfume Dark Lucifer Woody EDP varian parfume terbaru dengan karakter aroma yang hangat dan lembut. Mencerminkan kemewahan yang elegan dan berkelas https://t.co/xY2HA2yoWi https://t.co/euQosDAcwE,1931905687992562068,https://pbs.twimg.com/amplify_video_thumb/1931905610897072128/img/zUTAay1ZdasNwo0q.jpg,dinossorry,in,,0,1,0,https://x.com/undefined/status/1931905687992562068,1068431395,,
1931737980575859053,Sun Jun 08 19:27:58 +0000 2025,2,Parfum Monacruz Dark Lucifer Woody EDP varian parfume terbaru dengan karakter aroma yang hangat dan lembut. Mencerminkan kemewahan yang elegan dan berkelas Link : https://t.co/MwmM9DfMnT https://t.co/0IoDyRZwRa,1931795353814376548,https://pbs.twimg.com/amplify_video_thumb/1931795285174636544/img/cTIi2jvbAgSn0Qe-.jpg,AreaCakung,in,,0,1,0,https://x.com/undefined/status/1931795353814376548,776714426904784896,,
1931736739036717460,Sun Jun 08 15:35:52 +0000 2025,1,Monacruz Parfume Dark Lucifer Woody EDP varian parfume terbaru dengan karakter aroma yang hangat dan lembut. Mencerminkan kemewahan yang elegan dan berkelas https://t.co/i8j4ErpM02 https://t.co/07NnlDK78e,1931736945341940080,https://pbs.twimg.com/amplify_video_thumb/1931736876748279810/img/KUTtR84TnquiD02a.jpg,coyquet,in,,0,1,0,https://x.com/undefined/status/1931736945341940080,4673819839,,
1931715781345349976,Sun Jun 08 14:11:46 +0000 2025,0,finally ada parfum yg wanginya woody spicy &amp; sweet nya nyatu bgt!!! dry down nya soft dan aroma manisnya tuh ga bikin pusing. luvvvv bgt!! cuss cobain mumpung masih diskon harga launching https://t.co/BSlazeVEQu https://t.co/KkNY6Rg2OA https://t.co/35CJhhU7Ae,1931715781345349976,https://pbs.twimg.com/media/Gs7VQM9aIAAJ25H.jpg,,in,,0,0,0,https://x.com/undefined/status/1931715781345349976,1834162557126672386,,
1931632147816993065,Sun Jun 08 08:39:26 +0000 2025,0,Woody dan resinous dari cedarwood dengan sentuhan jasmine yang elegan. Aroma lembut hangat gitu sih.,1931632147816993065,,,in,,0,0,0,https://x.com/undefined/status/1931632147816993065,1871543548912467969,,
1931430489442894202,Sat Jun 07 19:18:07 +0000 2025,0,Cek Parfum premium cowo tahan lama 24jam edp premium 35ml terlaris banyak pilihan aroma Woody dengan harga Rp12.900. Dapatkan di Shopee sekarang! https://t.co/74J1WOq0zh https://t.co/dK6Gs2oqJD,1931430489442894202,https://pbs.twimg.com/media/Gs3RyvObAAA5JIm.jpg,,in,,0,0,0,https://x.com/undefined/status/1931430489442894202,1912897595623849984,,
1931382402280247683,Sat Jun 07 18:25:45 +0000 2025,0,Monacruz Parfume Dark Lucifer Woody EDP varian parfume terbaru dengan karakter aroma yang hangat dan lembut. Mencerminkan kemewahan yang elegan dan berkelas https://t.co/MwmM9DfMnT https://t.co/W7hLBBRm6l,1931417309832413489,https://pbs.twimg.com/amplify_video_thumb/1931417243512123392/img/caSWU8N1eNC6ipIS.jpg,AreaCakung,in,,0,1,0,https://x.com/undefined/status/1931417309832413489,776714426904784896,,
1931016124214489161,Fri Jun 06 19:26:27 +0000 2025,0,Monacruz Parfume Dark Lucifer Woody EDP varian parfume terbaru dengan karakter aroma yang hangat dan lembut. Mencerminkan kemewahan yang elegan dan berkelas https://t.co/JlDYxusTPk https://t.co/JCYh15mOde,1931070196451795152,https://pbs.twimg.com/amplify_video_thumb/1931070132224466944/img/ybvFsS8iAZFKZA9U.jpg,Agen_Jajan,in,,0,1,0,https://x.com/undefined/status/1931070196451795152,1462613960,,
1931014602328031441,Fri Jun 06 15:47:27 +0000 2025,0,Monacruz Parfume Dark Lucifer Woody EDP varian parfume terbaru dengan karakter aroma yang hangat dan lembut. Mencerminkan kemewahan yang elegan dan berkelas https://t.co/MwmM9DfMnT https://t.co/LcThJdatAR,1931015086707196214,https://pbs.twimg.com/amplify_video_thumb/1931015005807501312/img/AYT5Te5m7o9GVLIA.jpg,AreaCakung,in,,0,1,0,https://x.com/undefined/status/1931015086707196214,776714426904784896,,
1931006752809693432,Fri Jun 06 15:14:20 +0000 2025,0,Cek Nony Perfume - Parfum Aigner Blue Emotion - Parfum Pria Tahan Lama Aroma Fresh Cool Maskulin Woody dengan harga Rp48.950. Dapatkan di Shopee sekarang! https://t.co/p3IbAWV2iI https://t.co/GpnC42bI35,1931006752809693432,https://pbs.twimg.com/media/GsxQZ91awAAMVRU.jpg,,in,,0,0,0,https://x.com/undefined/status/1931006752809693432,1779721811514802176,,
1930864594861588575,Fri Jun 06 05:49:27 +0000 2025,0,CALLUNA Parfum Woody Bundling 30ml Unisex Pria Wanita Aroma Segar Maskulin Best Seller Tahan Lama Fresh dengan harga Rp98.000. Dapatkan di Shopee sekarang! https://t.co/AA9YTNLP4O https://t.co/P0VmEx8IkI,1930864594861588575,https://pbs.twimg.com/media/GsvPHcVa0AAJLiw.jpg,,in,,0,0,0,https://x.com/undefined/status/1930864594861588575,211111321,,
1930840587273691178,Fri Jun 06 04:14:03 +0000 2025,0,Cowok wajib punya ini. Aroma maskulin elegan dan tahan lama seharian. Armaf Club De Nuit Intense Man 105 mL EDT Tahan hingga 8+ jam Wangi fresh woody dan berkarakter Coba sendiri dan rasakan bedanya https://t.co/U16OKNXOJY #garagaraLazada https://t.co/iT89RrNVqg,1930840587273691178,https://pbs.twimg.com/media/Gsu5SCBbAAAL4Cl.jpg,,in,,0,1,0,https://x.com/undefined/status/1930840587273691178,1606662156325642240,,
1930632859502383325,Thu Jun 05 14:28:37 +0000 2025,0,Mencoba variant baru daiso perfume personally ak lbh suka yg no 02 omnia woody krn seger bgt kyk aroma pohon an gt klo no 06 vanila night lebih soft gt aromanya tp enak jg https://t.co/AQfOjmtyY1,1930632859502383325,https://pbs.twimg.com/media/Gsr8WI7aoAEpIK7.jpg,,in,,0,1,0,https://x.com/undefined/status/1930632859502383325,1174390904792047616,,
1930622347557654682,Thu Jun 05 13:46:51 +0000 2025,2,Disuruh full wear biar di maharin ni parfum Benar benar Niche parfum yang mass pleasing banget di mana transisi notes nya tuh halus banget dan yup ini kompleks banget aroma nya Bubble scent Woody Aromatic Floral Untuk SPL? Jangan di tanya jarak 2.meter masih keciuman https://t.co/Cx699WpFQs,1930622347557654682,https://pbs.twimg.com/media/GsryyWHawAEGeYa.jpg,,in,,0,1,0,https://x.com/undefined/status/1930622347557654682,1744664755841978368,,
1929899682811261052,Thu Jun 05 12:27:27 +0000 2025,3,Top: mandarin (green) mint orange (bitter) Middle: rosemary neroli Base: cashmeran sap (green) cedarwood Bayangin pakai parfum ini sambil liat sunset di pinggir pantai. Fresh aromatic woody mixed jadi aroma yg menenangkan. https://t.co/m5zJm9UvI5,1930602365952127208,https://pbs.twimg.com/media/GsrgnhSa4AACssC.jpg,mbaditaaa,in,,0,1,0,https://x.com/undefined/status/1930602365952127208,1346080130,,
1929899682811261052,Thu Jun 05 12:22:42 +0000 2025,36,EXTRAIT DE PERFUME VERITES ADA 6 VARIAN BTW. Santorini Sunset ga kalah fresh. Spicy dan citrusy https://t.co/8F2oBNghbj Awal spray aroma fresh mandarin orange bitter orange mint. Rosemary kasih kesan aromatic untuk dry downnya aroma woody tipis. https://t.co/RFVkh1WdzJ,1930601170701275604,https://pbs.twimg.com/media/GsrfiCsa8AAMozf.jpg,mbaditaaa,in,,0,1,35,https://x.com/undefined/status/1930601170701275604,1346080130,,
1930440726380458439,Thu Jun 05 01:45:09 +0000 2025,2,Suka banget sama aroma parfum yg manis lembut woody ,1930440726380458439,,,in,,0,0,0,https://x.com/undefined/status/1930440726380458439,1797276143537844224,,
1930436166408647110,Thu Jun 05 01:32:25 +0000 2025,1,4. Nautica Voyage EDT Parfum woody aquatic ini punya wangi yang fresh aroma linear dengan nuansa mentimun cocok dipakai di siang hari dipakai di pusat kebugaran acara santai dan kantor. Tahan kurang lebih 6-7 jam. https://t.co/loXPmuCDcE https://t.co/Rafd8DJUqz,1930437519541448875,,ayanamasaha,in,,0,1,0,https://x.com/undefined/status/1930437519541448875,1692090059640778753,,
1930436166408647110,Thu Jun 05 01:30:36 +0000 2025,1,2. Armaf Tag Him EDP Masih di seputaran Woody Spicy fragrance klon dari Bleu De Chanel. Punya wangi yang fresh dan clean aroma citrus menguar di awal lalu ke aroma woody spicy yang menyenangkan sayangnya tidak cukup tahan lama sekitar 5 jam-an. https://t.co/lIuRK7t3hb,1930437063910011285,,ayanamasaha,in,,0,1,0,https://x.com/undefined/status/1930437063910011285,1692090059640778753,,
1930436166408647110,Thu Jun 05 01:29:42 +0000 2025,2,1. Armaf club de nuit: Parfum Woody Spicy ini dibuka dengan wangi lemon yang bak nuklir transisi dari aroma smoky- frutiness di pertengahan ke aroma manis musky dan earthy ini cukup luar biasa. https://t.co/zfAJk0sfR2,1930436836972998717,https://pbs.twimg.com/media/GspKEqfasAMSO1c.jpg,ayanamasaha,in,,0,1,0,https://x.com/undefined/status/1930436836972998717,1692090059640778753,,
1930289519242424625,Thu Jun 05 00:36:15 +0000 2025,0,Monacruz Parfume Dark Lucifer Woody EDP varian parfume terbaru dengan karakter aroma yang hangat dan lembut. Mencerminkan kemewahan yang elegan dan berkelas https://t.co/JlDYxusTPk https://t.co/wOULeiSF1k,1930423387480043954,https://pbs.twimg.com/amplify_video_thumb/1930423305900900352/img/IHzeYnUrtJChML1Y.jpg,Agen_Jajan,in,,0,1,0,https://x.com/undefined/status/1930423387480043954,1462613960,,
1930287386514338304,Wed Jun 04 15:35:50 +0000 2025,0,Cek Nony Perfume - Parfum Aigner Blue Emotion - Parfum Pria Tahan Lama Aroma Fresh Cool Maskulin Woody dengan harga Rp33.000. Dapatkan di Shopee sekarang! https://t.co/T9ChhzZGYP https://t.co/Rsw6Hx0Zad,1930287386514338304,https://pbs.twimg.com/media/GsnCJIzasAQr3Um.jpg,,in,,0,0,0,https://x.com/undefined/status/1930287386514338304,1708401939892117504,,
1930287334605631628,Wed Jun 04 15:35:38 +0000 2025,0,Cek Nony Perfume - Parfum Aigner Blue Emotion - Parfum Pria Tahan Lama Aroma Fresh Cool Maskulin Woody dengan harga Rp33.000. Dapatkan di Shopee sekarang! https://t.co/T9ChhzZGYP https://t.co/n9ETWIb7qz,1930287334605631628,https://pbs.twimg.com/media/GsnCGBxacAAgr6_.jpg,,in,,0,0,0,https://x.com/undefined/status/1930287334605631628,1708401939892117504,,
1928314357844214131,Wed Jun 04 15:10:49 +0000 2025,0,@BMRORAA Hai Rora! Mmm kalau parfum jujur lagi cari-cari parfum baruu nih.. kamu ada saran aroma parfum enak yang unisex gaaaa? Biasanya parfumku wangi woody tapi. Besok mau coba aroma durian montong oke ga yaaa,1930281092462063822,,BMRORAA,in,,0,1,0,https://x.com/undefined/status/1930281092462063822,773912539658878976,,
1930183060760526983,Wed Jun 04 11:13:35 +0000 2025,1,DAHLIA PEWANGI RUANGAN https://t.co/gyZNWUMiLe https://t.co/vdiCq2VGcO dahlia heritage cendana padasmana ini wanginya tuh calm tapi dalem ada kesan woody yang warm banget cocok buat yang suka aroma maskulin klasik tapi ga nyengat sementara teh keraton tuh aromanya https://t.co/q1huC8dkT3,1930221390440878405,https://pbs.twimg.com/media/GsmGHm8asAQHE05.jpg,roselymarchela,in,,0,1,0,https://x.com/undefined/status/1930221390440878405,1926811093,,
1930178039419425115,Wed Jun 04 11:13:13 +0000 2025,1,DAHLIA PEWANGI RUANGAN https://t.co/gyZNWUMQAM https://t.co/vdiCq2We2m dahlia heritage cendana padasmana ini wanginya tuh calm tapi dalem ada kesan woody yang warm banget cocok buat yang suka aroma maskulin klasik tapi ga nyengat sementara teh keraton tuh aromanya https://t.co/nDMMPqimY6,1930221297260474456,https://pbs.twimg.com/media/GsmGCCWasAU7nXS.jpg,roselymarchela,in,,0,1,0,https://x.com/undefined/status/1930221297260474456,1926811093,,
1929824601472995540,Wed Jun 04 08:03:53 +0000 2025,0,DAHLIA PEWANGI RUANGAN https://t.co/gyZNWUMiLe https://t.co/vdiCq2VGcO dahlia heritage cendana padasmana ini wanginya tuh calm tapi dalem ada kesan woody yang warm banget cocok buat yang suka aroma maskulin klasik tapi ga nyengat sementara teh keraton tuh aromanya https://t.co/M3ZOgiqeq3,1930173648393933051,https://pbs.twimg.com/media/GslasiDasAIi9CY.jpg,roselymarchela,in,,0,0,0,https://x.com/undefined/status/1930173648393933051,1926811093,,
1930074322166788505,Wed Jun 04 01:29:26 +0000 2025,0,dan ini detail notesnya. definisi wangi teh jasmine woody yg blendingnya pas dan aroma manisnya nggak too much. untuk pecinta wangi teh&amp;melati wajib coba!! https://t.co/mEwriBhSEz,1930074382371827965,https://pbs.twimg.com/media/GskAaQbasAglIyr.jpg,ulfah_pakeH,in,,0,0,0,https://x.com/undefined/status/1930074382371827965,1239933136189845504,,
1929896648228122980,Tue Jun 03 19:48:54 +0000 2025,4,Monacruz Parfume Dark Lucifer Woody EDP varian parfume terbaru dengan karakter aroma yang hangat dan lembut. Mencerminkan kemewahan yang elegan dan berkelas https://t.co/JlDYxusTPk https://t.co/DBMu8nNAof,1929988685921169446,https://pbs.twimg.com/amplify_video_thumb/1929988617902141446/img/RKMBssGAZGYF_AmF.jpg,Agen_Jajan,in,,0,1,0,https://x.com/undefined/status/1929988685921169446,1462613960,,
1929960705102631352,Tue Jun 03 17:57:43 +0000 2025,0,Cek Nony Perfume - Parfum Aigner Blue Emotion - Parfum Pria Tahan Lama Aroma Fresh Cool Maskulin Woody dengan harga Rp48.950. Dapatkan di Shopee sekarang! https://t.co/0ayrCnL7Aq https://t.co/bo6XnYY59P,1929960705102631352,https://pbs.twimg.com/media/GsiZCIGasAMqYrU.jpg,,in,,0,0,0,https://x.com/undefined/status/1929960705102631352,1850194729327378432,,
1929929050614837487,Tue Jun 03 16:12:07 +0000 2025,0,@AtmaOmeprazole Pakai Kak. Kebetulan pakai aroma woody sedikit ada lavender untuk menghindari nyamuk nakal juga sih.,1929934130218971248,,AtmaOmeprazole,in,,0,1,0,https://x.com/undefined/status/1929934130218971248,1784412592511021056,,
1929862481733997014,Tue Jun 03 11:27:25 +0000 2025,0,Hari ini baru keturutan buat tahu aroma Unke Naru by Nicsap yg rilis di 2023 lalu scr random udah masuk list sejak lama random bisa sedikit nyobain aromanya. Aromanya memang sesuai ekspektasi sangat Nicsap sekali yah yang pecinta alam dan membumi. Woody fresh tp manis calming,1929862481733997014,,,in,,0,0,0,https://x.com/undefined/status/1929862481733997014,1843710587739746305,,
1929853909763608972,Tue Jun 03 10:53:45 +0000 2025,1,Monacruz Parfume Dark Lucifer Woody EDP varian parfume terbaru dengan karakter aroma yang hangat dan lembut. Mencerminkan kemewahan yang elegan dan berkelas https://t.co/i8j4ErpM02 https://t.co/Z14ODwH86l,1929854011563454897,https://pbs.twimg.com/amplify_video_thumb/1929853944177766400/img/fVsMU_7szJd81oLy.jpg,coyquet,in,,0,1,0,https://x.com/undefined/status/1929854011563454897,4673819839,,
1929828644903702617,Tue Jun 03 09:13:00 +0000 2025,0,Terus tibalah gue sniffing varian Lost in Italian Sea kenapa gue suka karena ini aromanya clean tapi gak strong bikin mood pagi2 jadi asik. White musknya juga oke dan ada campuran aroma floral dan woody yang bikin gue langsung klik juga dengan varian ini. ️,1929828655532069163,,rst_prst,in,,0,1,0,https://x.com/undefined/status/1929828655532069163,38191240,,
1929817801969356832,Tue Jun 03 08:54:14 +0000 2025,29,DAHLIA PEWANGI RUANGAN https://t.co/h15cQdkqz3 https://t.co/pvAKHdtidB dahlia heritage cendana padasmana ini wanginya tuh calm tapi dalem ada kesan woody yang warm banget cocok buat yang suka aroma maskulin klasik tapi ga nyengat sementara teh keraton tuh aromanya https://t.co/qjKhJXc6HD,1929823931227054582,https://pbs.twimg.com/media/GsgcoYwb0AIQeW_.jpg,roselymarchela,in,,0,4,2,https://x.com/undefined/status/1929823931227054582,1926811093,,
1929779720432033850,Tue Jun 03 05:58:34 +0000 2025,9,Kapan pake FITUR? Gunakan saat target audiens: - Udah sadar masalahnya - Butuh info teknis/logis buat ambil keputusan - Lagi membandingkan beberapa merk produk Contoh produk parfum: Aroma parfumnya citrus woody dengan top note lemon dan bergamot. Tahan 6-8 jam.,1929779725553357024,,razantataa,in,,0,1,0,https://x.com/undefined/status/1929779725553357024,548998445,,
1929091421933318539,Tue Jun 03 05:11:58 +0000 2025,0,@topmarkotop21 @bertatapan Aku suka aroma Woody sama rose. Tapi itu kalo menurutmu itu lebih kuat aroma rosenya. Wanginya kalem banget sangat mudah di terima di hidung. Kalo bunganya itu kena air jadi kek lilin sih bukan sabun.,1929767996861698554,,topmarkotop21,in,,0,0,0,https://x.com/undefined/status/1929767996861698554,1330889448,,
1929739434146386004,Tue Jun 03 03:18:28 +0000 2025,0,Cek Parfum Pria Wanita Tahan Lama dan Wangi Aroma Woody premium Vanilla cake Edp 35 Ml dengan harga Rp12.900. Dapatkan di Shopee sekarang! https://t.co/2kRYegqGEg https://t.co/Dg1gFf47o7,1929739434146386004,https://pbs.twimg.com/media/GsfPydnb0AEExTj.jpg,,in,,0,0,0,https://x.com/undefined/status/1929739434146386004,1241534758577786880,,
1928314357844214131,Tue Jun 03 02:40:32 +0000 2025,1,@bahgchan salam kenal juga kak bangchan! aroma woody tuh kaya kayu di hutan-hutan gitu kah? kalo aku suka aroma yang kaya habis mandi terus pas lagi di pantai :3,1929729885989372122,,bahgchan,in,,0,1,0,https://x.com/undefined/status/1929729885989372122,949674775,,
1929564751337529433,Mon Jun 02 22:22:35 +0000 2025,0,Monacruz Parfume Dark Lucifer Woody EDP varian parfume terbaru dengan karakter aroma yang hangat dan lembut. Mencerminkan kemewahan yang elegan dan berkelas https://t.co/i8j4ErpM02 https://t.co/xM9p8g7BM1,1929664973493703015,https://pbs.twimg.com/amplify_video_thumb/1929664876492075008/img/xcyj-71w-d5uB4dH.jpg,coyquet,in,,0,1,0,https://x.com/undefined/status/1929664973493703015,4673819839,,
1929455153004044768,Mon Jun 02 08:28:50 +0000 2025,0,Cek LONKOOM Black Oud/ Rose Oud Woody isi 100ml Parfum Tahan Lama Aroma Fresh Segar | Soft Lembut untuk Cowok Cewek Unisex | Parfum Couple Suami Istri dengan harga Rp169.000. Dapatkan di Shopee sekarang! https://t.co/cxAwHjRzvn https://t.co/DKbCO7HQV8,1929455153004044768,https://pbs.twimg.com/media/GsbNO6SaoAAjcQk.jpg,,in,,0,0,0,https://x.com/undefined/status/1929455153004044768,1036422983194013696,,
1929435159012499723,Mon Jun 02 07:09:45 +0000 2025,0,Monacruz Parfume Dark Lucifer Woody EDP varian parfume terbaru dengan karakter aroma yang hangat dan lembut. Mencerminkan kemewahan yang elegan dan berkelas https://t.co/MoXhS8JUnZ https://t.co/mGnJ77vsVY,1929435250767122903,https://pbs.twimg.com/amplify_video_thumb/1929435183864012800/img/fVn4g6eVD3liZZph.jpg,karinayusz,in,,0,1,1,https://x.com/undefined/status/1929435250767122903,520791992,,
1929390749591711965,Mon Jun 02 04:12:55 +0000 2025,0,Cek Harsa - Signature Man Parfume Pria Aroma Fresh Woody Powdery Citrus dengan harga Rp55.965. Dapatkan di Shopee sekarang! https://t.co/Dw0JTPmx32 https://t.co/cRgznCB0ss,1929390749591711965,https://pbs.twimg.com/media/GsaSoxMasAAwRiJ.jpg,,in,,0,0,0,https://x.com/undefined/status/1929390749591711965,551744354,,
1929350083620868288,Mon Jun 02 01:55:06 +0000 2025,0,Dunhill Blue | EDP 30ML Parfum pria dgn aroma segar bersih dan maskulin fresh woody inspired by Dunhill Blue (Fresh). Cocok banget untuk aktivitas harian kerja atau santai. °Eau De Parfume (EDP) °30ml °ketahanan aroma: 6-8 jam https://t.co/iRPTpqySRs,1929356065801400689,https://pbs.twimg.com/media/GsZzHdkaEAAZnNK.jpg,inxpnity,in,,0,1,0,https://x.com/undefined/status/1929356065801400689,1098216603764719616,,
1929201726306787405,Sun Jun 01 20:09:24 +0000 2025,0,Monacruz Parfume Dark Lucifer Woody EDP varian parfume terbaru dengan karakter aroma yang hangat dan lembut. Mencerminkan kemewahan yang elegan dan berkelas https://t.co/JlDYxuslZM https://t.co/JO4aDxcUxY,1929269069154332824,https://pbs.twimg.com/amplify_video_thumb/1929268989634727936/img/ndu_Ke0JoCh4A3RU.jpg,Agen_Jajan,in,,0,1,0,https://x.com/undefined/status/1929269069154332824,1462613960,,
1929204852384571864,Sun Jun 01 15:54:58 +0000 2025,1,Monacruz Parfume Dark Lucifer Woody EDP varian parfume terbaru dengan karakter aroma yang hangat dan lembut. Mencerminkan kemewahan yang elegan dan berkelas https://t.co/i8j4Erpeau https://t.co/Ka8QQ76ik7,1929205036606791793,https://pbs.twimg.com/amplify_video_thumb/1929204953236852737/img/ZPE_9xm3NwmbV7H3.jpg,coyquet,in,,0,1,0,https://x.com/undefined/status/1929205036606791793,4673819839,,
1929109194063454650,Sun Jun 01 09:34:50 +0000 2025,3,Monacruz Parfume Dark Lucifer Woody EDP varian parfume terbaru dengan karakter aroma yang hangat dan lembut. Mencerminkan kemewahan yang elegan dan berkelas https://t.co/i8j4ErpM02 https://t.co/fUaD5mDhbI,1929109375421141075,https://pbs.twimg.com/amplify_video_thumb/1929109290599743488/img/zwjgciocGcu93U40.jpg,coyquet,in,,0,1,0,https://x.com/undefined/status/1929109375421141075,4673819839,,
1929017460524519682,Sun Jun 01 03:29:36 +0000 2025,0,Nony Perfume - Parfum Aigner Blue Emotion - Parfum Pria Tahan Lama Aroma Fresh Cool Maskulin Woody dengan harga Rp33.000 https://t.co/KXK1LzdxY7,1929017460524519682,https://pbs.twimg.com/media/GsU_FctaMAA4jLJ.png,,in,,0,1,0,https://x.com/undefined/status/1929017460524519682,1507734706208473102,,
1928837189313475041,Sat May 31 23:06:05 +0000 2025,0,Monacruz Parfume Dark Lucifer Woody EDP varian parfume terbaru dengan karakter aroma yang hangat dan lembut. Mencerminkan kemewahan yang elegan dan berkelas https://t.co/JlDYxuslZM https://t.co/8wuhTDsmlq,1928951141682778352,https://pbs.twimg.com/amplify_video_thumb/1928951042361929728/img/gK8_YkK4HmikqYm7.jpg,Agen_Jajan,in,,0,1,0,https://x.com/undefined/status/1928951141682778352,1462613960,,
1928838199121686958,Sat May 31 15:38:17 +0000 2025,2,Monacruz Parfume Dark Lucifer Woody EDP varian parfume terbaru dengan karakter aroma yang hangat dan lembut. Mencerminkan kemewahan yang elegan dan berkelas https://t.co/i8j4Erpeau https://t.co/30f3tn3Uyp,1928838450620318047,https://pbs.twimg.com/amplify_video_thumb/1928838378348597248/img/v97QC3Yt9DJpkrha.jpg,coyquet,in,,0,1,0,https://x.com/undefined/status/1928838450620318047,4673819839,,
1928741678229098751,Sat May 31 13:29:16 +0000 2025,0, Hmns Untitled Aroma 01 https://t.co/xakhN5Imym Ini tuh wanginya bisa untuk unisex but lean to masculine. Openingnya fresh kayak lagi dihutan tapi pas dry down dia jadi lebih woody dan agak sedikit creamy! Ngasih kesan yang warm &amp; calm. Full notesnya bisa cek disini https://t.co/orFsOcW2RA,1928805983846838663,https://pbs.twimg.com/media/GsR-z8vaMAAJLnS.jpg,nanaspineapel,in,,1,1,0,https://x.com/undefined/status/1928805983846838663,1239946658697187328,,
1928684235415498760,Sat May 31 05:25:29 +0000 2025,0,Cek (BELI 1 DAPAT 2) PARFUM PRIA DAN WANITA GARUDA ORIGINAL Woody - AROMA KHAS PRAMUGARI dengan harga Rp57.670. Dapatkan di Shopee sekarang! #LaCasaDeLosFamososCol https://t.co/0ubuNRurUP https://t.co/YErkN4tq8v,1928684235415498760,https://pbs.twimg.com/media/GsQQFn1aMAEJTG2.jpg,,in,,0,0,0,https://x.com/undefined/status/1928684235415498760,1860529299633373186,,
1928662399415914918,Sat May 31 03:59:17 +0000 2025,0,Tobacco Royale aku kira bakal wangi tembakau yang strong &amp; rempah banget tapi ternyata nggak. ini wanginya tuh lebih ke woody fresh dan warm gituu. manly banget tapi masih bisa dipake cewek (apalagi kalo km suka aroma citrus). dan yap tahan 8 12 jam jugaa https://t.co/T70CsIVXLL,1928662540193513939,https://pbs.twimg.com/media/GsP8WZ1aMAMPT1t.jpg,berisikege,in,,0,1,0,https://x.com/undefined/status/1928662540193513939,1651239113108996098,,
1928644341297533289,Sat May 31 02:46:58 +0000 2025,0,Cek Reed Diffuser Aroma Floral Woody - A Much Better Living Room dengan harga Rp269.000. Dapatkan di Shopee sekarang! https://t.co/ayHpggE4Dx https://t.co/lzTk6uUsnl,1928644341297533289,https://pbs.twimg.com/media/GsPrwOzaMAEPu0h.jpg,,in,,0,0,0,https://x.com/undefined/status/1928644341297533289,1683160876780765185,,
1928472340825768196,Fri May 30 23:25:15 +0000 2025,1,Monacruz Parfume Dark Lucifer Woody EDP varian parfume terbaru dengan karakter aroma yang hangat dan lembut. Mencerminkan kemewahan yang elegan dan berkelas https://t.co/JlDYxuslZM https://t.co/ldKJyQkxh5,1928593580030857581,https://pbs.twimg.com/amplify_video_thumb/1928593505020162050/img/Wiwgb_vVGGnvDhc7.jpg,Agen_Jajan,in,,0,2,0,https://x.com/undefined/status/1928593580030857581,1462613960,,
1928287308534382911,Fri May 30 03:35:06 +0000 2025,0,@hajokwang aroma woody banget kalo kamu suka parfum yang aroma woody kayaknya bakalan suka bngt sih. awal nyemprot tuh strong banget pls tapi enak kok jujur nih parfum ganteng wkwkwk rate dari aku buat parfum ini 7/10,1928294068435763495,,hajokwang,in,,0,1,0,https://x.com/undefined/status/1928294068435763495,1614400478347137024,,
1928251298987557158,Fri May 30 00:45:09 +0000 2025,1,Wangi Segar dan Harum PARFUM VIRAL BELI 1 DAPAT 4 MR CRSH HRNY STAYCATION SIDE EFFECT AROMA COWOK CEWEK Woody Perempuan Fruity Uniseks https://t.co/Fi0cjeu7mq,1928251298987557158,,,in,,0,0,0,https://x.com/undefined/status/1928251298987557158,1174559783539466240,,
1927984014721204734,Thu May 29 07:03:03 +0000 2025,0,rekomendasi parfum dan body mist yang wajib masuk wishlist kamu. Mulai dari aroma manis hingga woody yang elegan https://t.co/N14Au5MDeX,1927984014721204734,,,in,,0,0,0,https://x.com/undefined/status/1927984014721204734,1404018642,,
1927755352826630313,Thu May 29 00:42:30 +0000 2025,0,Monacruz Parfume Dark Lucifer Woody EDP varian parfume terbaru dengan karakter aroma yang hangat dan lembut. Mencerminkan kemewahan yang elegan dan berkelas https://t.co/MwmM9Dfeyl https://t.co/EcTYaQ92HL,1927888242247926017,https://pbs.twimg.com/amplify_video_thumb/1927888165723066368/img/X9zi3asRtNLnJb_z.jpg,AreaCakung,in,,0,1,0,https://x.com/undefined/status/1927888242247926017,776714426904784896,,
1927775519627456678,Wed May 28 18:03:23 +0000 2025,1,@PerthSanta_luv woody ni aroma kayu manis kan yah tapi pasti ga semanis kamu eaaa wut wut hehe AOU SANTA JASPER X KAZZ2025 #KAZZAWARDS2025 #Santapp,1927787804538368453,,PerthSanta_luv,in,,0,1,0,https://x.com/undefined/status/1927787804538368453,1883608135463751680,,
1927684148421865704,Wed May 28 11:11:30 +0000 2025,1,Cek Scentnice Parfum Spesial Promo 2 Paket Perfume Pria Tahan Lama Minyak Wangi Aroma Woody Parfum Cowo Cwok Mewah Elegan Parfum Disukai Cewe Cwek Parfum EDP dengan harga Rp179.000. Dapatkan di Shopee sekarang! https://t.co/lTw8yLwtP1 https://t.co/4mi2FrVMkH,1927684148421865704,https://pbs.twimg.com/media/GsCCaICaIAE47u5.jpg,,in,,0,0,0,https://x.com/undefined/status/1927684148421865704,1581724628665659393,,
1927538706916704422,Wed May 28 01:46:15 +0000 2025,0,Ada juga Eclat Nuit EdP buat yang pengen wanginya tahan hingga berjam-jam ada Glacier Extreme sama Dark Wood buat yang suka parfum dengan aroma spicy woody.. https://t.co/dTsTRxLOjH,1927541901298913653,https://pbs.twimg.com/media/GsABJJpWoAABgi6.jpg,amwidyoulagi,in,,0,1,0,https://x.com/undefined/status/1927541901298913653,1886943009696321536,,
1927249799243276576,Tue May 27 06:25:33 +0000 2025,0,abis blindbuy parfum yg desc-nya kek gini dan reaksi otakku pertama pas sniff aromanya ini aroma woody maksudnya kayu dari pohon yg abis dikencingi kambing? alias baunya kayak lagi nyari hewan qurban di pasar https://t.co/yhoOeu47lE,1927249799243276576,https://pbs.twimg.com/media/Gr73eikXQAAHn8I.jpg,,in,,0,0,0,https://x.com/undefined/status/1927249799243276576,1911912979714777088,,
1927183167300964452,Tue May 27 02:00:47 +0000 2025,0,Cek [COD] Lonkoom Parfum Pramugari Wanita Noble Edition Aroma Bunga Floral Mewah Woody EDP 100ml Tahan Lama dengan harga Rp189.000. Dapatkan di Shopee sekarang! https://t.co/z8FvPqVdnn https://t.co/uSuMa5iQOs,1927183167300964452,https://pbs.twimg.com/media/Gr6636cXIAADfa9.jpg,,in,,0,0,0,https://x.com/undefined/status/1927183167300964452,1036422983194013696,,
1926872556398588056,Tue May 27 00:04:13 +0000 2025,0,@_nadiaresa @MyraParfume yg lavie keknya bakal jd fav kuu soalnya ada aroma woody,1927153832758280463,,_nadiaresa,in,,0,0,0,https://x.com/undefined/status/1927153832758280463,1181197760676032514,,
1927035487581065282,Mon May 26 23:15:23 +0000 2025,1,Monacruz Parfume Dark Lucifer Woody EDP varian parfume terbaru dengan karakter aroma yang hangat dan lembut. Mencerminkan kemewahan yang elegan dan berkelas https://t.co/MwmM9Dfeyl https://t.co/1UtWr2Rw8P,1927141546081530150,https://pbs.twimg.com/amplify_video_thumb/1927141451982307328/img/g0-7UZUe0RBX9cu4.jpg,AreaCakung,in,,0,1,0,https://x.com/undefined/status/1927141546081530150,776714426904784896,,
1926573794627346624,Mon May 26 07:17:21 +0000 2025,0,@cutedable Mirip ex nihilo blue Talisman kak aroma pear dengan warm dari jahe dan ada Woody nya gitu,1926900446284698102,,cutedable,in,,0,1,0,https://x.com/undefined/status/1926900446284698102,1744664755841978368,,
1926676219484942779,Sun May 25 23:28:31 +0000 2025,1,Monacruz Parfume Dark Lucifer Woody EDP varian parfume terbaru dengan karakter aroma yang hangat dan lembut. Mencerminkan kemewahan yang elegan dan berkelas https://t.co/MwmM9Dfeyl https://t.co/3vSRdUBRcw,1926782460789956864,https://pbs.twimg.com/amplify_video_thumb/1926782375968595968/img/cUEsmoEET-iWwE9f.jpg,AreaCakung,in,,0,1,0,https://x.com/undefined/status/1926782460789956864,776714426904784896,,
1926676950673666145,Sun May 25 23:24:01 +0000 2025,0,Monacruz Parfume Dark Lucifer Woody EDP varian parfume terbaru dengan karakter aroma yang hangat dan lembut. Mencerminkan kemewahan yang elegan dan berkelas https://t.co/MwmM9Dfeyl https://t.co/kqWqBW6vlj,1926781329623982221,https://pbs.twimg.com/amplify_video_thumb/1926781245817561088/img/aOtHacKGlX9zRL8U.jpg,AreaCakung,in,,0,1,0,https://x.com/undefined/status/1926781329623982221,776714426904784896,,
1926678364137402606,Sun May 25 23:18:54 +0000 2025,0,Monacruz Parfume Dark Lucifer Woody EDP varian parfume terbaru dengan karakter aroma yang hangat dan lembut. Mencerminkan kemewahan yang elegan dan berkelas https://t.co/i8j4Erpeau https://t.co/3aayUrU7db,1926780042236789019,https://pbs.twimg.com/amplify_video_thumb/1926779960594780160/img/1PDiHeatiI0IlYLh.jpg,coyquet,in,,0,1,0,https://x.com/undefined/status/1926780042236789019,4673819839,,
1926528399993934080,Sun May 25 06:38:58 +0000 2025,0,Octarine - Parfum Pria Tahan Lama Aroma Fresh Woody Spicy Elegant Inspired By D. SAVAGE | Parfume Perfume Farfum Minyak Wangi Cewek Cowok Pria Wanita Perempuan Laki laki Murah Rp54.200. https://t.co/6TD30Yt8Jc https://t.co/tjqkcoM6bz,1926528399993934080,https://pbs.twimg.com/media/GrxnXjtWYAA0D2M.jpg,,in,,0,0,0,https://x.com/undefined/status/1926528399993934080,1285437879380893696,,
1926348072801456555,Sat May 24 18:42:25 +0000 2025,0,LONKOOM Eternal Royal Parfum 8 jam 100ml Aroma Woody EDT Parfum Elegan untuk Pria Beli di Shopee https://t.co/ozc4mPg9xp https://t.co/ALT3UsM9Ar,1926348072801456555,https://pbs.twimg.com/ext_tw_video_thumb/1926348002102280192/pu/img/sX7K_AZXTxjfgrKu.jpg,,in,,0,0,0,https://x.com/undefined/status/1926348072801456555,1035873099638423556,,
1926316159688757682,Sat May 24 16:35:54 +0000 2025,11,Monacruz Parfume Dark Lucifer Woody EDP varian parfume terbaru dengan karakter aroma yang hangat dan lembut. Mencerminkan kemewahan yang elegan dan berkelas https://t.co/i8j4Erpeau https://t.co/i0QKd1DeXV,1926316234057937170,https://pbs.twimg.com/media/GrumZwyXwAApVSx.jpg,coyquet,in,,0,2,0,https://x.com/undefined/status/1926316234057937170,4673819839,,
1926213599187362251,Sat May 24 09:48:04 +0000 2025,0,Robusta legendaris dari Malang! ️ Kopi Robusta Dampit Grade Roasted Beans. Aroma earthy karamel woody. Rasa Dark Choco &amp; nutty. Super pekat bikin melek pol! https://t.co/erQzyl4cEd #RobustaDampit #KopiBold #RoastedBeans https://t.co/lnr2ETeCTc,1926213599187362251,https://pbs.twimg.com/amplify_video_thumb/1926213434795827200/img/97uFdHNsw0BW7rK7.jpg,,in,,0,0,0,https://x.com/undefined/status/1926213599187362251,1346452888436920320,,
1925089923214024899,Sat May 24 07:34:14 +0000 2025,0,@naraluxes urwell kakk! eh ga gituuuu semuanya parfum white floral kak itu yg aku catet disitu aroma yg aku dapet pas dry downnya kak emg wangi white floral kok cmn selain itu di hidungku ada kesan nutty woody sama ada hint sweet-creamy dari vanilla juga,1926179919911932248,,naraluxes,in,,0,1,0,https://x.com/undefined/status/1926179919911932248,1014880012967825409,,
1925947526147915850,Fri May 23 21:33:07 +0000 2025,3,Monacruz Parfume Dark Lucifer Woody EDP varian parfume terbaru dengan karakter aroma yang hangat dan lembut. Mencerminkan kemewahan yang elegan dan berkelas https://t.co/MwmM9Dfeyl https://t.co/TK6BZuoqS1,1926028643479756928,https://pbs.twimg.com/amplify_video_thumb/1926028562458345473/img/9Nwi-TJmqnFq385C.jpg,AreaCakung,in,,0,2,0,https://x.com/undefined/status/1926028643479756928,776714426904784896,,
1925821785829675018,Fri May 23 07:51:08 +0000 2025,0,kabar aroma tanah,1925821785829675018,,,in,,0,0,0,https://x.com/undefined/status/1925821785829675018,267613336,,
1925785132356575315,Fri May 23 05:25:29 +0000 2025,0,[Hemat hingga 12%] Parfum 1 M LUCKY Tahan Lama Mewah Elegant By Octarine menawarkan aroma woody dengan sentuhan hazelnut plum dan madu tahan hingga 6-12 jam. https://t.co/Rho0FRDwql,1925785132356575315,,,in,,0,0,0,https://x.com/undefined/status/1925785132356575315,1864810015162535936,,
1925579551100616751,Thu May 22 21:04:20 +0000 2025,0,Monacruz Parfume Dark Lucifer Woody EDP varian parfume terbaru dengan karakter aroma yang hangat dan lembut. Mencerminkan kemewahan yang elegan dan berkelas https://t.co/i8j4Erpeau https://t.co/LL3BcGYwKB,1925659015473701066,https://pbs.twimg.com/amplify_video_thumb/1925658937753300992/img/D7kO-ufahjRfPDkY.jpg,coyquet,in,,0,1,0,https://x.com/undefined/status/1925659015473701066,4673819839,,
1924987980835651965,Wed May 21 00:37:53 +0000 2025,0,PARFUM VIRAL BELI 1 DAPAT 4 MR CRSH HRNY STAYCATION SIDE EFFECT AROMA COWOK CEWEK Woody Perempuan Fruity Uniseks https://t.co/BADHKZn8YK,1924987980835651965,,,in,,0,0,0,https://x.com/undefined/status/1924987980835651965,1787097785638203392,,
1922973488668701040,Thu May 15 11:13:01 +0000 2025,0,Cek Octarine - Parfum Wanita Tahan Lama Aroma Woody Fresh Sexy BEST SELLER WOMAN | Farfum Parfume Perfume Minyak Wangi Cewek Cowok Original dengan harga Rp59.500. Dapatkan di Shopee sekarang! https://t.co/UgpeF8DPnn https://t.co/6NAQNr5tow,1922973488668701040,https://pbs.twimg.com/media/Gq_GMZfX0AAMSzq.jpg,,in,,0,0,0,https://x.com/undefined/status/1922973488668701040,1036422983194013696,,
1922947833126146180,Thu May 15 09:31:04 +0000 2025,4,Kadang pengen yang aroma sweet n fresh kadang woody kadang tobbacco musky pernah juga beli yang clean soapy gitu. Emang gabisa diem kalau ada yang wangi-wangi .,1922947833126146180,,,in,,0,4,0,https://x.com/undefined/status/1922947833126146180,1447356604265893892,,
1922927579251569131,Thu May 15 08:12:04 +0000 2025,0,Deskripsi Aroma Parfume : 3. Iris parfum Wanita dengan aroma yang Segar dan Manis. Perpaduan aroma Floral Woody Musk cocok digunakan untuk wanita. Jadi bersiaplah menikmati waktu santai di akhir pekan dengan aroma khas dari parfum satu ini. .,1922927952573911549,,Gina38883898715,in,,0,0,0,https://x.com/undefined/status/1922927952573911549,1901085971455897600,,
1922927579251569131,Thu May 15 08:11:09 +0000 2025,0,Deskripsi Aroma Parfume : 1. Loanna memiliki aroma yang didominasi oleh notes yang floral dan terkesan woody. Top note dari parfum ini adalah pink grapefruit dan aroma dedauan dengan middle notenya adalah iris dan mawar bulgaria (Bulgarian Rose).,1922927720578560441,,Gina38883898715,in,,0,0,0,https://x.com/undefined/status/1922927720578560441,1901085971455897600,,
1922906025616691634,Thu May 15 06:45:06 +0000 2025,3,Sunday Nap wanginya fruity powdery woody. Perpaduan blackcurrant pech dan pear dgn cedarwood &amp; tonka bean. Aroma sunday nap ini lumayan greeny bikin relax dan kesan me time di alam terbuka dgn udara &amp; angin semilirnya itu kuat bgt. https://t.co/N1wDg1v9SN,1922906064044892542,https://pbs.twimg.com/media/Gq-I3yIaAAI01A9.jpg,yubbeee,in,,0,1,0,https://x.com/undefined/status/1922906064044892542,1470474753349599238,,
1922888813094879556,Thu May 15 05:36:33 +0000 2025,1,PARFUM VIRAL BELI 1 DAPAT 4 MR CRSH HRNY STAYCATION SIDE EFFECT AROMA COWOK CEWEK Woody Perempuan Fruity Uniseks https://t.co/y1BzWOoiIO,1922888813094879556,,,in,,0,0,0,https://x.com/undefined/status/1922888813094879556,1913806363492507648,,
1922846029151396024,Thu May 15 02:46:32 +0000 2025,0,Cek HOLIGRELS PRESTIGE SHIMMER PARFUME SET | Woody Hampers Lebaran parfum efek glitter holigrel perfume series isi 4 aroma mewah elegant botol unik dengan harga Rp170.000. Dapatkan di Shopee sekarang! https://t.co/udzx8DRvOE https://t.co/C5U0Ia0AIB,1922846029151396024,https://pbs.twimg.com/media/Gq9SRJvaYAAAK8G.jpg,,in,,0,0,0,https://x.com/undefined/status/1922846029151396024,1036422983194013696,,
1922567141032636907,Wed May 14 08:18:31 +0000 2025,0,Bunganya ini bukan cuma visual tapi juga punya jiwa lewat aroma dari parfum MORFOSIA. Scent-nya kompleks tapi soft: citrusy di awal terus floral-spicy yang classy dan ditutup woody yg hangat. Kaya cerita ada awal tengah akhir. Nempel tapi ga ganggu. Elegant banget https://t.co/oPmEPiNB8U,1922567184829530255,https://pbs.twimg.com/media/Gq5UqG2XsAAYTzW.jpg,cheetahtoess,in,,0,1,0,https://x.com/undefined/status/1922567184829530255,1257518228810563585,,
1922510001899192695,Wed May 14 04:31:17 +0000 2025,0,PARFUM VIRAL BELI 1 DAPAT 4 MR CRSH HRNY STAYCATION SIDE EFFECT AROMA COWOK CEWEK Woody Perempuan Fruity Uniseks https://t.co/uoSHJqrv4j,1922510001899192695,,,in,,0,0,0,https://x.com/undefined/status/1922510001899192695,1734997394033627136,,
1922297979593007426,Tue May 13 14:28:47 +0000 2025,0,Robusta Gayo dari Alur Badak? Ini beda! ARUTALA Coffee hadirkan Kopi Gayo Alur Badak Robusta 500gr. Natural Process &amp; Medium Roast! Notes Chocolate Malt Sweet Brown Sugar Spice Roasted Corn woody aroma! https://t.co/udc3FK7jX4 https://t.co/c5A6QLbbXg,1922297979593007426,https://pbs.twimg.com/amplify_video_thumb/1922297889084366848/img/W2WvGSe4wuawfgdu.jpg,,in,,0,0,0,https://x.com/undefined/status/1922297979593007426,1052037251775913984,,
1922256835010027525,Tue May 13 12:18:43 +0000 2025,0,@TamagoPost ᅠ ᅠ Sampai kampus temanmu jadi ada yang kepingin mi enggak? Saya Lukas seringnya pakai parfum aroma woody. ᅠ ᅠ,1922265247538102275,,TamagoPost,in,,1,0,0,https://x.com/undefined/status/1922265247538102275,1331942423824515079,,
1922245079449641269,Tue May 13 10:58:35 +0000 2025,0,PARFUM VIRAL BELI 1 DAPAT 4 MR CRSH HRNY STAYCATION SIDE EFFECT AROMA COWOK CEWEK Woody Perempuan Fruity Uniseks https://t.co/flwCzZP7dB,1922245079449641269,,,in,,0,0,0,https://x.com/undefined/status/1922245079449641269,1656708796436336642,,
1922122589767348573,Tue May 13 10:38:56 +0000 2025,0,Kalau suka parfum aroma cherry kamu bisa cobain Beverly's Secret Foxy Cherry! &lt;3 Wangi fruity dominan Cherry dan ada Pear yang bikin fresh. Terus ada wangi floral dari Jasmine tapi tipis. Dry down-nya wangi woody yang kasih kesan warm. https://t.co/YpbNVbzjYt,1922240135766409375,https://pbs.twimg.com/media/Gq0rNKVbAAI4Gvp.jpg,Mawrcellaa,in,,0,1,0,https://x.com/undefined/status/1922240135766409375,1513003498186887168,,
1920498138290282919,Tue May 13 05:30:42 +0000 2025,0,@ueongian Halo dd Ian sopian! Seru banget ya semua orang mau comeback bulan juni dan aku cuma bengong btw yang di tengah itu parfum kan? dd suka aroma yg seger atau woody gitu?,1922162567218184317,,ueongian,in,,0,1,0,https://x.com/undefined/status/1922162567218184317,969624566443069440,,
1921871283966316574,Mon May 12 10:13:16 +0000 2025,0,dia woody ya dominannya kaya kayu gt ada aroma floralnya dan seger banget ga manis tp ya cocok buat panas panasan ini.,1921871288043278494,,pr3ttymissie,in,,0,0,0,https://x.com/undefined/status/1921871288043278494,1652741356828385281,,
1921774888374665423,Mon May 12 05:55:40 +0000 2025,0,@TamagoPost ᅠ ᅠ Lukas Ejsar pekerja kantoran. Wewangian ya? Saya cenderung suka aroma woody dan apapun selagi aroma segarnya tidak menyengat. ᅠ ᅠ,1921806459412619639,,TamagoPost,in,,1,0,0,https://x.com/undefined/status/1921806459412619639,1331942423824515079,,
1921774888374665423,Mon May 12 05:22:18 +0000 2025,0,@TamagoPost Aroma teh itu menenangkan ya dan terasa klasik. Saya sendiri merasa kayaknya kurang cocok pakai parfum beraroma teh meski suka dengan wanginya. Favorit saya parfum beraroma woody karena saya pribadi merasa cocok saja.,1921798064626376795,,TamagoPost,in,,1,0,0,https://x.com/undefined/status/1921798064626376795,1249563053609242624,,
1920648186240381235,Mon May 12 04:14:59 +0000 2025,0,@cutedable Ini yang dominan nya ada MANGO cuman di pendamping notes nya ada buah red berry sama lemon yang sedikit zesty dan ada ginger yang beri kesan hangat tapi tipis Di drydown nya baru ada musky dan Woody Aroma nya unisex,1921781125581566166,,cutedable,in,,0,1,0,https://x.com/undefined/status/1921781125581566166,1744664755841978368,,
1921774888374665423,Mon May 12 03:52:53 +0000 2025,0,@TamagoPost ㅤ ㅤ Nadya. Suka aroma woody. Campuran teh juga tapi enggak mendominasi. Punya saran wangi yang sekiranya cocok dengan saya? ㅤㅤ,1921775560839053459,,TamagoPost,in,,1,0,0,https://x.com/undefined/status/1921775560839053459,878033049270841345,,
1921571941032357936,Sun May 11 14:24:00 +0000 2025,0,Siap-siap ditanya sranger pakai parfum apa TERRE D HERMES Aroma: Citrus Woody Ketahanan: +- 6-7 jam https://t.co/sXFQ4GkVZx https://t.co/UQLAD8L8Qj,1921571999848989117,https://pbs.twimg.com/media/GqrJEjcbQAAlNGc.jpg,heyleica,in,,0,1,0,https://x.com/undefined/status/1921571999848989117,1901245525439156224,,
1921571941032357936,Sun May 11 14:23:54 +0000 2025,0,Hati-hati sama parfum ini nempel terus walaupun orangnya sudah pergi. plus kena keringat jadi makin seger wanginya BVLGARY AQVA ATLANTIQVE Aroma: Woody Acquatic Ketahanan: +- 6 jam https://t.co/cglL4ZRSw5 https://t.co/ff3oiiBME1,1921571976709107897,https://pbs.twimg.com/media/GqrIK0IXgAA0rI_.jpg,heyleica,in,,0,1,0,https://x.com/undefined/status/1921571976709107897,1901245525439156224,,
1921518499916104080,Sun May 11 10:51:25 +0000 2025,0,PARFUM VIRAL BELI 1 DAPAT 4 MR CRSH HRNY STAYCATION SIDE EFFECT AROMA COWOK CEWEK Woody Perempuan Fruity Uniseks https://t.co/KeO97FX0us,1921518499916104080,,,in,,0,0,0,https://x.com/undefined/status/1921518499916104080,1800857397566873600,,
1921479255432589766,Sun May 11 08:15:28 +0000 2025,0,Cek Octarine - Parfum Pria Tahan Lama Aroma Mewah Fresh Woody Inspired By Ferry Light Ice | Farfum Parfume Perfume Minyak Wangi Cewek Cowok Murah Original dengan harga Rp59.500. Dapatkan di Shopee sekarang! https://t.co/C2x5HPU7sx https://t.co/Bl69Zy0jxd,1921479255432589766,https://pbs.twimg.com/media/Gqp3MzIaQAAWO1k.jpg,,in,,0,0,0,https://x.com/undefined/status/1921479255432589766,1485992435759329284,,
1921235684162941058,Sat May 10 16:07:36 +0000 2025,0,PARFUM VIRAL BELI 1 DAPAT 4 MR CRSH HRNY STAYCATION SIDE EFFECT AROMA COWOK CEWEK Woody Perempuan Fruity Uniseks https://t.co/npBypIoODA,1921235684162941058,,,in,,0,0,0,https://x.com/undefined/status/1921235684162941058,60102007,,
1921194652494934042,Sat May 10 13:24:33 +0000 2025,0,Cek BELI 1 DAPAT 3 (HEYMINE PARFUM AROMA | WOODY VANILLA -VANILLA CARAMEL -CHOCOLATE VANILLA -35ML dengan harga Rp19.500. Dapatkan di Shopee sekarang! https://t.co/23CIZ0DnT6 https://t.co/6agb9jSVEr,1921194652494934042,https://pbs.twimg.com/media/Gql0WuPWYAAFgpK.jpg,,in,,0,0,0,https://x.com/undefined/status/1921194652494934042,1908531302858711043,,
1920648186240381235,Sat May 10 04:25:43 +0000 2025,0,@cutedable Ntar lah kalo datang ku review soal nya yang kuliat dari notes nya ini aroma ada aroma mesiu woody sama animalic,1921059049795158059,,cutedable,in,,0,1,0,https://x.com/undefined/status/1921059049795158059,1744664755841978368,,
1921037729636511762,Sat May 10 03:01:00 +0000 2025,0,Nightime Secret parfum yang bikin kamu standout di setiap acara! ️‍ Perpaduan aroma manis spicy dan woody yang sexy dan elegan siap menemani malam spesialmu. Beli Lumecolors di: https://t.co/4ivErFVjNw https://t.co/Q028vWE9Xz,1921037729636511762,https://pbs.twimg.com/media/GqVUo07b0AA17z0.jpg,,in,,0,0,0,https://x.com/undefined/status/1921037729636511762,1610131817012813824,,
1920797807608229890,Fri May 09 15:40:14 +0000 2025,1,@kkozukens Parfum jumatan nih ada yg kusuka ada yg ga soalnya Kira2 ada aroma woody yg kuat gitu ga kak? Apa citrus?,1920866408587460635,,kkozukens,in,,0,1,0,https://x.com/undefined/status/1920866408587460635,1441067267890896897,,
1920725583861833953,Fri May 09 09:27:20 +0000 2025,0, FORDIVE ATLANTIS https://t.co/posTUmiYjG wanginya fresh fruity dengan hint sea salt tapi gak amis... terus muncul aroma floral dan ada pine juga yang manis dan seger. dry down-nya sweet floral dan sedikit woody https://t.co/TxmW6IZ8t3,1920772564823036199,https://pbs.twimg.com/media/Gqf0dYQbcAIrnzQ.jpg,cutieqve,in,,0,1,0,https://x.com/undefined/status/1920772564823036199,1785669573607579648,,
1920725583861833953,Fri May 09 08:20:38 +0000 2025,0,terus lama2 berubah jadi aroma floral yang manis tapi soft... dan berasa sedikit hint lemon nya. dry down nya lebih ke sweet floral dan woody gitu. ini aman dipake kapan aja &amp; GABIKIN PUSING pas siang2 ,1920755779679707421,,cutieqve,in,,0,1,0,https://x.com/undefined/status/1920755779679707421,1785669573607579648,,
1920461296727699818,Thu May 08 13:59:56 +0000 2025,8,UNTITLED AROMA 01 - Fig &amp; sandalwood. Wanginya kalem tp deep green woody bayangin deh cowok cool gitu haha. Tp aku pun masih masuk pake ini https://t.co/ANHnUPuHAq Wanginya tergolong aman bgt mo dipake kapanpunnn. Wangi gantenggg https://t.co/ntlffDjZhm,1920478780914532849,https://pbs.twimg.com/media/GqbpQ_AXoAAM-G9.jpg,inizhii,in,,0,1,4,https://x.com/undefined/status/1920478780914532849,45901789,,
1920360651349807362,Thu May 08 06:54:30 +0000 2025,0,di awal wanginya dominan fruity. bayangin deh perpaduan apel hijau... pear... duh seger bgt. ditambah sedikit asem dari lemon lama2 berubah jadi aroma floral yang manis tapi soft... dan berasa sedikit hint lemon nya. untuk dry down nya lebih ke sweet floral dan woody gitu https://t.co/lYKKa84D9S,1920371716947157274,https://pbs.twimg.com/media/GqaHcU9W0AAsdsQ.jpg,cutieqve,in,,0,1,0,https://x.com/undefined/status/1920371716947157274,1785669573607579648,,
1920352489024446640,Thu May 08 05:38:50 +0000 2025,0,Gimana cara eksplor bau yang jadi ciri khas? Pahami bau yang bisa menggambarkan kepribadian kamu. Cari aroma yang nge-hits di hati yang bisa jadi pembeda kamu dari yang lain. Mungkin floral? Atau yang lebih bold woody? ,1920352675809337647,,TestT69860,in,,0,1,0,https://x.com/undefined/status/1920352675809337647,1852900379371159552,,
1920005440047579293,Wed May 07 06:44:41 +0000 2025,0,@dywlndrrrr Untuk parfum lokal yang lebih terjangkau dan mirip Humble &amp; Co Cuddle dari Dy2lab coba beberapa opsi berikut: 1. Dy2lab Humble: Aroma fresh woody dengan harga Rp35.000-Rp135.999 tersedia di Shopee/Tokopedia. 2. HMNS: Parfum lokal dengan aroma manis dan floral sekitar,1920006858141794370,,masgeto_u,in,,0,0,0,https://x.com/undefined/status/1920006858141794370,1720665183188922368,,
1919696991262744839,Tue May 06 10:25:03 +0000 2025,0,@rawrr_meaw dia woody kak kaya kayu gt ada aroma floralnya ga manis tp ya cocok buat panas panasan ini. https://t.co/Tcj8YHTblj,1919699928521031688,https://pbs.twimg.com/media/GqQk6UtbAAEMN13.jpg,rawrr_meaw,in,,0,0,0,https://x.com/undefined/status/1919699928521031688,1652741356828385281,,
1919615802740752830,Tue May 06 04:52:39 +0000 2025,7,Buat yg suka Dengan aroma citrus spicy pasti bakalan suka sama ini parfum Setelah 1 jam aromanya berubah jadi aroma woody yang dominan tapi masih terasa aroma bergamot dan sedikit spicy wanginya sendiri tahan hingga 7 jam https://t.co/0F04rNL7bK,1919616273832415266,https://pbs.twimg.com/media/GqPY0V1bAAUvpgn.jpg,racunproduk00,in,,0,1,0,https://x.com/undefined/status/1919616273832415266,1300032203837943808,,
1919585267461304409,Tue May 06 03:03:23 +0000 2025,2,Awal spray berasa banget wangi bergamot yang fresh citrusy &amp; manis dengan hint bunga. Ga lama kecium juga aroma floral dari jasmine &amp; lily of the valley yang dominan. Jujur wanginya sedikit manis tapi manis dari bunga. Dry down-nya kasih kesan warm sedikit woody dan dominan https://t.co/Q6ylsbd3XH,1919588777175220463,https://pbs.twimg.com/media/GqO_w3ZawAApg8r.jpg,Mawrcellaa,in,,0,1,2,https://x.com/undefined/status/1919588777175220463,1513003498186887168,,
1919366468715565560,Mon May 05 12:32:23 +0000 2025,3,nah setelah udah beberapa saat wangi blendingannya udah mulai enak tipe yang aku suka. wanginya jadi warm &amp; relaxing ditambah wangi rempah yang manis sama woody. itu ternyata dari notes cashmere wood vetiver &amp; patchouli sedangkan aroma manisnya dari benzoin &amp; musk. https://t.co/pAlGMjQ1Jg,1919369583330504999,https://pbs.twimg.com/media/GqL4dOObsAAWIG1.jpg,irapersa,in,,0,1,1,https://x.com/undefined/status/1919369583330504999,1022437026719657984,,
1919056811019084012,Sun May 04 15:49:32 +0000 2025,0,[Hemat hingga 60%] Jayrosse Perfume - LUKE 30ml adalah parfum pria tahan lama dengan aroma Woody Elegant. https://t.co/i9nMb9mTN8,1919056811019084012,,,in,,0,0,0,https://x.com/undefined/status/1919056811019084012,1710071503235297280,,
1919004012470554994,Sun May 04 12:42:02 +0000 2025,0,@guele_id mauu cobain! alasannya krn aku suka sesuatu yg ada aroma woody dan floral. rata² kalo beli parfum atau sampo juga carinya yg aroma wood &amp; floral gt soalnya seger dan wanginya tuh strong tp gk eneg krn fresh ,1919009622955872724,,guele_id,in,,0,0,0,https://x.com/undefined/status/1919009622955872724,1181197760676032514,,
1918326149777899582,Fri May 02 17:31:32 +0000 2025,0,@aldmrmli bisa aja sih kalo kang parfumnya udah pro max dan hidungnya level indra ke-6. tapi kalo botolnya bener-bener kosong cuma sisa aroma dikit doang susah juga yaa paling dia nebak dari vibe wanginya: manis woody fresh dll,1918357705032634393,,aldmrmli,in,,0,1,0,https://x.com/undefined/status/1918357705032634393,1730195508801728512,,
1918268130734031124,Fri May 02 11:35:36 +0000 2025,2,Kok ada ya orang suka aroma woody tapi cowo aku suka,1918268130734031124,,,in,,0,1,0,https://x.com/undefined/status/1918268130734031124,1517726831465885697,,
1918156342587756714,Fri May 02 04:11:24 +0000 2025,0,naksir + penasaran aroma nya krn woody (which is my favorite) tapi hmm gimana ya jae w gasuka cium aroma candle lama lama :(,1918156342587756714,,,in,,1,1,0,https://x.com/undefined/status/1918156342587756714,1614333662933450752,,
1918153560690491685,Fri May 02 04:00:21 +0000 2025,0,Aroma khas dr Kenzo Homme sangat tepat digunakan oleh para pria dikenal dgn aroma yg segar maskulin &amp; tahan lama. Parfum ini sering digambarkan sebagai perpaduan antara aroma woody (kayu) &amp; sentuhan rempah2 seperti mint &amp; jahe order : https://t.co/1941tbvNw7 https://t.co/KbHBsvZ5xP,1918153560690491685,https://pbs.twimg.com/media/Gp6mfiPbwAAKIKq.jpg,,in,,0,0,0,https://x.com/undefined/status/1918153560690491685,1675466918206242816,,
1917934067737366992,Thu May 01 13:42:57 +0000 2025,0,Elvicto Xtovert. Kata doi ini wanginya soft tapi ada asam buahnya kesannya happy gitu tapi pas dried down kecium aroma woody Asamnya tuh bukan asam yg ga enak gitu tapi lebih ke seger terus tone down ke wangi yg soft dari lily of the valley. https://t.co/gS1efSLIbg,1917937792698691752,,slaychiizu,in,,0,1,0,https://x.com/undefined/status/1917937792698691752,1879566176151535616,,
1917780559847453142,Thu May 01 03:18:13 +0000 2025,0,Akhirnya skg punya juga XTROVERT dari ELVICTO Wangi seger dari markisa dan buah pear diikuti aroma creamy sedikit manis tp ga bikin eneg samsek justru kasih kesan fancy lalu diikuti aroma yg warm dan woody kelas bgt wanginya‼️ https://t.co/feozZiI1rX,1917780571729846363,https://pbs.twimg.com/media/Gp1TREDa4AAo_iN.jpg,cobainparfum,in,,0,1,0,https://x.com/undefined/status/1917780571729846363,1880136394414387200,,
1915644058221129799,Wed Apr 30 14:34:15 +0000 2025,0,@anwniee wanginya seger fruity nggak ada manisnya sama sekali menurutku ada aroma woody juga menurutku kak,1917588313587998749,,anwniee,in,,0,0,0,https://x.com/undefined/status/1917588313587998749,1881722240905195521,,
1917225581776945222,Tue Apr 29 14:34:17 +0000 2025,0,Ini parfum buat cowo ya btw. Wanginya kalau dijelasin tuh kaya manis wangi orang kaya karna ada aroma-aroma woody/oudnya. Terus dia juga lumayan tahan lama bisa sampe 6 jam karna jenisnya extrait parfume.,1917225932240335081,,trezeroeight99,in,,0,1,0,https://x.com/undefined/status/1917225932240335081,1911992452782907392,,
1917202573108584791,Tue Apr 29 13:02:23 +0000 2025,0,buah-buahan segar berarti kamu adalah orang yang ceria selalu bersemangat dan penuh energi. 3.Aroma Woody Nah bagi kamu si pecinta aroma kayu dan pepohonan berarti kamu adalah orang yang tenang dewasa dan penuh percaya diri. Nah sekarang jadi tahu kan bahwa,1917202805846381038,,attrctwithphero,in,,0,1,0,https://x.com/undefined/status/1917202805846381038,1902342335037632515,,
1916818236458537165,Mon Apr 28 22:13:27 +0000 2025,0,@susu_6antun9 Kl gw jujur lbh suka yg tipe2 woody-spicy-musky.. aroma2 yg mgkn kayak bapak2 tp bikin loe lbh kayak matured profesional tp sbnrnya msh muda.. tipe2 aroma yg disukain eksmud eksmud.. cuma beda kelas aja brand parfumnya ,1916979099777831422,,iam_fearans,in,,0,1,0,https://x.com/undefined/status/1916979099777831422,1804966599763607552,,
1916764728912998780,Mon Apr 28 10:47:02 +0000 2025,17,@saffnco Morfosia ini parfum terbarunya saffnco yang punya karateristik wangi citrus floral dan woody. one of my fav di linenya saffnco soalnya wanginya unisex dan versatile bgt aroma jasmine yuzu dan white floral in one bottle. indah bgt just like the instalation. https://t.co/qSPWGMF0VC,1916806354565550399,https://pbs.twimg.com/media/GpndN2_awAAiGIM.jpg,nocturnalcutie,in,,0,1,3,https://x.com/undefined/status/1916806354565550399,1015567402292006918,,
1916736989207966124,Mon Apr 28 06:11:34 +0000 2025,3,⋅˚₊‧ ୨oud wood୧ ‧₊˚ ⋅ parfum cowo yg warm sensual &amp; romantic tapi tetep masculine. awal disemprot kecium aroma woody smoky dan oud yg strong. lama wanginya jadi hangat dan sedikit manis karena amber &amp; vanilla. cocok buat malam hari ️ https://t.co/w1F9bq0z7i https://t.co/uf7TbUjqyE,1916737031595790337,https://pbs.twimg.com/media/GpmeKljaUAAuge0.jpg,jeceskindiary,in,,0,1,0,https://x.com/undefined/status/1916737031595790337,1640212411243454465,,
1916732823605834019,Mon Apr 28 05:54:50 +0000 2025,0,Cek Saff &amp; Co. Cloud Mist - Sonnet 116 Aroma Floral Gourmand Woody dengan harga Rp153.500. Dapatkan di Shopee sekarang! https://t.co/QHiZS3EdOV https://t.co/4Vo8cLYmZe,1916732823605834019,https://pbs.twimg.com/media/GpmaV1Ma4AAnteX.jpg,,in,,0,0,0,https://x.com/undefined/status/1916732823605834019,1858878888627281920,,
1916705401074254042,Mon Apr 28 04:05:54 +0000 2025,0,Semprotan pertama... Wangi woody spicy yang manly langsung nyamber. Tapi bukan yang nyegrak menusuk malah soft dan elegan.Sambil jalan aroma kayunya makin hangat Belinya di sini : https://t.co/ppMv8Q8NnB,1916705406044209458,,spalspilduniawi,in,,0,0,0,https://x.com/undefined/status/1916705406044209458,1258478001185976321,,
1916666090312368251,Mon Apr 28 01:29:41 +0000 2025,0,Pikirkan serunya punya brand parfum sendiri dengan aroma yang benar-benar orisinal! Bebas berkreasi dengan berbagai macam notes dari floral yang elegan woody yang kuat sampai fresh yang menyegarkan semua bisa kamu rancang! Peluang di industri parfum terus terbuka lebar!,1916666094171099161,,skinsolindustri,in,,0,1,0,https://x.com/undefined/status/1916666094171099161,1170380838258630656,,
1916322991677575313,Sun Apr 27 02:46:19 +0000 2025,0,top notenya agak woody sm cenderung bacin biasanya kecium radius 1-3 meter kalo uda lebh dari itu baru keluar aroma utamanya,1916322991677575313,,,in,,0,0,0,https://x.com/undefined/status/1916322991677575313,1595323746008461313,,
1916122004178276736,Sat Apr 26 13:27:40 +0000 2025,0,[53.0% off Flash Sale before 27/04] Scentplus HRNY Eau De Parfum adalah wewangian Woody Spicy untuk Wanita dengan aroma segar dari jeruk Italia lada hitam... https://t.co/x4SVb2jFER,1916122004178276736,,,in,,0,0,0,https://x.com/undefined/status/1916122004178276736,1916047127266136067,,
1916113258702049426,Sat Apr 26 12:52:55 +0000 2025,0,[53.0% off Flash Sale before 26/04] Scentplus HRNY Eau De Parfum adalah wewangian Woody Spicy untuk Wanita dengan aroma segar dari jeruk Italia lada hitam... https://t.co/OYsCzwflTN,1916113258702049426,,,in,,0,0,0,https://x.com/undefined/status/1916113258702049426,1867164399028580352,,
1916085031661113511,Sat Apr 26 11:01:16 +0000 2025,5,Lokasinya di Tribeca Park Central Park Mall sampai tgl 17 Mei 2025 Instalasi ini menceritakan aroma dan cerita MORFOSIA yang sarat akan cerita mitologi Yunani tentang Narcissus dan bunga khayalan Aroma MORFOSIA ini floral citrus dan woody Aku suka banget 100/10 https://t.co/ZdIl82PX5I,1916085163521675442,https://pbs.twimg.com/media/GpdNMT2a8AA2Jsv.jpg,la_lalijah,in,,0,1,2,https://x.com/undefined/status/1916085163521675442,1182178063850729473,,
1915921809645703200,Sat Apr 26 00:12:10 +0000 2025,0,[53.0% off Flash Sale before 26/04] Scentplus HRNY Eau De Parfum adalah wewangian Woody Spicy untuk Wanita dengan aroma segar dari jeruk Italia lada hitam... https://t.co/SAss606BHE,1915921809645703200,,,in,,0,0,0,https://x.com/undefined/status/1915921809645703200,1836216269441560576,,
1915775317169315979,Fri Apr 25 14:52:15 +0000 2025,0,@cutedable Iris ghalia itu animalic yang bau kandang kenceng trus ntar di susul aroma woody yang makin ke dry down tuh ada powdery Kalo yang satu tuh creamy Fruity dan kesan floral nya cakep dan ada oud nya tapi bener bener cakep sih parfum nya,1915780901411451047,,cutedable,in,,0,1,0,https://x.com/undefined/status/1915780901411451047,1744664755841978368,,
1915614393553027243,Fri Apr 25 05:21:18 +0000 2025,1,Ketahanan wanginya sekitar 10-12 jam. Aromanya cenderung unisex jadi bisa dipakai buat cewek/cowok. Menurutku dengan aroma yg woody tapi agak spicy dan dominan citrusy. Lebih cocok dipakai di ruangan yang ber-AC kalau dipakai untuk kegiatan outdoor atau olahraga kurang cocok https://t.co/xKHzzO8S4Z,1915637219185873178,https://pbs.twimg.com/media/GpW147abYAEBNPU.jpg,sunflowlust,in,,0,1,0,https://x.com/undefined/status/1915637219185873178,1700329664148062208,,
1915614393553027243,Fri Apr 25 05:14:12 +0000 2025,1,Menurutku parfum ini dibuka dengan aroma citrusy mandarin &amp; orange yg dominan tapi ada hint sedikit pahit &amp; greeny. Lalu aroma floral yg masuk dan lama kelamaan muncul aroma woody First spray agak nyegrak tapi nanti aromanya bakalan jadi soft dan warm https://t.co/nBY6ArVRN4,1915635434056802573,https://pbs.twimg.com/media/GpW0Q1tbYAU50cA.jpg,sunflowlust,in,,0,1,0,https://x.com/undefined/status/1915635434056802573,1700329664148062208,,
1915224602751754525,Fri Apr 25 02:28:13 +0000 2025,34,@iandraha Ini sebenernya unisex kalau kamu suka aroma floral di awal dan woody di akhir ya oke kak,1915593662878368195,,iandraha,in,,0,2,2,https://x.com/undefined/status/1915593662878368195,36906324,,
1915378163368050862,Thu Apr 24 13:57:58 +0000 2025,6,Second enchanting! Sesuai namanya enchanting bgt wkwkw Varian ini di aku stay longer aku suka aroma clean dari green-ozone nya pas awal spray kaya halus bgt ke hidung. Baru lama-lama wanginya jd seger anggur mixed jasmine tuberose. Base wanginya memang woody-musky fresh https://t.co/qRFWfBdIZJ,1915404855608545697,https://pbs.twimg.com/media/GpTij-7bYAcs-gW.jpg,hmtly,in,,0,1,4,https://x.com/undefined/status/1915404855608545697,231096702,,
1915241481834815655,Thu Apr 24 03:39:39 +0000 2025,1,Awal spray dominan aroma floral citrus. Jujur enakkk banget wanginya! Bikin pengen ngesniff terus. Makin lama muncul aroma floral musky gitu dan sedikit manis. Dry down-nya ada aroma woody yang super soft dari Vetiver. https://t.co/jkAIaZhI35,1915249251841696221,https://pbs.twimg.com/media/GpRU_eJbYAE9Jwl.jpg,Mawrcellaa,in,,0,1,0,https://x.com/undefined/status/1915249251841696221,1513003498186887168,,
1915008272643526946,Wed Apr 23 11:42:05 +0000 2025,0,[53.0% off Flash Sale before 23/04] Scentplus HRNY Eau De Parfum adalah wewangian Woody Spicy untuk Wanita dengan aroma segar dari jeruk Italia lada hitam... https://t.co/btX4ALI6i8,1915008272643526946,,,in,,0,0,0,https://x.com/undefined/status/1915008272643526946,1468292831228096513,,
1914955041993330883,Wed Apr 23 08:10:34 +0000 2025,0,[30.0% off] Parfum Cowok Elegant Boyroses Eau De Parfum Baccarat Oud 55ml menawarkan aroma kuat Woody Musky dengan sentuhan Mawar Bulgaria dan Vanilla. https://t.co/mgVcfHyUMw,1914955041993330883,,,in,,0,0,0,https://x.com/undefined/status/1914955041993330883,1541926908383727616,,
1545387169870741508,Fri Jul 08 12:39:47 +0000 2022,0,Parfum yang aku sukai saat ini hari terang: giorgio armani acqua di gio profonddo (best for spring/summer) hari gelap: jean paul gaultier le male le parfum (ini kayaknya masih bisa dipake sampai fall/winter all day) best value: isi ulang di parfum lab aroma vetiver x citrusy,1545387169870741508,,,in,,0,1,0,https://x.com/undefined/status/1545387169870741508,366628048,,
1438714348696784902,Fri Sep 17 04:00:05 +0000 2021,11,Patchouli = Pokok Nilam Aceh Minyak patchouli mempunyai aroma kayu-kayuan manis dan berempah - menjadikannya sebagai salah satu komponen terpenting di dalam pembuatan minyak wangi seperti Giorgio Armani Acqua Di Gio Absolu eau de parfum. https://t.co/W42P9G1k56,1438714348696784902,https://pbs.twimg.com/media/E_dXElrUcAEphL4.jpg,,in,,1,0,0,https://x.com/undefined/status/1438714348696784902,29406737,,
1387262448936177666,Wed Apr 28 05:20:37 +0000 2021,2,@hrdbacot 1). CK Summer and Eternity pasangan serasi buat duet pagi sampai malam. 2). Giorgio Armani - Acqua di Gio buat kalian yang suka aroma sporty tapi tetap elegan. 3). Salvatore Ferragamo F Black ngantor hangout ngedate (kalau punya body mist/body lotion bisa jadi penguat).,1387275537677045760,,hrdbacot,in,,0,1,0,https://x.com/undefined/status/1387275537677045760,1319597245,,
1319676425834696705,Fri Oct 23 17:25:37 +0000 2020,0,@rlthingy 2. Giorgio Armani - Acqua di Gio Buat kalian pecinta aroma-aroma seger tapi tetep classic dan ga nusuk parfum yang ini cocok banget buat kalian. Parfum ini selalu masuk rekomendasi gue buat cowok-cowok yang aktif banget diluar ruangan.,1319691461001015296,,Renaisenancess,in,,0,1,0,https://x.com/undefined/status/1319691461001015296,1319597245,,
1274356678977130496,Sat Jun 20 15:01:23 +0000 2020,0,mendadak seperti mencium aroma acqua di gio guess i miss him that bad eh? his body odor mixed with acqua di gio udah coba acqua di gio doang beda engga kaya kalo dia pake ,1274356678977130496,,,in,,0,0,0,https://x.com/undefined/status/1274356678977130496,1131115877313552385,,
1260448303470252032,Wed May 13 05:54:28 +0000 2020,2,200513 Jackson Weibo Vitalitas segar Sifat cerah Sensibilitas murni Semua adalah aroma eksklusif saya @armani ACQUA DI GIO POUR HOMME tinggallah bersamaku #ArmaniBeauty20thAnniversary #JacksonWang #王嘉尔 #잭슨 #TEAMWANG #GOT7 @JacksonWang852 https://t.co/6pZJ5cn0d7,1260448303470252032,https://pbs.twimg.com/ext_tw_video_thumb/1260407768487464972/pu/img/wj57DPNSzWSB7hR2.jpg,,in,,0,0,0,https://x.com/undefined/status/1260448303470252032,1028654484455546880,,
1255122941852790790,Tue Apr 28 13:55:08 +0000 2020,0,@dissydc @shitlicious Jangan panggil mas panggil aja lit sembari melepaskan kancing dari kemejanya yg basah bermandikan keringat. Iya mas... eh lit... . Aku terdiam melihat sesuatu dibalik kain kemeja putihnya yg masih tersisa aroma Acqua Di Gio Giorgio Armani ternyata.....,1255133450459156481,,dissydc,in,,0,0,0,https://x.com/undefined/status/1255133450459156481,818751359038066690,,
1200803994920054784,Sat Nov 30 15:57:39 +0000 2019,1,@Fahrihamzah @jokowi Pake parfum Kenzo Christian Dior Eau Sauvage Penhaligon's Blenheim Bouquet Giorgio Armani Acqua di Gio Pour Homme Hugo Boss Bottled? Tapi yg di katakan bang Fahri ini aroma politik nya lbih tercium lho bang . Beda atas nama seorang @jokowi dgn presiden a/n pemerintah,1200806101786087424,,Fahrihamzah,in,,0,0,0,https://x.com/undefined/status/1200806101786087424,824734672353587202,,
1195272961227255808,Fri Nov 15 09:30:55 +0000 2019,0,ACQUA DI GIO FAV GUA ANJIR AROMA MANLY GANTENG BGT,1195272961227255808,,,in,,0,0,0,https://x.com/undefined/status/1195272961227255808,794065740764565504,,
1176377755912605696,Tue Sep 24 06:08:07 +0000 2019,0,. 2. Giorgio Armani Acqua Di Gio Pour Homme⠀ ⠀ Terkenal di tahun 1990 parfum ini terus dilanjutkan produksinya karena terdaftar sebagai terlaris terus menerus. Aroma akuatik yang manis dan getir dihasilkan dari https://t.co/kglz2PKvgC,1176377755912605696,,,in,,0,0,0,https://x.com/undefined/status/1176377755912605696,1348076924,,
1146293497735110657,Wed Jul 03 05:44:01 +0000 2019,0,Parfum Eropa Klasik Import original. Aroma melegenda dari : - FM-43 Hugo Boss - Energise - FM-134 Giorgio Armani - Acqua di Gio - FM-224 Carolina Herrera - 212 Sexy Men Pilihan yg disukai Pria melekat dihati https://t.co/ADztv19JAs,1146293497735110657,,,in,,0,0,0,https://x.com/undefined/status/1146293497735110657,615646585,,
1141531116555460608,Thu Jun 20 02:20:01 +0000 2019,1,Giorgio Armani Acqua Di Gio Absolu for Women | EDP | 75 ml | Harga outlet Rp 1.750.000 | Harga kami Rp 1.240.000 Kemasan: Dus Segel Aroma Top Notes: Fruity notes bergamot sea notes Middle Notes: Geranium https://t.co/Z5PGjodnAx,1141531116555460608,,,in,,0,0,0,https://x.com/undefined/status/1141531116555460608,854117841955573760,,
1141212724757577728,Wed Jun 19 05:14:50 +0000 2019,0,Tester - Giorgio Armani Acqua Di Gio Absolu for Women | EDP | 75 ml | Harga outlet Rp 1.600.000 | Harga kami Rp 1.095.000 Kemasan: Dus Tidak Segel Aroma Top Notes: Fruity notes bergamot sea notes Middle Notes: https://t.co/vLeuBsqpAL,1141212724757577728,,,in,,0,0,0,https://x.com/undefined/status/1141212724757577728,854117841955573760,,
1140917499375919105,Tue Jun 18 09:41:43 +0000 2019,0,[Best Seller] Tester - Giorgio Armani Acqua Di Gio Essenza for Men | EDP | 75 ml | Harga outlet Rp 1.450.000 | Harga kami Rp 920.000 Kemasan: Dus Tidak Segel Aroma Top Notes: Fresh water bergamot https://t.co/l8F0OhVOv5,1140917499375919105,,,in,,0,0,0,https://x.com/undefined/status/1140917499375919105,854117841955573760,,
1140865206152847361,Tue Jun 18 06:13:56 +0000 2019,0,[Best Seller] Giorgio Armani Acqua Di Gio for Men | EDT | 100 ml | Harga outlet Rp 1.500.000 | Harga kami Rp 985.000 Kemasan: Dus Segel Aroma Top Notes: Orange lime mandarin orange jasmine bergamot https://t.co/lwDLvmJLkO,1140865206152847361,,,in,,0,0,0,https://x.com/undefined/status/1140865206152847361,854117841955573760,,
1140807849049645056,Tue Jun 18 02:26:01 +0000 2019,0,[Best Seller] Tester - Giorgio Armani Acqua Di Gio for Men | EDT | 100 ml | Harga outlet Rp 1.350.000 | Harga kami Rp 825.000 Kemasan: Dus Tidak Segel Aroma Top Notes: Orange lime mandarin orange jasmine https://t.co/9oI2qTC86v,1140807849049645056,,,in,,0,0,0,https://x.com/undefined/status/1140807849049645056,854117841955573760,,
1140539768457125888,Mon Jun 17 08:40:45 +0000 2019,0,[Best Seller] Giorgio Armani Acqua Di Gio Profumo for Men | Parfum | 75 ml | Harga outlet Rp 1.650.000 | Harga kami Rp 1.180.000 Kemasan: Dus Segel Aroma Top Notes: Bergamot sea notes Middle Notes: Geranium https://t.co/SdHq9nyo6I,1140539768457125888,,,in,,0,0,0,https://x.com/undefined/status/1140539768457125888,854117841955573760,,
1140439274258665473,Mon Jun 17 02:01:25 +0000 2019,0,[Best Seller] Tester - Giorgio Armani Acqua Di Gio Profumo for Men | Parfum | 75 ml | Harga outlet Rp 1.550.000 | Harga kami Rp 1.050.000 Kemasan: Dus Tidak Segel Aroma Top Notes: Bergamot Sea Notes Middle Notes: https://t.co/oA0sgH4bbx,1140439274258665473,,,in,,0,0,0,https://x.com/undefined/status/1140439274258665473,854117841955573760,,
1140132699140698112,Sun Jun 16 05:43:12 +0000 2019,0,[Best Seller] Giorgio Armani Acqua Di Gio Profumo for Men | Parfum | 125 ml | Harga outlet Rp 2.200.000 | Harga kami Rp 1.650.000 [Big Size] Kemasan: Dus Segel Aroma Top Notes: Bergamot sea notes Middle Notes: https://t.co/MqbBljZmSW,1140132699140698112,,,in,,0,0,0,https://x.com/undefined/status/1140132699140698112,854117841955573760,,
1084727921531600896,Mon Jan 14 08:24:24 +0000 2019,0,Giorgio Armani Acqua di Gio for Lady EDT 100ML. Dengan aroma Floral Fruity yang segar. Only 900k. Yuuk order bisa via DM or Wa ya ka.. #parfumoriginal #aigneroriginal #arcaparfum https://t.co/OMBU9CtQkH,1084727921531600896,,,in,,0,0,0,https://x.com/undefined/status/1084727921531600896,701715583608320000,,
1066959759797092355,Mon Nov 26 07:40:04 +0000 2018,0,Acqua Di Gio memiliki aroma segar akan jeruk yang secara halus dicampur dengan kepedasan rosemary dan melati dengan dasar kayu. Aroma woody untuk pria ini membangkitkan kebebasan outdoor https://t.co/qqXRL1fMNo,1066959759797092355,,,in,,0,0,0,https://x.com/undefined/status/1066959759797092355,859817339600093185,,
1041491058784272384,Mon Sep 17 00:56:33 +0000 2018,0,Ini parfum aroma kalem....seperti wangi kalemnya acqua di gio by giorgio armani https://t.co/QvyLAQVqep https://t.co/QvyLAQVqep,1041491058784272384,,,in,,0,0,0,https://x.com/undefined/status/1041491058784272384,626205745,,
1032849627224137728,Fri Aug 24 04:38:35 +0000 2018,0,Armani Acqua Di Gio Ada aroma Grapefruit + Smoky + Incense.. Smokynya cukup dominan lebih kompleks dan intense dari Acqua Di Gio yg biasa.. Overall safe scent buat ngantor lho ini https://t.co/WB8JMuWMgJ,1032849627224137728,,,in,,0,0,0,https://x.com/undefined/status/1032849627224137728,2714844165,,
927741851104313345,Tue Nov 07 03:37:48 +0000 2017,0,Rumah produsen Armani kembali menyajikan aroma terbaru untuk pria . Setelah edisi Acqua di Gio https://t.co/TDxb9ThFzI,927741851104313345,,,in,,0,0,0,https://x.com/undefined/status/927741851104313345,926822454311370758,,
891969728033439744,Mon Jul 31 10:32:09 +0000 2017,0,Parfum Pria FM 134 Rp. 218.000 50ml Kualitas : Eau de Parfum aroma mirip dengan Parfum Giorgio Armani Acqua Di Gio For Man https://t.co/yZBlOYgWhw,891969728033439744,https://pbs.twimg.com/media/DGDpsOaVwAEHfrx.jpg,,in,,0,0,0,https://x.com/undefined/status/891969728033439744,3251902826,,
726643285356244993,Sun May 01 05:23:54 +0000 2016,0,tidak seperti yg lain saya menempatkan giorgio armani acqua di gio sbg aroma yg buruk versi saya.,726643285356244993,,,in,,0,0,0,https://x.com/undefined/status/726643285356244993,538748415,,
700959501852270593,Sat Feb 20 08:25:43 +0000 2016,0,Acqua di GIO man 100 ml parfum Origina tester . Kurangnya unbox/tanpa kotak selebihnya aroma https://t.co/JaxFpCiVlq,700959501852270593,,,in,,0,0,0,https://x.com/undefined/status/700959501852270593,35714993,,
700933637072625665,Sat Feb 20 06:42:56 +0000 2016,0,Acqua di GIO 100 ml parfum Origina tester . Kurangnya unbox/tanpa kotak selebihnya aroma dan https://t.co/MkIHP4Jvxq,700933637072625665,,,in,,0,0,0,https://x.com/undefined/status/700933637072625665,35714993,,
635414677816672256,Sun Aug 23 11:33:59 +0000 2015,0,'Acqua Di Gio Profumo EDP 75ml Parfum terbaru dari Giorgio Armani Woody aromatic aquatic. Aroma maskulin yang sangat intens dan merasuk.,635414677816672256,,,in,,0,0,0,https://x.com/undefined/status/635414677816672256,78768776,,
613991575560060928,Thu Jun 25 08:46:13 +0000 2015,0,New Perfume!Giorgio Armani Acqua di Gio Profumo Man EDP 75 ML Harga 965rb dgn aroma Aromatic perpaduan Bergamot...http://t.co/N6bKRtA2la,613991575560060928,,,in,,0,0,0,https://x.com/undefined/status/613991575560060928,68921816,,
595136033907470336,Mon May 04 08:01:02 +0000 2015,0,Aroma Giorgio Armani Acqua Di Gio yang khas ada di sendnpay. Klik dan pesan sekarang juga di http://t.co/XcS9QDdOtu http://t.co/qOWwHPVwxG,595136033907470336,https://pbs.twimg.com/media/CEJZEcJVIAAazeV.jpg,,in,,0,0,0,https://x.com/undefined/status/595136033907470336,361881826,,
593277325548068864,Wed Apr 29 04:55:11 +0000 2015,0,Parfum fm 134 Persamaan aroma dgn acqua di gio pria http://t.co/7yXZTsOXpO Farfum ori https://t.co/ifad2bQKu5,593277325548068864,,,in,,0,0,0,https://x.com/undefined/status/593277325548068864,3150248413,,
587435187203604481,Mon Apr 13 02:00:37 +0000 2015,0,Pancarkan aroma khas memukau dari Giorgio Armani Acqua Di Gio klik dan pesan yg original di http://t.co/UfHgEoATuq http://t.co/UlWlFAnlw8,587435187203604481,https://pbs.twimg.com/media/CCb9MKqUEAAuqT6.jpg,,in,,0,0,0,https://x.com/undefined/status/587435187203604481,361881826,,
1873452343896985794,Sun Dec 29 20:46:47 +0000 2024,0,Versace Bright Crystal adalah parfum yang menggambarkan kelembutan dan keanggunan tanpa mengorbankan keberanian atau kualitas. Formula yang dirancang dengan halus ini menghasilkan aroma yang bersih ringan dan menyenangkan untuk indera. Sementara model botolnya mempertegas,1873470745667641707,,Zeayuu,in,,0,1,0,https://x.com/undefined/status/1873470745667641707,3266910062,,
1873452343896985794,Sun Dec 29 20:46:05 +0000 2024,0,Daya Tahan Daya tahan mungkin bukan sisi paling kuat dari Bright Crystal namun ini bukan kelemahan besar mengingat jenis aromanya yang ringan dan menenangkan. Bright Crystal mampu bertahan selama beberapa jam sebelum memudar menjadi sentuhan aroma yang sangat halus dan intim.,1873470569485881387,,Zeayuu,in,,0,1,0,https://x.com/undefined/status/1873470569485881387,3266910062,,
1873452343896985794,Sun Dec 29 20:45:19 +0000 2024,0,Aroma yang Menawan Bright Crystal adalah jenis parfum yang sillage-nya lembut tapi tetap terasa. Ini mengundang orang yang berada di dekat pemakainya untuk mendekat sebuah pujukan yang halus namun pasti. Perpindahan dari notanya halus dan terjalin dengan sempurna memberikan,1873470374261981580,,Zeayuu,in,,0,1,0,https://x.com/undefined/status/1873470374261981580,3266910062,,
1873452343896985794,Sun Dec 29 20:44:09 +0000 2024,1,Dalam artikel yang detail ini kita akan menyelami aspek-aspek dari parfum ini mulai dari aroma estetika hingga kinerjanya yang memesona. Simak yuk! Komposisi Aroma Versace Bright Crystal Bright Crystal mewakili kesegaran yang luar biasa yang membuatnya sempurna untuk,1873470081239527552,,Zeayuu,in,,0,1,0,https://x.com/undefined/status/1873470081239527552,3266910062,,
1869839044143992997,Thu Dec 19 21:03:45 +0000 2024,0,2. Versace Bright Crystal Di sisi lain spektrum Bright Crystal menawarkan sentuhan lembut dan anggun kepada penggunanya. Diinspirasi oleh kombinasi kebahagiaan dan kecantikan yang luar biasa aroma ini cocok untuk wanita yang feminin dan penuh percaya diri. Not atasnya adalah,1869851134602686807,,sluibt,in,,0,1,0,https://x.com/undefined/status/1869851134602686807,1017695492,,
1869412667368395029,Wed Dec 18 16:31:23 +0000 2024,1,7. Versace Bright Crystal Absolu Woman Parfum wanita Versace Bright Crystal Absolu menawarkan aroma yang hangat manis dan elegan. Aroma memikat yang tahan lama dan juga semerbak. Perpaduan aroma floral fruity dengan sedikit sentuhan aroma kayu-kayuan menjadikan parfum,1869420202972352788,,foawly,in,,0,1,0,https://x.com/undefined/status/1869420202972352788,1032908647,,
1867285957676069220,Thu Dec 12 19:27:27 +0000 2024,1,7. Versace Bright Crystal Absolu Woman Parfum wanita Versace Bright Crystal Absolu menawarkan aroma yang hangat manis dan elegan. Aroma memikat yang tahan lama dan juga semerbak. Perpaduan aroma floral fruity dengan sedikit sentuhan aroma kayu-kayuan menjadikan parfum,1867290187698700459,,sluibt,in,,0,1,0,https://x.com/undefined/status/1867290187698700459,1017695492,,
1840734341179084850,Mon Sep 30 12:44:13 +0000 2024,0,Mungkin Versace Bright Crystal ini tuh akan jadi parfum daily kedua aku. Karena aku masuh suka bau yg soft powderi kek Black Opium dari YSL. Ya seenggaknya aku tau oh gini aroma beomgyu? Smpai member berapa kli notice dan nanya parfum dia apa ,1840734395675893974,,beomlovzs,in,,0,1,0,https://x.com/undefined/status/1840734395675893974,927149443,,
1840734341179084850,Mon Sep 30 12:44:12 +0000 2024,6,Ketiga Varsace Bright Crystal. Ofc dari kedua parfum di atas ini paling better bgt 9/10 Wanginya tuh lembut yg ke powder tapi gk terlalu elegan manis fresh buah ada aroma woodyn ada aroma rose. Aku nangkap aromanya mewah ini kek ninggalin jejak di indra penciuman https://t.co/59l0rppDUK,1840734390714036668,https://pbs.twimg.com/media/GYuaKqLbMAAlWZn.jpg,beomlovzs,in,,0,1,0,https://x.com/undefined/status/1840734390714036668,927149443,,
1761026901982777499,Sat Feb 24 00:50:46 +0000 2024,0,@tanyakanrl Saya biasa pake versace bright crystal awal disemprot dia kayak aroma teh+cytrus pas udah lama baunya berubah cobain deh siapa tau cocok,1761191907802411393,,tanyakanrl,in,,0,0,0,https://x.com/undefined/status/1761191907802411393,71712918,,
1689706121131671552,Thu Aug 10 18:31:47 +0000 2023,15,pake black opium dikatain temen kek bau om om pake oud satin dibilang kek bau bapak bapak atau ga dupa lost cherry disebut bau obat sirup bright crystal katanya aroma sabun memang selera orang tu beda beda,1689706121131671552,,,in,,1,0,1,https://x.com/undefined/status/1689706121131671552,1666387848541663232,,
1290193286129426432,Mon Aug 03 07:50:24 +0000 2020,0,Tester - Versace Bright Crystal Absolu for Women EDP 90 ml Harga outlet Rp NA Harga kami Rp 780.000 Kemasan: Dus Tidak Segel Aroma Top Notes: Yuzu pomegranate Middle Notes: Raspberry lotus peony and https://t.co/J3HCFUIHY6,1290193286129426432,,,in,,0,0,0,https://x.com/undefined/status/1290193286129426432,854117841955573760,,
1217747105982271488,Thu Jan 16 12:35:38 +0000 2020,0,@beauthingy Dulu suka aroma sweet kayak vanilla gitu. Tapi sekarang lebih suka aroma fruity floral. Fav parfum Versace Bright crystal absolu wanginya aku banget ,1217787493078093832,,beauthingy,in,,0,0,0,https://x.com/undefined/status/1217787493078093832,89372628,,
1125991641397940225,Wed May 08 05:11:41 +0000 2019,2,#Repost from @rumahparfumcom Versace Bright Crystal Woman⁣ isi 90ML jenis EDT⁣ -⁣ Klasik dan simpel kesan pertama saat kamu menyemprotkan parfum ini aroma peony dan delima merah fresh juicy begitu feminin dan energik.⁣ Lagi ada promo nih periode 30 Apr - 13 Mei 2019. https://t.co/eDo500fgd3,1125991641397940225,https://pbs.twimg.com/media/D6BTaoKVUAASh9v.jpg,,in,,0,0,1,https://x.com/undefined/status/1125991641397940225,278439826,,
1034954798171402240,Thu Aug 30 00:03:47 +0000 2018,0,[Best Seller] Versace Bright Crystal Absolu for Women | EDP | 90 ml | Harga outlet Rp 1.250.000 | Harga kami Rp 775.000 Kemasan: Dus Segel Aroma Top Notes: Yuzu pomegranate Middle https://t.co/5iF7hethuT,1034954798171402240,,,in,,0,0,0,https://x.com/undefined/status/1034954798171402240,854117841955573760,,
1034750589018800128,Wed Aug 29 10:32:19 +0000 2018,0,Tester - Versace Bright Crystal for Women | EDT | 90 ml | Harga outlet Rp 1.100.000 | Harga kami Rp 595.000 Kemasan: Dus Tidak Segel Aroma Top Notes: Pomegranate Yuzu Middle Notes: https://t.co/1M4oivPLch,1034750589018800128,,,in,,0,0,0,https://x.com/undefined/status/1034750589018800128,854117841955573760,,
907506166271488000,Tue Sep 12 07:28:25 +0000 2017,0,Fresh and clear as crystal. . Aroma fresh dan sejuk je bg si pemakai.. itulah Bright Crystal https://t.co/0i8O8fHQ11,907506166271488000,,,in,,0,0,0,https://x.com/undefined/status/907506166271488000,883725876914823168,,
901609273553108992,Sun Aug 27 00:56:16 +0000 2017,0,Fresh and clear as crystal . Aroma fresh dan sejuk je bg si pemakai.. itulah Bright Crystal https://t.co/sLVBmPNczr,901609273553108992,,,in,,0,0,0,https://x.com/undefined/status/901609273553108992,883725876914823168,,
892041149170372608,Mon Jul 31 15:15:57 +0000 2017,0,Parfum Wanita FM 141 Rp. 370.000 50ml Kualitas : Parfum FM 141 memiliki kemiripan aroma dengan parfum Eropa Versace Bright Crystal https://t.co/wANE4i78YW,892041149170372608,https://pbs.twimg.com/media/DGEqnciUAAEWUhd.jpg,,in,,0,0,0,https://x.com/undefined/status/892041149170372608,3251902826,,
587590233065185280,Mon Apr 13 12:16:43 +0000 2015,0,Versace - bright crystal. Bau yang mengoda menambat hati si dia... Memberi tenaga dari aroma bunga https://t.co/PkY7Jx1ovx,587590233065185280,,,in,,0,0,0,https://x.com/undefined/status/587590233065185280,2825356261,,
513853085274607616,Mon Sep 22 00:51:37 +0000 2014,0,Versace - bright crystal. Bau yang mengoda menambat hati si dia... Memberi tenaga dari aroma bunga http://t.co/5jZSXVyLXt,513853085274607616,,,in,,0,0,0,https://x.com/undefined/status/513853085274607616,2825356261,,
388812291010859009,Fri Oct 11 23:44:08 +0000 2013,0,SJP Covet (lbh strong aroma manisnya) SJP Covet in Bloom (lebih kuat wangi bunga) Versace Bright Crystal,388812291010859009,,,in,,0,0,0,https://x.com/undefined/status/388812291010859009,410545823,,
339172795038715904,Tue May 28 00:14:30 +0000 2013,0,SJP Covet (lbh strong aroma manisnya) SJP Covet in Bloom (lebih kuat wangi bunga) Versace Bright Crystal,339172795038715904,,,in,,0,0,0,https://x.com/undefined/status/339172795038715904,410545671,,
328773220973027328,Mon Apr 29 07:30:19 +0000 2013,0,Original Parfum :Versace Bright Crystal dg aroma floral citrus&amp;fresh utkpenampilan terbaik wanita only IDR 475 000 - http://t.co/GHvC946T26,328773220973027328,https://pbs.twimg.com/media/BJAJgKgCIAAgxM5.jpg,,in,,0,0,0,https://x.com/undefined/status/328773220973027328,854994078,,
326382165334036480,Mon Apr 22 17:09:06 +0000 2013,0,Original Parfum :Versace Bright Crystal dg aroma floral citrus&amp;fresh utkpenampilan terbaik wanita only IDR 475 000 - http://t.co/OwajrhzVUY,326382165334036480,,,in,,0,0,0,https://x.com/undefined/status/326382165334036480,854994078,,
325154030223495170,Fri Apr 19 07:48:56 +0000 2013,0,Original Parfum :Versace Bright Crystal dg aroma floral citrus&amp;fresh utkpenampilan terbaik wanita only IDR 475 000 - http://t.co/SgawLaGlV3,325154030223495170,https://pbs.twimg.com/media/BGGpqcVCMAA1c4K.jpg,,in,,0,0,0,https://x.com/undefined/status/325154030223495170,854994078,,
324498406779260929,Wed Apr 17 12:23:43 +0000 2013,0,Original Parfum :Versace Bright Crystal dg aroma floral citrus&amp;fresh utkpenampilan terbaik wanita only IDR 475 000 - http://t.co/OwajrhzVUY,324498406779260929,,,in,,0,0,0,https://x.com/undefined/status/324498406779260929,854994078,,
324415277557239808,Wed Apr 17 06:53:24 +0000 2013,0,Original Parfum :Versace Bright Crystal dg aroma floral citrus&amp;fresh utkpenampilan terbaik wanita only IDR 475 000 - http://t.co/RB6AgYovrp,324415277557239808,https://pbs.twimg.com/media/BHKFCssCIAA5iAO.jpg,,in,,0,0,0,https://x.com/undefined/status/324415277557239808,854994078,,
322624252807364608,Fri Apr 12 08:16:30 +0000 2013,0,Original Parfum :Versace Bright Crystal dg aroma floral citrus&amp;fresh utkpenampilan terbaik wanita only IDR 475 000 - http://t.co/RB6AgYovrp,322624252807364608,https://pbs.twimg.com/media/BHKFCssCIAA5iAO.jpg,,in,,0,0,0,https://x.com/undefined/status/322624252807364608,854994078,,
322268872319320064,Thu Apr 11 08:44:21 +0000 2013,0,Original Parfum :Versace Bright Crystal dg aroma floral citrus&amp;fresh utk tampilan terbaik wanita only IDR 475 000 - http://t.co/RB6AgYovrp,322268872319320064,https://pbs.twimg.com/media/BHKFCssCIAA5iAO.jpg,,in,,0,0,0,https://x.com/undefined/status/322268872319320064,854994078,,
321571993168277506,Tue Apr 09 10:35:12 +0000 2013,0,Original Parfum :Versace Bright Crystal dg aroma floral citrus&amp;fresh utkpenampilan terbaik wanita only IDR 475 000 - http://t.co/SgawLaGlV3,321571993168277506,https://pbs.twimg.com/media/BGGpqcVCMAA1c4K.jpg,,in,,0,0,0,https://x.com/undefined/status/321571993168277506,854994078,,
321199232642080769,Mon Apr 08 09:53:59 +0000 2013,0,Original Parfum :Versace Bright Crystal dg aroma floral citrus&amp;fresh utkpenampilan terbaik wanita only IDR 475 000 - http://t.co/RB6AgYovrp,321199232642080769,https://pbs.twimg.com/media/BHKFCssCIAA5iAO.jpg,,in,,0,0,0,https://x.com/undefined/status/321199232642080769,854994078,,
320464804890419201,Sat Apr 06 09:15:38 +0000 2013,0,Original Parfum :Versace Bright Crystal dg aroma floral citrus&amp;fresh utkpenampilan terbaik wanita only IDR 475 000 - http://t.co/RB6AgYovrp,320464804890419201,https://pbs.twimg.com/media/BHKFCssCIAA5iAO.jpg,,in,,0,0,0,https://x.com/undefined/status/320464804890419201,854994078,,
320134007268470785,Fri Apr 05 11:21:09 +0000 2013,0,Original Parfum :Versace Bright Crystal dg aroma floral citrus&amp;fresh utkpenampilan terbaik wanita only IDR 475 000 - http://t.co/SgawLaGlV3,320134007268470785,https://pbs.twimg.com/media/BGGpqcVCMAA1c4K.jpg,,in,,0,0,0,https://x.com/undefined/status/320134007268470785,854994078,,
320030740790272000,Fri Apr 05 04:30:49 +0000 2013,0,Original Parfum :Versace Bright Crystal dg aroma floral citrus&amp;fresh utkpenampilan terbaik wanita only IDR 475 000 - http://t.co/SgawLaGlV3,320030740790272000,https://pbs.twimg.com/media/BGGpqcVCMAA1c4K.jpg,,in,,0,0,0,https://x.com/undefined/status/320030740790272000,854994078,,
319486769135493121,Wed Apr 03 16:29:16 +0000 2013,0,Original Parfum :Versace Bright Crystal dg aroma floral citrus&amp;fresh utkpenampilan terbaik wanita only IDR 475 000 - http://t.co/SgawLaGlV3,319486769135493121,https://pbs.twimg.com/media/BGGpqcVCMAA1c4K.jpg,,in,,0,0,0,https://x.com/undefined/status/319486769135493121,854994078,,
319122628084375552,Tue Apr 02 16:22:18 +0000 2013,0,Original Parfum :Versace Bright Crystal dg aroma floral citrus&amp;fresh utkpenampilan terbaik wanita only IDR 475 000 - http://t.co/SgawLaGlV3,319122628084375552,https://pbs.twimg.com/media/BGGpqcVCMAA1c4K.jpg,,in,,0,0,0,https://x.com/undefined/status/319122628084375552,854994078,,
318383772435357697,Sun Mar 31 15:26:21 +0000 2013,0,Original Parfum :Versace Bright Crystal dg aroma floral citrus&amp;fresh utkpenampilan terbaik wanita only IDR 475 000 - http://t.co/SgawLaGlV3,318383772435357697,https://pbs.twimg.com/media/BGGpqcVCMAA1c4K.jpg,,in,,0,0,0,https://x.com/undefined/status/318383772435357697,854994078,,
316960892745027585,Wed Mar 27 17:12:20 +0000 2013,0,Original Parfum :Versace Bright Crystal dg aroma floral citrus&amp;fresh utkpenampilan terbaik wanita only IDR 475 000 - http://t.co/SgawLaGlV3,316960892745027585,https://pbs.twimg.com/media/BGGpqcVCMAA1c4K.jpg,,in,,0,0,0,https://x.com/undefined/status/316960892745027585,854994078,,
315859077710352385,Sun Mar 24 16:14:07 +0000 2013,0,Original Parfum :Versace Bright Crystal dg aroma floral citrus&amp;fresh utkpenampilan terbaik wanita only IDR 475 000 - http://t.co/SgawLaGlV3,315859077710352385,https://pbs.twimg.com/media/BGGpqcVCMAA1c4K.jpg,,in,,0,0,0,https://x.com/undefined/status/315859077710352385,854994078,,
315719995508273153,Sun Mar 24 07:01:27 +0000 2013,0,Original Parfum :Versace Bright Crystal dg aroma floral citrus&amp;fresh utkpenampilan terbaik wanita only IDR 475 000 - http://t.co/SgawLaGlV3,315719995508273153,https://pbs.twimg.com/media/BGGpqcVCMAA1c4K.jpg,,in,,0,0,0,https://x.com/undefined/status/315719995508273153,854994078,,
314787874107166721,Thu Mar 21 17:17:32 +0000 2013,0,Original 100% :Versace Bright Crystal dg aroma kesegaran floral and woody yg pas banget untuk kaum hawa IDR 485 000 http://t.co/Eq0rmIGSD9,314787874107166721,https://pbs.twimg.com/media/BFx13u5CYAEmmSI.jpg,,in,,0,0,0,https://x.com/undefined/status/314787874107166721,854994078,,
314255674341220352,Wed Mar 20 06:02:46 +0000 2013,0,Ori 100% :Versace Bright Crystal dg aroma kesegaran floral and woody yg pas banget untuk kaum hawa only IDR 485 000 http://t.co/Eq0rmIGSD9,314255674341220352,https://pbs.twimg.com/media/BFx13u5CYAEmmSI.jpg,,in,,0,0,0,https://x.com/undefined/status/314255674341220352,854994078,,
307730613115437056,Sat Mar 02 05:54:30 +0000 2013,0,SJP Covet (lbh strong aroma manisnya) SJP Covet in Bloom (lebih kuat wangi bunga) Versace Bright Crystal,307730613115437056,,,in,,0,0,0,https://x.com/undefined/status/307730613115437056,410545823,,
303006927967899648,Sun Feb 17 05:04:15 +0000 2013,0,SJP Covet (lbh strong aroma manisnya) SJP Covet in Bloom (lebih kuat wangi bunga) Versace Bright Crystal,303006927967899648,,,in,,0,0,0,https://x.com/undefined/status/303006927967899648,410545823,,
302625538693017600,Sat Feb 16 03:48:45 +0000 2013,0,SJP Covet (lbh strong aroma manisnya) SJP Covet in Bloom (lebih kuat wangi bunga) Versace Bright Crystal,302625538693017600,,,in,,0,0,0,https://x.com/undefined/status/302625538693017600,410545823,,
299981432191868928,Fri Feb 08 20:42:01 +0000 2013,0,SJP Covet (lbh strong aroma manisnya) SJP Covet in Bloom (lebih kuat wangi bunga) Versace Bright Crystal,299981432191868928,,,in,,0,0,0,https://x.com/undefined/status/299981432191868928,410545671,,
299686207544233984,Fri Feb 08 01:08:54 +0000 2013,0,SJP Covet (lbh strong aroma manisnya) SJP Covet in Bloom (lebih kuat wangi bunga) Versace Bright Crystal,299686207544233984,,,in,,0,0,0,https://x.com/undefined/status/299686207544233984,410545671,,
296051173964779521,Tue Jan 29 00:24:34 +0000 2013,0,SJP Covet (lbh strong aroma manisnya) SJP Covet in Bloom (lebih kuat wangi bunga) Versace Bright Crystal,296051173964779521,,,in,,0,0,0,https://x.com/undefined/status/296051173964779521,410545823,,
296006851336757249,Mon Jan 28 21:28:27 +0000 2013,0,SJP Covet (lbh strong aroma manisnya) SJP Covet in Bloom (lebih kuat wangi bunga) Versace Bright Crystal,296006851336757249,,,in,,0,0,0,https://x.com/undefined/status/296006851336757249,410545823,,
295637802740236288,Sun Jan 27 21:01:59 +0000 2013,0,SJP Covet (lbh strong aroma manisnya) SJP Covet in Bloom (lebih kuat wangi bunga) Versace Bright Crystal,295637802740236288,,,in,,0,0,0,https://x.com/undefined/status/295637802740236288,410545823,,
295345380290355202,Sun Jan 27 01:40:00 +0000 2013,0,SJP Covet (lbh strong aroma manisnya) SJP Covet in Bloom (lebih kuat wangi bunga) Versace Bright Crystal,295345380290355202,,,in,,0,0,0,https://x.com/undefined/status/295345380290355202,410545671,,
295302772864217088,Sat Jan 26 22:50:42 +0000 2013,0,SJP Covet (lbh strong aroma manisnya) SJP Covet in Bloom (lebih kuat wangi bunga) Versace Bright Crystal,295302772864217088,,,in,,0,0,0,https://x.com/undefined/status/295302772864217088,410545823,,
294569331084374016,Thu Jan 24 22:16:16 +0000 2013,0,SJP Covet (lbh strong aroma manisnya) SJP Covet in Bloom (lebih kuat wangi bunga) Versace Bright Crystal,294569331084374016,,,in,,0,0,0,https://x.com/undefined/status/294569331084374016,410545823,,
293537617163739136,Tue Jan 22 01:56:36 +0000 2013,0,SJP Covet (lbh strong aroma manisnya) SJP Covet in Bloom (lebih kuat wangi bunga) Versace Bright Crystal,293537617163739136,,,in,,0,0,0,https://x.com/undefined/status/293537617163739136,410545671,,
293482641997570049,Mon Jan 21 22:18:09 +0000 2013,0,SJP Covet (lbh strong aroma manisnya) SJP Covet in Bloom (lebih kuat wangi bunga) Versace Bright Crystal,293482641997570049,,,in,,0,0,0,https://x.com/undefined/status/293482641997570049,410545823,,
255925297180975104,Wed Oct 10 06:58:40 +0000 2012,0,SJP Covet (lbh strong aroma manisnya) SJP Covet in Bloom (lebih kuat wangi bunga) Versace Bright Crystal,255925297180975104,,,in,,0,0,1,https://x.com/undefined/status/255925297180975104,392618126,,
254584381279199232,Sat Oct 06 14:10:21 +0000 2012,0,SJP Covet (lbh strong aroma manisnya) SJP Covet in Bloom (lebih kuat wangi bunga) Versace Bright Crystal,254584381279199232,,,in,,0,0,2,https://x.com/undefined/status/254584381279199232,392618126,,
253737929661353984,Thu Oct 04 06:06:51 +0000 2012,0,SJP Covet (lbh strong aroma manisnya) SJP Covet in Bloom (lebih kuat wangi bunga) Versace Bright Crystal,253737929661353984,,,in,,0,0,1,https://x.com/undefined/status/253737929661353984,392618126,,
252720509039554560,Mon Oct 01 10:43:59 +0000 2012,0,SJP Covet (lbh strong aroma manisnya) SJP Covet in Bloom (lebih kuat wangi bunga) Versace Bright Crystal,252720509039554560,,,in,,0,0,1,https://x.com/undefined/status/252720509039554560,392618126,,
251653114841681921,Fri Sep 28 12:02:32 +0000 2012,0,SJP Covet (lbh strong aroma manisnya) SJP Covet in Bloom (lebih kuat wangi bunga) Versace Bright Crystal,251653114841681921,,,in,,0,0,0,https://x.com/undefined/status/251653114841681921,392618126,,
250804648909340672,Wed Sep 26 03:51:02 +0000 2012,0,SJP Covet (lbh strong aroma manisnya) SJP Covet in Bloom (lebih kuat wangi bunga) Versace Bright Crystal,250804648909340672,,,in,,0,0,0,https://x.com/undefined/status/250804648909340672,392618126,,
207470623188987907,Tue May 29 13:57:06 +0000 2012,0,Versace Bright Crystal Aroma floral fruity yg fresh cocok utk sehari2. SPECIAL DISCOUNT sampai dengan bulan Juni 2012 http://t.co/F4HS9IJX,207470623188987907,https://pbs.twimg.com/media/AuEVbr1CMAAWACR.jpg,,in,,0,0,0,https://x.com/undefined/status/207470623188987907,591564987,,
104940029587095552,Sat Aug 20 15:37:07 +0000 2011,0,Ntar Q test dlu aroma ny ceu RT @Nunnnyyy: Neng @niqietha parfum yg bright crystal blm ready.. Adanya mlh versace ... http://t.co/6gYeK78,104940029587095552,,,in,,0,0,0,https://x.com/undefined/status/104940029587095552,78889770,,
"1,89005E+18",Thu Feb 13 14:58:54 +0000 2025,0,4. amplop merah muda nah ini isinya surat cinta yang tulus dan manis. lalu suratnya diberi parfum agar wangi juga jadi hadiah paling gemes dan manis,"1,89005E+18",,lovedsand,in, âÅ?  Velove Velarissa. â €âù?ï¸?,0,1,0,https://x.com/lovedsand/status/1890053039974932895,"1,8588E+18",lovedsand,
"1,88998E+18",Thu Feb 13 10:22:26 +0000 2025,0,Aku nemu promo menarik di Lazada nih. Yuk coba lihat! Nama Produk: Bibit Parfum Minyak Wangi 100ml Wangi Paling Tahan Lama Harga Produk: Rp58.888 Harga Diskon: Rp22.000 | https://t.co/2YS2i4aLwv,"1,88998E+18",,,in,Indonesia,0,0,0,https://x.com/pejuangnafkahhh/status/1889983462712787319,"1,87439E+18",pejuangnafkahhh,
"1,88993E+18",Thu Feb 13 06:47:03 +0000 2025,0,Parfum dapat mencerminkan kepribadian. Cek aroma parfum sesuai zodiakmu dan temukan wangi yang paling cocok untuk karakter unikmu! https://t.co/3MVfQmgslc,"1,88993E+18",,,in,Madiun,0,0,0,https://x.com/radarmadiunweb/status/1889929260078342174,1404018642,radarmadiunweb,
"1,88974E+18",Wed Feb 12 21:27:24 +0000 2025,0,@FuwaJAYS @FuwaSUNGCHAN @FuwaWONBIN @FuwaSARANG @FuwaHAERIN @FuwaCSAN @FuwaDUDUNG @FuwaISA Lotionnya gue pakai yang water based yang gampang nyerep bukan yang oil yap (kurang menyarankan body butter). Teruss jangan kebanyakan dikit aja oocly gue pakai kuliah kelas daribpagi sampai sore tuh masih wangi paling kalau gabut re-apply parfum aja sedikit,"1,88979E+18",,BlurredJays,in,"aespa, 2OO2. st: 557",0,1,0,https://x.com/FuwaNINGNING/status/1889788418273456211,"1,87125E+18",FuwaNINGNING,
"1,88969E+18",Wed Feb 12 15:18:03 +0000 2025,0,dan pujian bocil yang paling gue inget krn membekas adalah kaka pake parfum apa sih? wangi bgt WANGI BANGET.... THAT'S... wangi banget ajbsiwbsalzhwldnalzjhskaâ€çï¸èâ€çï¸è padahal gue ga suka pake parfum gue baru beli parfum dan sering pake itu krn mantan gue.,"1,8897E+18",,gaiwantea_,in,Â· versatile Â·,0,1,0,https://x.com/gaiwantea_/status/1889695470223540691,"9,28888E+17",gaiwantea_,
"1,88934E+18",Wed Feb 12 11:39:33 +0000 2025,0,@pearlpufie tawas ngak sihh soalnya udah bahan paling dasar deonya jg cm air + tawas (+ parfum mungkin kl wangi) aku gonta ganti merek n jenis jg sama sama aja resultnyaa,"1,88964E+18",,pearlpufie,in,:(: ?Ÿ??,0,1,0,https://x.com/otterin_ada/status/1889640480725479481,"1,29461E+18",otterin_ada,
"1,88955E+18",Wed Feb 12 05:29:50 +0000 2025,1,https://t.co/8cB0XMh49V Review Parfum HMNS Farhampton Wangi Super Enak dari Brand Terkenal dan Paling Best Seller: Pantes Laku Banget #hmnsfarhampton #racuninparfum,"1,88955E+18",,,in,,0,0,0,https://x.com/jeoyakeen_/status/1889547439557976320,"1,77946E+18",jeoyakeen_,
"1,88954E+18",Wed Feb 12 05:13:02 +0000 2025,0,Rekomendasi Parfum Untuk Bayi yang Aman dan wangi Tahan Lama. Dan yang paling penting sudah terdapat Di BPOM. https://t.co/EGDBYB51ns,"1,88954E+18",,,in,Madiun,0,0,0,https://x.com/radarmadiunweb/status/1889543212106240442,1404018642,radarmadiunweb,
"1,88931E+18",Wed Feb 12 02:35:00 +0000 2025,0,@IswhiteOfficial @elvicto_id dari kecil sampai sekarang kamu selalu jadi orang yang paling peduli sama aku. Makasih udah gantiin peran orang tua nemenin aku dan selalu jd sandaran. Aku ga bisa balas semua kebaikanmu tp semoga parfum ini bisa jadi hadiah kecil buat kakak biar selalu wangi dan bahagia,"1,8895E+18",,IswhiteOfficial,in,"Bandung, Jawa Barat",0,0,0,https://x.com/picalyne/status/1889503442319843609,"1,3896E+18",picalyne,
"1,88935E+18",Tue Feb 11 16:09:40 +0000 2025,0,wangi. paling suka pas ada yg bilang wangimu manis kyk permen pengen ku makan tp skrg udh ganti parfum si,"1,88935E+18",,,in,handled by 2 admin,0,0,0,https://x.com/meowstrez/status/1889346069970174245,"1,37611E+18",meowstrez,
"1,88315E+18",Tue Feb 11 13:38:47 +0000 2025,8,dari ke-4 parfum ini yg paling favorit si iced lychee tea pas awal di spray keluar aroma teh leci yg seger. abis tuu kecium wangi rose flower sih yaa yg aku notice. nah lama dia wanginya lebih ke manis antara wangi flower sama vanilla dipakai pas siang pun aman sih https://t.co/8bpbQXnfSd,"1,88931E+18",,_mutiaraaaf,in,"Bogor, Jawa Barat",0,1,7,https://x.com/_mutiaraaaf/status/1889308100655710639,"1,35107E+18",_mutiaraaaf,https://pbs.twimg.com/media/GjgrsdhbUAAQlNB.jpg
"1,88929E+18",Tue Feb 11 12:55:10 +0000 2025,1,10PM. Branding nya ini parfum cowok tp dari wangi masih aman banget di pake sama cewek. 10 PM ini paling favorit versi aku wanginya pecah!! dari notes yg menurut aku ga ada yg gagal. https://t.co/RiO1tLCbIb,"1,8893E+18",,Riska17,in,,0,1,1,https://x.com/Riska17/status/1889297126095814784,311821851,Riska17,https://pbs.twimg.com/media/GjghuSUakAAG9GI.jpg
"1,88894E+18",Tue Feb 11 05:55:01 +0000 2025,5,@convomf Parfum girly ini. Yg bizarre sama uptown wanginya fruity cewe banget paling terasa segernya. Kalo yg after bath wangi ocean aquatic gitu seger menenangkan favorit banget wanginya https://t.co/mg3mck1zbr,"1,88919E+18",,convomf,in,,0,0,0,https://x.com/rianarsk/status/1889191390514721046,"1,547E+18",rianarsk,
"1,88911E+18",Tue Feb 11 00:18:12 +0000 2025,1,https://t.co/5zzIBHjOsR Rekomendasi dan Review Top 3 Parfum Smells Good Wangi Ga Pernah Gagal dan Paling Enak Lokal Punya! #racunparfume #parfumlokal,"1,88911E+18",,,in,,0,0,0,https://x.com/jeoyakeen_/status/1889106625400918397,"1,77946E+18",jeoyakeen_,
"1,88904E+18",Mon Feb 10 20:08:21 +0000 2025,0,bru nyadar pnyebab pusing berhari2 sya trnyata krna wangi parfum laundry. abis dicuci ulang pakai dterjen biasa pusing 2 hari langsung hilang. +bonus muka jd glowing. bnr2 ini penemuan paling revolusioner yg prnah sya alami.,"1,88904E+18",,,in,,0,0,0,https://x.com/Greyhazz2/status/1889043749701029940,"1,68611E+18",Greyhazz2,
"1,88888E+18",Mon Feb 10 09:24:14 +0000 2025,66,gua baru aja nyobain parfum Classy by Aoera dan lgsg jatuh cinta! wanginya tu kaya rootbeer trs hint wangi ginger. botol kaca yg unik berisi 50ml dan sprayer yg alus dan menyebar jd gabakal ninggalin bekas di baju. yg paling penting parfum ini tahan up to 8 jam https://t.co/OFtCOkfXOp,"1,88888E+18",,,in,sub,1,35,32,https://x.com/athenaamane/status/1888881653155811806,"8,27373E+17",athenaamane,https://pbs.twimg.com/media/Gjan1B9bgAEOEAq.jpg
"1,8879E+18",Sun Feb 09 00:24:32 +0000 2025,0,@Thinkaboutzee7 Sejauh ini parfum yang paling favorit dan wanginya cocok di aku cuma ketiga ini. Cuma sayangnya gak begitu awet wanginya. Yaa dengan harga segitu gak berharap tahan seharian sih cuma aku suka banget sama wangi dari ketiga parfum ini https://t.co/Jbzb8WbJBs,"1,88838E+18",,Thinkaboutzee7,in,,0,0,1,https://x.com/take_abreath123/status/1888383445434585177,"1,80514E+18",take_abreath123,https://pbs.twimg.com/media/GjTivA1aEAAy8GV.jpg
"1,8879E+18",Sat Feb 08 17:30:26 +0000 2025,1,@Thinkaboutzee7 pokoknya punya 3 parfum; 1. my way: wangi kunti core 2. onix - mexicola: fruity sweet gituu 3. saff n co - irai leima: fresh citrus dan finishnya soft gitu suka banget pokoknya. nah ketiga itu gantian pakenya sesuai mood aja. tp overall paling suka yg my way sih.,"1,88828E+18",,Thinkaboutzee7,in,Andromeda,0,0,0,https://x.com/dearestpoetry/status/1888279234545873319,177502192,dearestpoetry,
"1,8879E+18",Sat Feb 08 15:28:16 +0000 2025,1,@xavierrkive @Thinkaboutzee7 Aroma nya freshy bunga tp ga yg lebay ka trs wangi nya seenak itu berasa jd cewe paling cantik di kantor tiap pake itu soal nya org2 suka salfok tiap pagi aku pake parfum itu,"1,88825E+18",,xavierrkive,in,,0,0,0,https://x.com/dear_fullsun97/status/1888248491425849852,"1,33841E+18",dear_fullsun97,
"1,88817E+18",Sat Feb 08 10:01:06 +0000 2025,0,Monacruz Minyak Wangi Lucifer ( paling dicari ) Link Parfum : https://t.co/xLeoPe4oki https://t.co/4jIkDgzBlr,"1,88817E+18",,txtdrtangerang,in,Tangerang,0,1,0,https://x.com/txtdrtangerang/status/1888166155975872600,"8,96376E+17",txtdrtangerang,https://pbs.twimg.com/media/GjQdHJzbAAAafTN.jpg
"1,88702E+18",Thu Feb 06 14:55:55 +0000 2025,0,@_zyouzyou @Eunzzeok Nuna jangan fitnah saya udah pake parfum paling wangi,"1,88752E+18",,JIlHYOO,in,Elvian. DeterminaciÃ?n.,0,1,0,https://x.com/neeseung/status/1887515572814160169,998709943,neeseung,
"1,88744E+18",Thu Feb 06 09:59:35 +0000 2025,0,2. Bodylotion Marina semua varian udah aku cobain semua!! semua varian wangi nya enak enak bgt klo lupa bawa parfum pake ini jg bisa bikin wangi guys. tp bodylotion nya cuma bisa bikin lembab aja ga cerahin. bodylotion PALING MURAH MERIAH. Rate : 4/5 https://t.co/uaXiQNY6VJ https://t.co/ZBm6CHecm4,"1,88744E+18",,98nysh,in,,0,1,0,https://x.com/98nysh/status/1887440999833870741,"1,54452E+18",98nysh,https://pbs.twimg.com/media/GjGHDZMbIAAyuW-.jpg
"1,88736E+18",Thu Feb 06 04:51:10 +0000 2025,0,guys parfum bocil yang wangi stroberi paling enak tuh yang mana ya tolong rekomen ak (selain yang di foto gapapa bilang aja yang manaa) https://t.co/jXPoJye0vA,"1,88736E+18",,,in,,0,1,0,https://x.com/chanhyungwife/status/1887363382879396085,"1,38524E+18",chanhyungwife,https://pbs.twimg.com/media/GjFC_dKa8AA8eKr.jpg
"1,87536E+18",Thu Feb 06 01:20:13 +0000 2025,0,@Aisas Hmm boleh sebut harga paling mahalnya? Mau menyesuaikan dompet. Kemarin aku liat ada parfum roll on wangi malaikat subuh itu punya kamu ya?,"1,88731E+18",,Aisas,in,"XX,â €Jiyeon.â €?“è?â??â €tripleS.",0,1,0,https://x.com/Soshyun/status/1887310296974598545,"8,46633E+17",Soshyun,
"1,88712E+18",Wed Feb 05 12:32:40 +0000 2025,0,Oh tambahan satu lagi yang paling penting ini sunblocknya bener bener wangi bangettt bahkan temen kelas ku aja sampe nanya aku pake parfum apa karena saking enak baunya dan wanginya juga tahan lama ya. Aku pake di ruangan ber ac kurang lebih 2 jam baunya masih sama kayak apa pake,"1,88712E+18",,yaudalahh_,in,,0,1,0,https://x.com/yaudalahh_/status/1887117135702626679,"1,18483E+18",yaudalahh_,
"1,88704E+18",Wed Feb 05 07:21:57 +0000 2025,0, Genmaicha nah ini yang paling unik! definisi wangi teh ada di sini bukan tipe teh manis tapi lebih ke arah earthy dan calming. ada aroma roasted rice yang bikin kesannya warm dan unik. cocok buat yang suka parfum dengan vibe menenangkan â€çï¸è https://t.co/8EgjMhLcD3,"1,88704E+18",,skinamazed,in,â˜Åï¸è,0,1,0,https://x.com/skinamazed/status/1887038941842505858,"1,44642E+18",skinamazed,https://pbs.twimg.com/media/GjAb6U8aQAAaDOk.jpg
"1,88702E+18",Wed Feb 05 06:00:57 +0000 2025,0,paling suka review parfum soalnya wangi wangiii,"1,88702E+18",,,in,,0,0,0,https://x.com/itsmefaraww/status/1887018556937703597,"1,63082E+18",itsmefaraww,
"1,887E+18",Wed Feb 05 05:20:11 +0000 2025,0,@kinwormpil sejujurnya aku paling gabisa deskripsiin wangi parfum tapi ini sama sama wangi bayi gitu (menurutku) yang 07 wangi baby cologne yang 08 wangi bedak bayi,"1,88701E+18",,kinwormpil,in,"02L, selective ",0,0,0,https://x.com/odetonoell/status/1887008294709158170,"1,51923E+18",odetonoell,
"1,88672E+18",Tue Feb 04 11:57:47 +0000 2025,0,YG matcha punch sesuai ekspektasi!!! waktu itu nyari parfum teh karena mau nyari wangi yg mirip sama matcha remedynya scents of pluto.. terus ini ternyata mirip.. tp matcha remedy lebih creamy kalo matcha punch lebih kentel floralnya.. wangi melatinya paling nampol,"1,88675E+18",,soaringpetaIs,in,heavy rt?Ÿª¨,0,0,0,https://x.com/soaringpetaIs/status/1886745968433070503,"1,15E+18",soaringpetaIs,
"1,88672E+18",Tue Feb 04 10:02:18 +0000 2025,0,Sebelum memilih ada baiknya kita kenalan dulu sama jenis-jenis parfum: Eau de Parfum (EDP): Wanginya paling kuat dan tahan lama cocok buat acara-acara spesial atau kalo kamu pengen wangi sepanjang hari. Eau de Toilette (EDT): Wanginya lebih ringan dari EDP pas buat,"1,88672E+18",,sayang9g,in,Indonesia,0,1,0,https://x.com/sayang9g/status/1886716904347459618,"1,28453E+18",sayang9g,
"1,88671E+18",Tue Feb 04 09:35:40 +0000 2025,0,detail wanginya tu wangi floral yg seger semerbak wanginya enak bgt dan ga bikin eneg kl di semprot di siang bolongpun paling penting parfum ini tahan lama ! wangi nya bener bener menggambarkan cewe cantik soft girl feminine elegant ! ,"1,88671E+18",,reditadf,in,,0,0,0,https://x.com/reditadf/status/1886710205226082708,"1,74792E+18",reditadf,
"1,8867E+18",Tue Feb 04 08:46:00 +0000 2025,277,ngoleksi parfum ngoleksi Minyak Angin dengan berbagai macam wangi wkwkw makin sini jadi makin sadar kalo ngoleksi minyak angin tuh udah paling bener https://t.co/DVWBDnLzAb,"1,8867E+18",,,in,"Bekasi, Jawa Barat",1,31,264,https://x.com/niacanemide/status/1886697702819553395,231313411,niacanemide,https://pbs.twimg.com/media/Gi7liX8asAEzhtl.jpg
"1,8866E+18",Tue Feb 04 02:31:48 +0000 2025,165,kalau parfum yang ini paling cocok buat dibawa pergi main atau healing punya wangi yang seger manis fresh https://t.co/3jJRkamTQV,"1,8866E+18",,,in,"Jawa Tengah, Indonesia",0,107,64,https://x.com/hyaluronicc__/status/1886603534910808487,518418159,hyaluronicc__,https://pbs.twimg.com/media/Gi6P6r_a4AEWa-A.jpg
"1,88345E+18",Sun Jan 26 12:35:56 +0000 2025,27,LAYR - SLOW DANCE https://t.co/DA3UPyxREV Fresh White Floral Fruity Aku ngerasa paling dominan di parfum ini ada wangi teh white floral khususnya jasmine dan green apple Blindbuy Friendly: YES Top Layr Blind Buy Friendly I would say Kalau kalian cari perfume https://t.co/FTJtJ89ZjI,"1,88349E+18",,fitaminci,in,Jakarta Capital Region,0,1,1,https://x.com/fitaminci/status/1883494076571643914,"1,14898E+18",fitaminci,https://pbs.twimg.com/media/GiOD3FqaUAAifR9.jpg
"1,88311E+18",Sat Jan 25 11:49:42 +0000 2025,0,Beli parfum 10ml 3ml-nya abis gara-gara bocor. Mana wangi yang paling gue suka ,"1,88312E+18",,salmonsashimi_,in,,0,0,0,https://x.com/salmonsashimi_/status/1883120054654664805,950049906,salmonsashimi_,
"1,88276E+18",Sat Jan 25 05:02:58 +0000 2025,1,@9bintaa wangi parfum nyaa se harumm ituï¸è paling suka yang nothing wajib cobainn ,"1,88302E+18",,9bintaa,in,,0,0,0,https://x.com/ch0ch0bii/status/1883017698982146507,"1,883E+18",ch0ch0bii,
"1,88278E+18",Fri Jan 24 13:15:56 +0000 2025,1,Actually mist ni EDP ke atau apa eh? Puas cari kat kotak dgn botol kot ada tulis EDP sbb bau dia lastinggg almost 1 day Tp bukan EDP? Its fragrance mist? Otak I tak boleh function jap. Bukan ke dlm carta perfume EDP/Parfum paling long lasting? Tp ni wangi? NAK JAWAPAN PLS! https://t.co/67hqean2Z7,"1,88278E+18",,,in,Malaysia,0,0,0,https://x.com/AinulNunanaa/status/1882779368445145258,466337477,AinulNunanaa,https://pbs.twimg.com/media/GiD52kgbQAAjHoX.jpg
"1,88268E+18",Fri Jan 24 06:59:31 +0000 2025,0,Abis sniff 2 parfum cowo sumpahhh mualllll aneh semua plisss gasuka. Udah paling bener parfum wangi teh ,"1,88268E+18",,,in,pempek,0,0,0,https://x.com/Jun_gsungchan/status/1882684640538067212,"1,81937E+18",Jun_gsungchan,
"1,88195E+18",Fri Jan 24 04:21:16 +0000 2025,0,awal spray yang paling dominan itu wangi fruity fresh lama-lama jadi ke wangi floral sesuai sama keterangan notesnya. spraynya itu halus dan menyebar klo spray di baju ga ninggalin semacam noda kuning gituu. for daily parfum ini masih aman bangett yaah https://t.co/iXx22R9tzx,"1,88264E+18",,nabnoer,in,,0,1,0,https://x.com/nabnoer/status/1882644816183664766,267033730,nabnoer,https://pbs.twimg.com/media/GiB_ciKbMAAVfWe.jpg
"1,88241E+18",Thu Jan 23 13:14:06 +0000 2025,10,Iced Thai Tea ini rilll wangi thai tea yg otentik! ada aroma pait creamynya dan bukan yg manis bgt.. malah aku rasa kayak ada choconya dikit wkwk. dari semua parfum thai tea menurutku ini yg paling enak https://t.co/C27F1mSQD3,"1,88242E+18",,aziaasr,in,,0,1,0,https://x.com/aziaasr/status/1882416519008981468,"1,09365E+18",aziaasr,https://pbs.twimg.com/media/Gh-vyj5bAAAay-B.jpg
"1,88241E+18",Thu Jan 23 12:51:06 +0000 2025,0,Crusita Tea Collection ini WAJIB dicoba buat yang bosen sama wangi parfum yang itu-itu aja Tiap varian punya karakter sendiri dan semuanya enak! Kalian paling penasaran sama yang mana nih? https://t.co/8IpcOnpMB6,"1,88241E+18",,chicbeautyfern,in,,0,0,0,https://x.com/chicbeautyfern/status/1882410730328314215,"1,2358E+18",chicbeautyfern,https://pbs.twimg.com/media/Gh-qiBjaMAAqJei.jpg
"1,88234E+18",Thu Jan 23 07:57:33 +0000 2025,0,kalian paling suka wangi parfum yg gimana? kalau aku KUNTI CORE GARIS KERAS ,"1,88234E+18",,,in,,0,7,0,https://x.com/sabinyanya/status/1882336855749967928,"7,25033E+17",sabinyanya,
"1,88228E+18",Thu Jan 23 05:02:30 +0000 2025,18,Heura Bloom Ini wangi yg paling kalem dan aku sukaa dr semuanya soft fresh dan manis. Wangi floral nya tuh kek definisi cewek anggun cantik !!! Perpaduan wangi bunga mawar poeny dan jasmine di parfum ini balance https://t.co/L6SHbYKk2h https://t.co/N7puK56RHQ,"1,88229E+18",,keylaxppo,in,dilarang curi konten!,0,1,1,https://x.com/keylaxppo/status/1882292802853433410,"1,66631E+18",keylaxppo,https://pbs.twimg.com/media/Gh8_Uu1bUAAf0Dr.jpg
"1,88175E+18",Wed Jan 22 14:15:44 +0000 2025,0,@haesundey Siapa yang ngatain dia bau anjir koleksi parfum diatuh BUANYAKAKAKKAKAKA DAN INGET KATA MEMBER HAECHAN TUH PALING WANGI MAKANYA SUKA DITEMPELINdan masalah suara lu aja kali tuh yang budek í•´ì°¬FirstLove1M #HaechanFirstLove1M #í•´ì°¬ #HAECHAN #ãÅ¸ãƒÅãƒ£ãƒ?,"1,88207E+18",,haesundey,in,,0,0,0,https://x.com/mahaeluvuue/status/1882069641864093968,"1,40185E+18",mahaeluvuue,
"1,88207E+18",Wed Jan 22 14:14:44 +0000 2025,1,Akhirnya gue punya parfum yang sillage nya cukup strong dan punya projectivity yang cukup luas (klo disemprot 3 kali) dan baunya ini unik banget top notesnya wangi yang paling ketara itu wangi dari lemon sama bergamot nya yg enak banget (cont).. https://t.co/UskmQY6afu,"1,88207E+18",,,in,"Lat Krabang, Bangkok",0,2,0,https://x.com/SolusAstoria/status/1882069391426412689,"1,67335E+18",SolusAstoria,https://pbs.twimg.com/media/Gh50IxUbwAEax8h.jpg
"1,88204E+18",Wed Jan 22 12:19:53 +0000 2025,1,Abis mandi ... wangi sabun wangi parfum wangi perminyakan kalo gak minyak telon minyak kayu putih ato minyak kutus-kutus Aromatherapy emang paling pas saat-saat seperti ini.,"1,88204E+18",,,in,"Klungkung, Bali",0,1,0,https://x.com/LilisWidiantari/status/1882040487613432148,420188189,LilisWidiantari,
"1,88201E+18",Wed Jan 22 10:06:28 +0000 2025,0,Raga Bestari si paling FRESH! Btw.. suamiku suka banget pake ini. Tenang bukan wangi maskulin kok mau cewek atau cowok bisa banget pake kalo suka wangi-wangi parfum yang citrusy freshï¸è Aku paling suka pake ini buat olahraga no apek! Keringetku berasa jadi wangi banget https://t.co/mYAJW7u5lc,"1,88201E+18",,bulbulkun,in,,0,1,0,https://x.com/bulbulkun/status/1882006910741913880,"9,72632E+17",bulbulkun,https://pbs.twimg.com/media/Gh47Tx1aoAAtfFP.jpg
"1,882E+18",Wed Jan 22 09:43:25 +0000 2025,13, EoN ï¸è: https://t.co/0UUCEGGgaV wangi white floral dicampur ylang ylang yang slightly creamy demi apapun menurut aku ini rilisan HMNS yang PALING ENAK gokil bgt lah ï¸è termasuk parfum yang wanginya semerbak https://t.co/K0BNTPxM0G,"1,882E+18",,beautales_,in,,3,1,5,https://x.com/beautales_/status/1882001111227478103,"1,27038E+18",beautales_,https://pbs.twimg.com/media/Gh42B3TbMAANaPq.jpg
"1,88175E+18",Tue Jan 21 17:18:22 +0000 2025,0, km pake parfum terus kah? aku kl masuk kantor keciuman paling beda sendiri km WKWK tadinya prengat prengut langsung WANGI YA mn dijawab BANGET COK ?! gjd ga mood,"1,88175E+18",,,in,Turkey,0,0,0,https://x.com/lipenaddict/status/1881753216687473035,"1,12891E+18",lipenaddict,
"1,88166E+18",Tue Jan 21 11:07:39 +0000 2025,0,Tempat paling jelek diantara ke3nya tuh ya di parfum branded itu bjir. Walaupun kerjanya bersih wangi ber ac kelihatan berkelas tapi ga banget sama lingkungannya. Toxic abis dah. Pernah plg kerja nahan nangis pas closingan,"1,88166E+18",,xdjxiaodejun,in,,0,2,0,https://x.com/xdjxiaodejun/status/1881659920761970845,"7,8546E+17",xdjxiaodejun,
"1,88156E+18",Tue Jan 21 04:33:04 +0000 2025,1,Doyoung bilang Haechan yg paling bersih kulitnya soft. Kata Mark itu karena lotionnya bagus tapi karena bersih + lotionnya bagus bisa dipastikan wangi. Mana dia juga suka beli parfum,"1,88156E+18",,,in,ì? ì?ˆë‹ˆ,0,0,1,https://x.com/pxxnxxnx/status/1881560620992225327,865715946,pxxnxxnx,
"1,88152E+18",Tue Jan 21 01:40:52 +0000 2025,4,overall buat parfum 40 ribuan (kalo lagi diskon) udah oke BANGETâ€?ï¸è paling suka sama wangi CYRA dan mungkin aku akan repurchase kalo udah abis! let's support small business y'all!!!! beli disini yaaaâ?µï¸èâ?µï¸èâ?µï¸è https://t.co/nEIYmks5Fg,"1,88152E+18",,mimaoOo__,in,"Yogyakarta, Indonesia",0,0,0,https://x.com/mimaoOo__/status/1881517285082538031,"1,75689E+18",mimaoOo__,
"1,88131E+18",Mon Jan 20 13:39:44 +0000 2025,1,ï¸è Iced Lychee Tea PALING DARDERDOR kalo kalian suka parfum yg dr jauh udah kecium boleh deh pilih varian lychee tea ini. Wanginya paling manis dan semerbak diantara yg lain tehnya ada pahit2nya juga sama kaya yg peach tea tp wangi lycheenya juga strong. Ada rasa2 kecut dr https://t.co/NFnyIkqyRR,"1,88134E+18",,Happiestmurni,in,,0,1,0,https://x.com/Happiestmurni/status/1881335806369169614,"1,43217E+18",Happiestmurni,https://pbs.twimg.com/media/GhvY7PgbUAAZ47V.jpg
"1,88131E+18",Mon Jan 20 12:24:46 +0000 2025,4,paling best di layer sama parfum apapun tapi kalo layering harus pake parfum yang wanginya cenderung floral wangi skin scent green gak aneh-aneh tapi tetep fresh &amp; soft sweet. disemprot pas mataharik terik juga amaaan harga 160ribuan https://t.co/NPNHV3IWYD,"1,88132E+18",,journeywithApr,in,instagram.com/journeywithApr,0,1,0,https://x.com/journeywithApr/status/1881316942625280440,2402369514,journeywithApr,
"1,88095E+18",Sun Jan 19 14:58:28 +0000 2025,0,@rebornblessing Ternyata penggolongan aroma kompleks bgt ya kirain klo ada parfum citrus paling wangi bergamot floral rose/ jasmine ternyata byk bgt ,"1,88099E+18",,rebornblessing,in,,0,0,0,https://x.com/Purboyo17844/status/1880993232802422824,"1,76214E+18",Purboyo17844,
"1,88096E+18",Sun Jan 19 13:05:48 +0000 2025,0,Rekomendasi parfum terkini yang lagi hits buat kamu lengkap dengan keunggulannya! Biar kamu bisa pilih wangi yang paling cocok dengan gaya kamu Promo berlaku s/d 22 Jan '25 di seluruh Guardian dgn perbedaan harga utk Bali Kendari &amp; Kupang #SerudiGuardian https://t.co/8YvuGnBKJa,"1,88096E+18",,,in,Indonesia,0,1,1,https://x.com/GuardianID/status/1880964877667459513,498462765,GuardianID,https://pbs.twimg.com/ext_tw_video_thumb/1880964795144486914/pu/img/gIQC0AAvi7YHWeRe.jpg
"1,88096E+18",Sun Jan 19 12:28:58 +0000 2025,2,Crusita - Iced Thai Tea https://t.co/g1tNZOjgdn Thai tea yg creamy milky dan paling realistik dibanding yg lain. Di aku bener2 straight up gourmand + sedikiit hint powdery dari violet bikin haus dan laper Apakah bikin enek? Aku gampang pusing kalo wangi parfum https://t.co/OT9uzZkfQO,"1,88096E+18",,okcompawter,in,NO SCREENSHOT/COPY/REPOST!,0,1,0,https://x.com/okcompawter/status/1880955608888975609,99100866,okcompawter,https://pbs.twimg.com/media/Ghp_JdRaAAAXcxJ.jpg
"1,88092E+18",Sun Jan 19 12:09:01 +0000 2025,1,@batutetot Parfum apa yang paling wangi yaa,"1,88095E+18",,batutetot,in,,0,0,0,https://x.com/alfiizahra/status/1880950591230443940,"1,81613E+18",alfiizahra,
"1,8805E+18",Sat Jan 18 06:05:52 +0000 2025,0,Setiap pembelian 1 botol parfum kalian bakal dapet 2 tester yaaa guys jadi ada kesempatan buat sniff wangi yg lain Di tahun 2024 Scandalous jadi varian yg paling banyak terjual OCTARINE SCANDALOUS â€çï¸è https://t.co/NNcCqFtXdZ https://t.co/qAsWcewJrH,"1,8805E+18",,delightfulifeee,in,,0,0,0,https://x.com/delightfulifeee/status/1880496811959624061,"1,68193E+18",delightfulifeee,https://pbs.twimg.com/media/Ghjd4AdacAU4lto.jpg
"1,88024E+18",Fri Jan 17 13:06:39 +0000 2025,7,masih CINTAAAA bgt sama Vanilla SorbÃ¨ Onix karena wangi vanillanya yang gak nyengat/ganggu! paling suka kalo parfum vanilla ada campuran floral-floralnya menurutku lebih enak &amp; nyaman buat daily https://t.co/h3hnOLdJlz,"1,88024E+18",,diveppie,in,beauty zone,0,1,0,https://x.com/diveppie/status/1880240318471369010,"1,38967E+18",diveppie,https://pbs.twimg.com/media/Ghf0jw2acAM-wo5.jpg
"1,88021E+18",Fri Jan 17 13:05:57 +0000 2025,8,ICED THAI TEA kalau suka wangi teh dan wangi gourmand fix bakalan suka ini beneran wangi thai tea yang creamy milky tapi masih ada sepet dan smoky dari tehnya wanginya paling strong diantara varian lainnya mungkin karena ini golongannya parfum manis lebih cocok dipakai di https://t.co/qIQw29Ox4P,"1,88024E+18",,plumpypum,in,"Jakarta Timur, DKI Jakarta",0,1,2,https://x.com/plumpypum/status/1880240139458486549,79659062,plumpypum,https://pbs.twimg.com/media/Ghf0T1Va4AAsfvs.jpg
"1,88018E+18",Fri Jan 17 09:56:15 +0000 2025,11,Nah dry downnya mulai deh itu kecium aroma muskynya! Jadi kalau di visualisasikan parfum ini tuh kombinasi paling pas antara wangi buah fresh air laut &amp; bunga. Ketiganya nyampur jadi satu dan nggak tumpang tindih sama sekali bener2 smooth blending aromanya https://t.co/ouQ3XwJVw7,"1,88019E+18",,nisynwafer,in,Surabaya ,0,1,1,https://x.com/nisynwafer/status/1880192400263639529,"1,05935E+18",nisynwafer,https://pbs.twimg.com/media/GhfJBN6agAAvj0z.jpg
"1,88011E+18",Fri Jan 17 04:30:40 +0000 2025,93, first impression ganzi x flirt Ini tuh parfum wangi manis yg paling aku suka wanginya unik bgt? Wangi pear trus wangi manis dan kue gitu tapi ga terlalu nyegrak bgt ini tahan 6 jam kalo disemprot ke kulit. Mnrtku ini cocok dipake siang atau malam https://t.co/DP3C6GjBlP https://t.co/s2sCHR6E75,"1,88011E+18",,,in,"Kota Padang, Sumatera Barat",0,19,103,https://x.com/bellispperennis/status/1880110467563286881,"1,5256E+18",bellispperennis,https://pbs.twimg.com/media/Ghd-f9MacAMivNh.jpg
"1,88008E+18",Fri Jan 17 02:49:02 +0000 2025,0,So buat kalian yang lagi nyari signature scent jangan ragu buat eksplor parfum #lesecre. Kita punya banyak pilihan wangi yang enak eneak lohh Tag kitaa yaa kalau kamu punya saran wangi yang menurut kamu paling enakk #ParfumLokal #LeSecre,"1,88008E+18",,lesecreid,in,Jakarta,0,0,0,https://x.com/lesecreid/status/1880084887572738274,"1,78093E+18",lesecreid,
"1,87972E+18",Thu Jan 16 02:19:17 +0000 2025,0,Bukan pecinta parfum tapi cukup sekali aja beli onix fwb udah paling cocok varian senoparty diidung gua cinta bgt gua wangi baccarat &amp; satu parfum yg gapernah ganti dari SMA posh men cool blue wkwkwk,"1,87972E+18",,,in,"DKI Jakarta, Indonesia",0,0,0,https://x.com/PenjagaHutanMan/status/1879715014988456098,"7,01193E+17",PenjagaHutanMan,
"1,87941E+18",Wed Jan 15 13:27:34 +0000 2025,0,@manaaaasi Aku juga punya parfum Crusita yang series ini dan wanginya paling mendekati wangi teh semirip ituuu,"1,87952E+18",,manaaaasi,in,,0,0,0,https://x.com/trennd/status/1879520805329293755,53225487,trennd,
"1,87948E+18",Wed Jan 15 12:01:24 +0000 2025,11,semerbak bgt asli sejak buka paketnya beuh wanginya keluar deep bgt dong apalgi pas udah sniff nempel wanginya. jadi kalau mau parfum wangi tahan banting pilih yg ini sih! siap menjadi paling wangi dan menawanï¸è ï¸è: https://t.co/qnTyDU6vKJ ï¸è: https://t.co/uuCRI1lGqe https://t.co/VlxCOOPVM0,"1,8795E+18",,mxfirr,in,PR/ DM for Collab ?Ÿ’‹âœ¨,0,0,11,https://x.com/mxfirr/status/1879499122526613658,"1,49023E+18",mxfirr,https://pbs.twimg.com/media/GhVSe5Mb0AAZ1ta.jpg
"1,87928E+18",Wed Jan 15 02:27:25 +0000 2025,11,@abu_waras Bergaul dgn tukang parfum kebagian wangi lah ini bergaul dengan Tokoh paling korup apa masih ada niat ngejar ke antartika ? Serius nanya nih ....,"1,87935E+18",,abu_waras,in,"Bogor, Jawa Barat",0,1,0,https://x.com/ahmadsalam0741/status/1879354672315834540,"7,12849E+17",ahmadsalam0741,
"1,87906E+18",Tue Jan 14 06:54:01 +0000 2025,1,signature ini koleksi aoera yg paling akhir aku coba (paling ga penasaran) karena ada note tobacco . takut wanginya kaya rok0 eh emang cuma ngambil wangi aromatic tobacco nya yg khas. justru nambah complexity dari parfum ini. sukses deh aoera kalau bikin parfum,"1,87906E+18",,azeclair,in,,0,1,0,https://x.com/azeclair/status/1879059378084712654,366944393,azeclair,
"1,87904E+18",Tue Jan 14 05:49:37 +0000 2025,1,Braven Cool Water Ini parfum menurut gue paling soft wangi nya diantara yang tadi gue jelasin. Wangi nya gak nyengat banget ke hidung lebih fresh gitu dan ya cocok buat dipake di dalem ruangan. Walaupun ini parfum buat cowo tapi wangi nya bisa masuk ke cewe juga kok https://t.co/FhHb2DI5Wa,"1,87904E+18",,Ccookk_,in,Desa 7 Pahlawan Revolusi,0,1,0,https://x.com/Ccookk_/status/1879043172820791601,"1,14645E+18",Ccookk_,https://pbs.twimg.com/media/GhOzzctakAA_XOR.jpg
"1,87402E+18",Tue Dec 31 09:33:23 +0000 2024,1, Fordive feeling good ï¸è Ini andalan aku saat jd bridesmaid Paling terasa dr wangi candy dan floral tp vibes nya kayak ada hint yg mempertegas kalo wangi ini benerÂ? berkelas dan mahal. Menurut aku ini parfum wangi cewe cantik yg feminine bgt. : https://t.co/wp3LwgzHJk https://t.co/9N1n3NPnui,"1,87403E+18",,Riska17,in,,0,1,0,https://x.com/Riska17/status/1874026053469179955,311821851,Riska17,https://pbs.twimg.com/media/GgHgw38aYAA_P4U.jpg
"1,87397E+18",Tue Dec 31 07:41:15 +0000 2024,34,edisi bingung ((lagi)) karena parfum yg ku cobain di tahun ini BANYAK YG ENAK2 tapi aku pilih yg paling GONG &amp; wanginya cukup uniq~ annabel lee: https://t.co/9mCkfXtmtc wangi bunga dan permen CUTE SEKALII bener2 definisi wangi cantikk ini bukan perfume sih jadi awet di https://t.co/t6fW2xsQRH,"1,874E+18",,azeclair,in,,1,1,3,https://x.com/azeclair/status/1873997833986334810,366944393,azeclair,https://pbs.twimg.com/media/GgHHFs6bQAApEFp.jpg
"1,87376E+18",Mon Dec 30 16:23:43 +0000 2024,0,@GuestRuka Bangeeet. Tante bawel banget tadi di telfon mana ngomongnya super cepet jadi keliatan deh kakak bolotnya karena minta ulang terus. Makasih udah maafin kakak besok kakak janji pake parfum paling wangi waktu jemput kamu. ï¸è,"1,87377E+18",,bluemailers,in,1999. ,1,1,0,https://x.com/Almonaligebe/status/1873766929653170492,"1,85532E+18",Almonaligebe,
"1,87359E+18",Mon Dec 30 05:08:11 +0000 2024,1,Dan aku paling suka sama wanginya ini enakkk bangetttt perpaduan wangi bunga buah pear dan melon yg seger bgt Dipake after mandi ini best bgt sih wanginya berasa pake parfum mahal hehe. https://t.co/YDCWuvfPlT,"1,8736E+18",,luvinfaisy,in,Wa : +6285784098675,0,1,0,https://x.com/luvinfaisy/status/1873596925225955658,"1,07644E+18",luvinfaisy,https://pbs.twimg.com/media/GgBaeBjboAAmxeh.jpg
"1,87345E+18",Mon Dec 30 01:51:49 +0000 2024,0,@Zeayuu parfum dior paling wangi,"1,87355E+18",,Zeayuu,in,Indonesia,0,0,0,https://x.com/Wandadu_/status/1873547508095615032,1728345180,Wandadu_,
"1,87349E+18",Sun Dec 29 21:57:28 +0000 2024,0,6. kita hapal wangi parfum satu sm lain jd kalo ada yg ganti parfum langsung notis ih parfum kamu beda ya tp kana ttp paling suka wangi tangan gw tanpa di semprot parfum wicis my natural body scent???,"1,87349E+18",,kebabjumbosatu,in,,0,1,0,https://x.com/kebabjumbosatu/status/1873488530951049636,"1,17167E+18",kebabjumbosatu,
"1,87323E+18",Sun Dec 29 18:00:32 +0000 2024,0,@protesional Mandi yg wangi skin care an pake parfum ysl y ke cafe/coffeeshop yg sepi karena introvert nikmati latte / machiato non sugar sama makan makanan comfort food kaya seporsi mie kari / seirockya / kwetiau aho atau nge dessert ice cream yg enak Gitu paling si,"1,87343E+18",,protesional,in,"Jakarta Utara, DKI Jakarta",0,0,0,https://x.com/pokemonair88/status/1873428905727836194,"1,73569E+18",pokemonair88,
"1,87343E+18",Sun Dec 29 17:45:24 +0000 2024,0,sejauh ini parfum yang paling bikin kangen dan paling bisa ku deskripsiin tuh encre noire dari lalique rasa yg dibawa tuh kayak masuk hutan di musim hujan wangi kayu basah kerasa hawa dingin,"1,87343E+18",,,in,,0,1,0,https://x.com/Perdendossi/status/1873425096494522734,570569345,Perdendossi,
"1,87305E+18",Sat Dec 28 17:08:06 +0000 2024,0,misuh2 karena selain ganggu hidung asam lambung gue biasanya langsung naik. Tapi karena gue tau Kak Martin itu wangi dan doyan pake parfum (yang lucunya gue nggak masalah sama baunya) gue jadi mulai iseng2 nyoba parfum. Mulai nyari dari yang paling soft dan diterima +,"1,87305E+18",,aerieces,in,ghibli,0,1,0,https://x.com/aerieces/status/1873053323999494202,"1,4678E+18",aerieces,
"1,87298E+18",Sat Dec 28 12:12:48 +0000 2024,1,3. Parfum. Tolong yang nanti ketemu orang paling wangi dijalan itu tandanya gua ya guys [insert foto chill guy]. Ini beneran suka no gimik karena parfum yang Biru kasih wanginya seger kayak habis mandi air terjun dan gak bikin pusing. Akan sering dipakai kalau mau ngapel. https://t.co/rZK8O79Wbd,"1,87298E+18",,voldemoxt,in,"Frisco, TX",0,1,1,https://x.com/voldemoxt/status/1872979009220559359,"1,77443E+18",voldemoxt,https://pbs.twimg.com/media/Gf4oeoVawAQZm7z.jpg
"1,87272E+18",Sat Dec 28 04:10:18 +0000 2024,0,@levio juara 1 paling wangi alias parfum berjalan,"1,87286E+18",,levio,in,Jakarta Capital Region,0,0,0,https://x.com/isfunnyyyy/status/1872857583163457826,"1,09531E+18",isfunnyyyy,
"1,87286E+18",Sat Dec 28 04:00:24 +0000 2024,0,Paling mahal parfum gw yg dibeliin ayah gucci gardenia. Belio suka banget wangi ini. Kalo gw sendiri belinya juga yg under 100k nder rata2 beli parfume lokal yg inspired gitu. Yg paling disuka dari laboratory fragrant ,"1,87286E+18",,,in,,0,0,0,https://x.com/_ariellagrande/status/1872855092761903240,"1,36806E+18",_ariellagrande,
"1,87227E+18",Sat Dec 28 01:31:55 +0000 2024,0,@convomf this is one of the best finds versi local brand baru ada 2 varian. Ini extrait de parfum yang SPL oke banget. Paling sering si bawa kemana2 kl lg jalan2 krn tahan lama wangi nya. cinta banget yg mau cek https://t.co/zdJnxWo3Mk https://t.co/q50YpNtsQJ,"1,87282E+18",,convomf,in,,0,0,0,https://x.com/mareygoround/status/1872817725598515516,46006970,mareygoround,https://pbs.twimg.com/ext_tw_video_thumb/1872817708930326528/pu/img/cCUUGiq6ZJXfE2d4.jpg
"1,87279E+18",Fri Dec 27 23:59:43 +0000 2024,0,gue udh pernah coba yg ori EMG BENERAN WANGI BGT ANJIR. NGERASA PALING CAKEP SEDUNIA setelah pke parfum ith,"1,87279E+18",,anenabc,in,Jakarta,0,1,0,https://x.com/anenabc/status/1872794523790897368,"1,08624E+18",anenabc,
"1,87262E+18",Fri Dec 27 12:15:17 +0000 2024,0,Ini hoodie alm om ku hoodie yang paling sering beliau pake. Wangi parfum nya masih nempel jadi ga rela buat nyuci hoodie nya https://t.co/9nSBlHmBUK,"1,87262E+18",,,in,,0,0,0,https://x.com/ddalgimatz/status/1872617244129378689,"1,16874E+18",ddalgimatz,https://pbs.twimg.com/media/Gfzfc7PaIAAFzqq.jpg
"1,87249E+18",Fri Dec 27 11:45:35 +0000 2024,0,@tanyarlfes paling mahal harga 120rb (100ml) usahain beli yg bakal lu suka aja nder biar ga nyesel sebenernya ga ada rugi juga si beli parfum sejauh ini udah beberapa kali di bilang wangi sama temen sama di tanyain parfum apa,"1,87261E+18",,tanyarlfes,in,,0,0,0,https://x.com/Kankuuroo/status/1872609772694118654,3091414848,Kankuuroo,
"1,87257E+18",Fri Dec 27 09:09:42 +0000 2024,3,Toxique Vanille ini wanginya candu banget Yang paling bikin candu sweet vanilla ngeblend sama wangi whiskey - cognac yang bikin ada boozy scent (aroma alkohol). Asli.. wanginya belum pernah ku temui di parfum lain~ Meskipun wangi boozy tapi ini ga bikin puyeng justru https://t.co/spzNYkROuu,"1,87257E+18",,bulbulkun,in,,0,1,0,https://x.com/bulbulkun/status/1872570540566913285,"9,72632E+17",bulbulkun,https://pbs.twimg.com/media/Gfy0-n3bsAA0iIQ.jpg
"1,87249E+18",Fri Dec 27 08:46:10 +0000 2024,0,@tanyarlfes Mungkin karena into parfume kali yak jd kek ngoleksi dan gpp mahal tp wanginya awet + ga pasaran. Aku paling banyak 3/4 parfum nder tp averagenya 2 dalam 1 waktu soalnya suka gonta ganti. 1 wangi bold buat acara trs 1 yg fresh daily. Invest di wewangian gpp bgt kok nder ,"1,87256E+18",,tanyarlfes,in,,0,0,0,https://x.com/CheeryBerryy/status/1872564621384749394,"1,56672E+18",CheeryBerryy,
"1,87255E+18",Fri Dec 27 08:05:21 +0000 2024,0,ada yg tau aroma parfum yg biasa di konser kpop2?. gatau kenapa selalu cium aroma itu pas nonton konser kpop. nyaman bgt klo pas kecium wangi nya,"1,87255E+18",,,in,,0,0,0,https://x.com/thoughtsmeeee/status/1872554347231609087,"1,78408E+18",thoughtsmeeee,
"1,87249E+18",Fri Dec 27 07:15:09 +0000 2024,0,@tanyarlfes 400rban paling mahal. Aku soalnya seneng kalo dipuji wangi &amp; ditanyain pake parfum apa,"1,87254E+18",,tanyarlfes,in,"Kota Surabaya, Jawa Timur",0,0,0,https://x.com/dewianggunl__/status/1872541712998097056,121412548,dewianggunl__,
"1,87249E+18",Fri Dec 27 06:06:35 +0000 2024,0,@tanyarlfes parfum paling mahalku sejauh ini cma smpe 300an soalnya blm berani diatas itu parfum klo enak bgt wanginya dan mahal menurutku worth it soalnyaa aku seneng dipuji wangi WKWKWKKW,"1,87252E+18",,tanyarlfes,in,"Bekasi, Jawa Barat",0,0,0,https://x.com/moonlightmoney_/status/1872524457354604928,"1,76399E+18",moonlightmoney_,
"1,87251E+18",Fri Dec 27 05:04:07 +0000 2024,3,WTS petite kke 10cm IDR 3.000.000 Belom pernah mandi tapi dijamin wangi karena dipakein parfum mama nya. paling jauh dibawa ke hogwarts sama gunung fuji. Alasan dijual : mau nonton konser bapaknya https://t.co/4wDw5Kyqbk,"1,87251E+18",,,in,,0,2,2,https://x.com/chilinwintergal/status/1872508737711460393,"1,67973E+18",chilinwintergal,https://pbs.twimg.com/media/Gfx8xL9a4AEdoyb.jpg
"1,87249E+18",Fri Dec 27 04:39:14 +0000 2024,0,@tanyarlfes Aku kaum mendang mending sih pake 2 parfum paling abis 66k dan dah wangi sampe sore,"1,8725E+18",,tanyarlfes,in,,0,4,0,https://x.com/flowerchipss/status/1872502475833667868,78518925,flowerchipss,
"1,87249E+18",Fri Dec 27 03:55:13 +0000 2024,4182,kenapa ya sender ngrasa parfum harganya segini mahal banget jadi agak ragu keluarin duit segini cuma b3li minyak wangi yakinin sender dong terus klean klo beli parfum paling mahal berapa https://t.co/6Kdp68YEac,"1,87249E+18",,,in,Indonesia,141,472,150,https://x.com/tanyarlfes/status/1872491399909646596,1371650588,tanyarlfes,https://pbs.twimg.com/media/GfxtASHW0AA19X6.jpg
"1,87247E+18",Fri Dec 27 02:14:35 +0000 2024,0,Evangeline Premium Black Opi ï¸è https://t.co/d4C5gzavc6 Menurutku black opi ini wangi paling mewah diantara 4 parfum. Wanginya tuh unisex! Fresh dan sedikit manis. Evangeline Black Vanilla https://t.co/XfOqTF3vI4 Wanginya soft dan dominan vanilla &amp; coconut. Tipe parfum https://t.co/27EMUsL3Mf,"1,87247E+18",,Mawrcellaa,in,Jawa Timur,0,0,0,https://x.com/Mawrcellaa/status/1872466074085859364,"1,513E+18",Mawrcellaa,https://pbs.twimg.com/media/GfxV9xvbcAAM5w4.jpg
"1,87227E+18",Thu Dec 26 17:32:15 +0000 2024,6,@convomf salah satu parfum paling maskulin diantara parfumku yg manis wkwk BSP Ubud 3 SPLnya wow bgt semerbak sampai tmn2ku selalu tanya parfummu apa sih wangi bgt dan stlh dicuci masih nempel (gue jg heran bjir) Ini tipe wanginya fruity spicy maskulin. notesnya pineapple dan safron https://t.co/o4miSaKbpP,"1,87233E+18",,convomf,in,a place to wait,0,0,0,https://x.com/psoralea_/status/1872334623847694643,"1,21313E+18",psoralea_,https://pbs.twimg.com/media/GfveajIaUAAD-7M.jpg
"1,87227E+18",Thu Dec 26 16:49:44 +0000 2024,43,@convomf FIKSSS NO DEBATT PARFUM PALING LOKAL PLG AWETT MANDALIKA BHKAN BAJU DI CUCI PUN WANGI NYA MASI NEMPELL +++++ ADA GARANSI 5HR KL GA SESUAI KLAIM NYA (kl kalian sering jln ke mall di bagiin tester nya pasti bkl setuju kl mandalika trbaik si) https://t.co/ydBfjJdKGq,"1,87232E+18",,convomf,in,,1,2,0,https://x.com/erlnlly/status/1872323923490283850,"1,81414E+18",erlnlly,https://pbs.twimg.com/media/GfvUrWtaAAAlWrb.jpg
"1,87231E+18",Thu Dec 26 16:04:33 +0000 2024,0,Mantan mantan gua semua pada wangi cuma wangi nya Rendy itu paling enak parfum nyaaaaa wkwkwk mana nempel seharian tuh wangiiii,"1,87231E+18",,,in,she/her ft sambat,0,1,0,https://x.com/drksoul_/status/1872312555768848517,"1,06331E+18",drksoul_,
"1,87225E+18",Thu Dec 26 11:56:44 +0000 2024,0,udah sebulan ini lagi belajar ngeracik parfum sendiri pakai bahan dasar ini.. mulai deh mix and match buat nyari wangi yang enak dan ga nyangka banyak yang suka (keluarga &amp; teman) mereka pada request variant dan pengen beli. menurut kami variant ini paling unik wanginya https://t.co/TWZqpLVxAD,"1,87225E+18",,,in,,0,1,0,https://x.com/somebymee/status/1872250188699705489,"9,0522E+17",somebymee,https://pbs.twimg.com/media/GfuRnj9aYAAl0Zj.jpg
"1,8721E+18",Thu Dec 26 05:05:52 +0000 2024,1,@gabrisiaanin @Ichavarma_ my problem with EoN is..... ini bukan wangi wijayakusuma I felt betrayed lol. L di kulitku juga paling mengecewakan dibanding parfum HMNS yang lain.,"1,87215E+18",,gabrisiaanin,in,"Serpong, Indonesia",0,0,0,https://x.com/RealMulyono/status/1872146790595846225,150961245,RealMulyono,
"1,87184E+18",Wed Dec 25 08:54:23 +0000 2024,3,Rekomendasi Parfum pas Natal untuk si Paling Wangi #ParfumLokal #ParfumUnisex #BekrafKembali #SiapBerkreasi #EkonomiKreatifBangkit #NewEngineofGrowth #EkonomiKreatif #Ekraf #Kemenekraf #TeukuRiefky #IreneUmar #EkrafIndonesia #IndonesiaEmas2045 https://t.co/7I8pfv6OMu,"1,87184E+18",,,in,Jakarta Capital Region,0,1,1,https://x.com/ekraf_ri/status/1871841911826530322,3099316873,ekraf_ri,https://pbs.twimg.com/media/GfoeRElbEAECI_k.jpg
"1,87175E+18",Wed Dec 25 02:34:13 +0000 2024,3,Natal2 Gini paling enak emang make parfum wangi Nanas Parung,"1,87175E+18",,,in,Singapore,0,0,1,https://x.com/rajaminyak_oil/status/1871746240213635544,112722944,rajaminyak_oil,
"1,87144E+18",Tue Dec 24 14:08:29 +0000 2024,0,@inizhii Ini emang paling best sih dari evangeline menurutku. Tahannya juga di aku lumayan banget wanginya ga kek wangi parfum indoalpa,"1,87156E+18",,inizhii,in,,0,0,0,https://x.com/sluurrp_/status/1871558571449856215,"1,29309E+18",sluurrp_,
"1,87142E+18",Tue Dec 24 13:16:58 +0000 2024,0,@WEILOWNG Parfum laundry emg paling wangi sih abang ^^,"1,87155E+18",,WEILOWNG,in,,0,0,0,https://x.com/sxhinyu/status/1871545605077840262,"7,23962E+17",sxhinyu,
"1,8715E+18",Tue Dec 24 10:27:28 +0000 2024,86,yg lg nyari parfum seger wangi air kelapa PLS cobain ini!! underrated local brand bgt tp wanginya semerbak bgt ga ngasal~ DAN PALING PENTING panas panasan friendly ï¸è https://t.co/XZIpHZjMWb,"1,8715E+18",,,in,,0,49,85,https://x.com/soulveille/status/1871502947580068214,"1,35793E+18",soulveille,https://pbs.twimg.com/media/Gfjp-__a8AAYkS9.jpg
"1,87148E+18",Tue Dec 24 09:22:23 +0000 2024,25, SAFF &amp; Co. LOUI (100/10) pecinta wangi fresh pasti bakalan suka sama varian ini wanginya fresh floral &amp; tropical parfum yg paling banyak dinotis sama temenku karna wanginya semerbak bgt https://t.co/jmM3hZYbKJ https://t.co/HCO4t7d1gN,"1,87149E+18",,berburushopee,in,,1,2,9,https://x.com/berburushopee/status/1871486569590489442,"1,19657E+18",berburushopee,https://pbs.twimg.com/media/GfjbG9AaMAAGuVT.jpg
"1,87143E+18",Tue Dec 24 05:24:52 +0000 2024,0,ã…? Omong-omong perihal parfum wangi apa yang paling kamu sukai? @lavauine ã…?,"1,87143E+18",,,in,CRIME!OC â€” DD:DNE â€¢ JKT â€” ì„œì?¸,0,1,0,https://x.com/redemnption/status/1871426795276476721,3103132914,redemnption,
"1,87003E+18",Fri Dec 20 09:21:42 +0000 2024,5, ICED THAI TEA sesuai bgt sm namanya ini beneran wangiiii thai tea abisss. sweetttt milkyyy &amp; creamyyy jugak. pecinta wangi manisss wajib cobain yg satu inii ini paling awett yaa dari ke 4 parfum tea seriesnya crusita https://t.co/goWWgrVxvg,"1,87004E+18",,9bintaa,in,,0,1,1,https://x.com/9bintaa/status/1870036848405557663,"1,30859E+18",9bintaa,https://pbs.twimg.com/media/GfO0lc7asAEADqE.jpg
"1,87002E+18",Fri Dec 20 08:03:25 +0000 2024,11,buat parfum daily ataupun pas olahraga aku selalu pake wangi yg fresh gitu! kalo dari brand lokal aku paling suka sama si prestige dari aoera ini mau keringetan atau panas-panasan wanginya tetep aweeet https://t.co/0SvQVcF3yZ,"1,87002E+18",,,in,,0,1,7,https://x.com/sleepinbeautea/status/1870017143942852802,384277720,sleepinbeautea,https://pbs.twimg.com/media/GfOiq-6asAIZz2g.jpg
"1,86996E+18",Fri Dec 20 04:30:00 +0000 2024,0,Selain punya wangi memikat satu hal yang unik dari brand ini ada pada packagingnya Aamo Parfums yang cantik. Simak review satu persatu parfum Aamo yang paling wanginya &gt;&gt; https://t.co/n07SfbYozN https://t.co/wYrGBeV9Gk,"1,86996E+18",,,in,Jakarta ,0,0,0,https://x.com/marshabeautyid/status/1869963438866477536,"1,34917E+18",marshabeautyid,https://pbs.twimg.com/media/GfIdyr3a4AAIuio.jpg
"1,86958E+18",Thu Dec 19 10:51:04 +0000 2024,0,@puucet Melawan Dunia Soulmate Terlalu Cinta Waktu yang Salah. Syitttt Tapi yang paling parah itu kalo simpen di wangi parfum..... Kelar tuh rencana move on bakalan luluh lantah begitu ada hint sedikit aja dari note2 parfum dia ,"1,8697E+18",,puucet,in,,0,0,0,https://x.com/ur_favo_galaxy/status/1869696949655625959,53881133,ur_favo_galaxy,
"1,86959E+18",Thu Dec 19 04:04:19 +0000 2024,0,lanjut beli beberapa parfum (nyobain beli yang 2 ml) trus beli Ã?tre parfums dan nyobain varian wewangiannya daan ENAK semua tp paling suka yang Force d Ã‚me sama Volcanique kayaknya akan purchase yg full size bener bener wangi yg bermartabat dan sopan,"1,86959E+18",,pilaaamm,in,,0,1,0,https://x.com/pilaaamm/status/1869594588270530890,316860686,pilaaamm,
"1,86958E+18",Thu Dec 19 03:25:54 +0000 2024,0,Emang paling bener parfum badan dipakai di badan aja gausah ngide buat rambut. Kandungannya pasti beda dan pemakaian jangka panjang bikin rambut kering &amp; kulit kepala jadi sensitif. Makanya kalau pengen rambut stay wangi &amp; ga bau apek pakai parfum rambut. Jangan sampe https://t.co/E7EswOiEa4,"1,86958E+18",,Mawrcellaa,in,Jawa Timur,0,1,0,https://x.com/Mawrcellaa/status/1869584920399794326,"1,513E+18",Mawrcellaa,https://pbs.twimg.com/media/GfIZkyUbwAAGCYs.jpg
"1,86941E+18",Wed Dec 18 16:30:58 +0000 2024,1,6. CHANEL Chance Eau De Parfum Satu lagi parfum wanita dengan ketahanan wangi yang lama dari CHANEL. Parfum CHANEL Chance Eau de Parfum ini pertama kali dirilis pada tahun 2005 dan sampai sekarang masih menjadi salah satu parfum wanita yang paling awet harumnya. Parfum CHANEL,"1,86942E+18",,foawly,in,,0,1,0,https://x.com/foawly/status/1869420099591197170,1032908647,foawly,
"1,86933E+18",Wed Dec 18 14:23:58 +0000 2024,0,So far buat parfum lokal sih ini yang paling enak. Wanginya fresh ada manisnya rempah dari pink pepper kerasa tapi bukan yg wangi dukun lalala bisa dipake setiap saat botol cakep harga terjangkau 100ml pula. https://t.co/llzKmCnO7e,"1,86939E+18",,AgataStarking,in,Indonesia,0,1,0,https://x.com/AgataStarking/status/1869388137765679531,102379506,AgataStarking,https://pbs.twimg.com/media/GfFmmRHakAAJRUD.jpg
"1,86901E+18",Tue Dec 17 13:22:29 +0000 2024,1,Hmm parfum ku tuh gak menentu beb jujurly wkwk gabisa sebut merk tapi wangi nya paling suka yg vanilla kadang juga black opium strawberry japanese blossom pernah jg pake parfum bayi ,"1,86901E+18",,,in,,0,2,0,https://x.com/trixxieazh/status/1869010278580617690,"1,61716E+18",trixxieazh,
"1,86867E+18",Mon Dec 16 14:37:14 +0000 2024,0,di antara kedua ini siapa yang paling pertama harus di kecup? 1. perut mbul uwon yang wangi parfum bayi 2. pipi mbul sunoo yang manis kayak mochi https://t.co/q2b54UHKfo,"1,86867E+18",,,in,ENHYPEN! RPS HOONREUN,0,0,0,https://x.com/spiceydumpie/status/1868666703095435466,"1,57729E+18",spiceydumpie,https://pbs.twimg.com/media/Ge7WdMVaIAAyR0B.jpg
"1,86863E+18",Mon Dec 16 11:56:38 +0000 2024,165,Maaf bgt underestimate.... ternyata parfumnya enak dan tahan lama bgt... Ini parfum spl nuklir yang wangi manis buahnya PALING NENDANG! tahan berhari-hari tapi harganya muraaahh: 165rb dapet 4!! https://t.co/5mxa0akmiA,"1,86863E+18",,,in,"Bekasi, Jawa Barat",27,45,134,https://x.com/hmtly/status/1868626284915605594,231096702,hmtly,https://pbs.twimg.com/media/Ge6xsgLasAAhyI4.jpg
"1,8686E+18",Mon Dec 16 10:17:29 +0000 2024,80,KOLEKSI PARFUM WANGI TEHï¸è Wangi teh leci thai tea peach tea teh genmaicha... Kalo kalian demen sama wewangian teh bookmark!! Ak deskripsiin wanginya 1 1 biar kalian tau mana wangi teh yang paling ENAK https://t.co/4ztSOBqV08,"1,8686E+18",,,in,rainbow,1,14,60,https://x.com/dairypinkid/status/1868601333290614871,1290717205,dairypinkid,https://pbs.twimg.com/media/Ge6bAJpbAAAf7Te.jpg
"1,86828E+18",Sun Dec 15 12:45:50 +0000 2024,8,Salah satu penemuan parfum paling gong di 2024. Walau refill tapi wangi enak banget manis dan seger dari buah. Dan awettt banget. Biasa make dari jam 7 pagi sampe 1 siang masih kecium wanginya. Harganya cuman 20 ribu doang lagi luvvv!!! https://t.co/QZe1dylO4C https://t.co/X43gj3C9oA,"1,86828E+18",,,in,,1,1,1,https://x.com/Nananisya35/status/1868276279893749864,"1,22036E+18",Nananisya35,https://pbs.twimg.com/media/Ge1zX_paEAAEbSm.jpg
"1,86818E+18",Sun Dec 15 06:17:47 +0000 2024,0,paling gemes kalo baca review parfum tapi yang ditulis cuma: wangi banget!! ya iyalah wangi namanya juga parfum... ,"1,86818E+18",,,in,listography.com/kamebaek,0,0,0,https://x.com/baeksdoie/status/1868178623431311855,93661681,baeksdoie,
"1,86798E+18",Sat Dec 14 17:05:45 +0000 2024,0,anjir nih ob jam 10-12 masuk demam naik turun sama panas tinggi semua dah pake parfum paling wangi jiiir,"1,86798E+18",,,in,,0,0,0,https://x.com/aqiiil17/status/1867979300219359373,"1,23468E+18",aqiiil17,
"1,86798E+18",Sat Dec 14 16:49:06 +0000 2024,0,@mercnda ini varian parfum lokal yg paling aku suka. wangi anggur! https://t.co/3SbGI1K29D,"1,86798E+18",,mrcdzkt,in,25+,0,0,0,https://x.com/chttpn_/status/1867975111426658543,3280769509,chttpn_,
"1,86796E+18",Sat Dec 14 15:48:21 +0000 2024,0,COWO CANTIK KAYAK DIA! GA MUNGKIN GA PAKE SKINCARE DAN PARFUM WANGI AOEKWAOEKAW. DIA YG PALING MERHATIIN PENAMPILAN DIA. LIHAT DIA CANTIK BANGET COY https://t.co/XwR7Oct9DD,"1,86796E+18",,figaronotsuma,in,Figaro Stars,0,0,0,https://x.com/figaronotsuma/status/1867959822513316026,"1,48483E+18",figaronotsuma,https://pbs.twimg.com/media/GexTc91asAAD0GR.jpg
"1,86753E+18",Fri Dec 13 14:27:48 +0000 2024,0,@ohmy_beautybank jawaban serius: air campur downy.... ini bukan parfum sih tapi legend bgt dulu waktu SMA temenku ada pake ini dan dia dinobatkan cowok paling wangi seangkatanku. beneran dia keringetan dia gak masuk juga wangi sabun sabun gitu,"1,86758E+18",,furinangis,in,,0,0,0,https://x.com/furinangis/status/1867577165757485400,"1,5174E+18",furinangis,
"1,86744E+18",Fri Dec 13 05:51:42 +0000 2024,2, Varian Escobar Notes Top : Grapefruit Pear Black Tea Middle : Lavender Fern Pepper Base : Precious Woods Musks Leather Parfum ini tuh wanginya benerÂ? berkharisma typeÂ? wangi cowo yang berani gitu loh guys. Ini Parfum yang paling aku sukaa https://t.co/DRbP0OLjYU https://t.co/aTaofItJsa,"1,86745E+18",,jeesweeties,in,,0,1,0,https://x.com/jeesweeties/status/1867447283312480326,"1,73896E+18",jeesweeties,https://pbs.twimg.com/media/GeqBZhYbsAQP9vF.jpg
"1,86729E+18",Thu Dec 12 19:26:23 +0000 2024,1,6. CHANEL Chance Eau De Parfum Satu lagi parfum wanita dengan ketahanan wangi yang lama dari CHANEL. Parfum CHANEL Chance Eau de Parfum ini pertama kali dirilis pada tahun 2005 dan sampai sekarang masih menjadi salah satu parfum wanita yang paling awet harumnya. Parfum CHANEL,"1,86729E+18",,sluibt,in,,0,1,0,https://x.com/sluibt/status/1867289918218940471,1017695492,sluibt,
"1,86702E+18",Thu Dec 12 07:48:12 +0000 2024,0,@HeartOnHeaven Paling penting pasti HP dan dompet! Terus kalau bisa bawa lipstick buat retouch sama parfum biar tetap wangi,"1,86711E+18",,HeartOnHeaven,in,,0,1,0,https://x.com/jiheou/status/1867114211685638286,1684726230,jiheou,
"1,86688E+18",Thu Dec 12 00:41:25 +0000 2024,0,@bdumpedd @bluezski Eh penasaran deh sama bau aser dia kan jarang mandi yak paling semprot semprot parfum doang kalo ketemu kiki (?) iya sih bakalan wangi tapi kan muka badan pasti keliatan layu gak seger kalo gak mandi... Bau ketek bau asem gak sih anjir,"1,86701E+18",,bdumpedd,in,minno hyuckno,0,1,0,https://x.com/ivyergn/status/1867006809871093814,"1,73928E+18",ivyergn,
"1,86682E+18",Wed Dec 11 12:37:40 +0000 2024,0,Dari semua parfum paling suka ini tetep ada wangi bedak bayi ï¸èâ€ç https://t.co/GXVPYMQfQb,"1,86682E+18",,,in,"Yogyakarta, Indonesia",0,0,0,https://x.com/byjeuni49889/status/1866824670512812407,"1,73291E+18",byjeuni49889,https://pbs.twimg.com/media/GehLI1Aa4AA0pvP.jpg
"1,86648E+18",Tue Dec 10 13:38:18 +0000 2024,0,Seneng bgt pujian yg paling gue suka tuh kalo di bilang wangi. Gue tuh suka banget parfum,"1,86648E+18",,,in,,0,0,0,https://x.com/Quirkyaloney/status/1866477544385700184,"1,82525E+18",Quirkyaloney,
"1,86647E+18",Tue Dec 10 13:10:38 +0000 2024,27,Parfum buat daily activity Menurutku ini parfume paling cocok dipakai indoor karena wangi manisnya lebih dominan Ganzi X varian pap @ganzixofficial https://t.co/lw35jhTIFo,"1,86647E+18",,,in,,3,20,23,https://x.com/varaarylinzar/status/1866470582264734026,544123865,varaarylinzar,https://pbs.twimg.com/media/GecJDpKaYAEA9WT.jpg
"1,86636E+18",Tue Dec 10 13:09:52 +0000 2024,0,@confessyu Hahaha real! Aku paling suka kalo dipuji wangi deh sama orang. Kaya boost my confidence banget. Apalagi kalau ditanya Eh parfum kamu apa? ,"1,86647E+18",,confessyu,in,Detrian.,0,0,0,https://x.com/bleaires/status/1866470387061862456,"9,43925E+17",bleaires,
"1,86645E+18",Tue Dec 10 12:38:01 +0000 2024,1,SOTB masih jadi parfum tersemerbak paling tahan lama. Wanginya nempel bgt di baju berhari hari. Selalu kenotice sekitar https://t.co/AfSjppzU06 SOTB wanginya sweet floral agak warm. Bukan vanilla kue bunga bungaan tapi manis enak. Tipe wangi elegant classy cakep https://t.co/aOrwEfONyf,"1,86646E+18",,putrisilwii,in,,0,1,0,https://x.com/putrisilwii/status/1866462372933902498,"1,54412E+18",putrisilwii,https://pbs.twimg.com/media/GecBnmiaoAAwWMo.jpg
"1,86642E+18",Tue Dec 10 09:34:00 +0000 2024,2,Aku punya parfum ini dirumah udah abis 2 botol. 1 botolnya dapet 100ml (banyak jg ya) harganya? coba tebak under 20k aja!. Aku suka karena walaupun kena matahari wangi dia tetep enak. Paling suka disemprot ke baju smpergelangan tangan. 4.8/5 16k https://t.co/LeWsmiS96J https://t.co/OC4anFrfEV,"1,86642E+18",,,in,?Ÿ›’âœ¨?Ÿ‘‰?Ÿè»,1,0,1,https://x.com/syupocat/status/1866416064097382565,"1,6987E+18",syupocat,https://pbs.twimg.com/media/GebWdxYbcAAKPZT.jpg
"1,8664E+18",Tue Dec 10 08:46:18 +0000 2024,0,awok banget dah parfum refill mah nyoba ikut beli sama sniffing terre de hermes base note nya tetep aja orange sm bergamout udah paling bener nabung beli ori deh TDH ori itu wangi nya nikmat banget,"1,8664E+18",,,in,,0,1,0,https://x.com/FirasRizkillah/status/1866404059881902459,607768204,FirasRizkillah,
"1,86638E+18",Tue Dec 10 07:04:46 +0000 2024,0,O.N.S salah satu parfum yang paling aku suka dari @NaisdayOfficial adalah varian O.N.S ini. parfum ini adalah dupe dari parfum very good girl carolina. dengan highlight wangi fresh-vanilla parfum satu ini cocok banget buat dipake daily! O.N.S ini tipe parfum yang punya wangi https://t.co/phz886vpYI,"1,86638E+18",,sexieyt,in,,0,1,0,https://x.com/sexieyt/status/1866378506198016287,522011897,sexieyt,https://pbs.twimg.com/media/Gea1WY-bAAAlftN.jpg
"1,86612E+18",Mon Dec 09 16:49:51 +0000 2024,0,@ohmy_beautybank Seneng banget sama parfum floral &amp; fruity. Paling fav si kokulu dia wangi buah seger dan ada sedikit manis. Parfum lainnya juga koleksi hehe https://t.co/Q27CnBp2nG,"1,86616E+18",,ohmy_beautybank,in,,0,0,0,https://x.com/etherealza_/status/1866163361324712172,"7,96236E+17",etherealza_,
"1,86569E+18",Sun Dec 08 09:47:47 +0000 2024,0,Paling biasanya kalo pergi seharian tiap 3-4 jam sekali w semprot lg. Yg red musk wanginya powdery gitu somehow mirip wangi parfum zw*tsal yg kuning ini https://t.co/pGF3BI1AQZ,"1,86569E+18",,tleetubbies,in,unlabeled.,0,1,0,https://x.com/tleetubbies/status/1865694754798981300,"1,72611E+18",tleetubbies,https://pbs.twimg.com/media/GeRHfgsacAASDty.jpg
"1,86534E+18",Sat Dec 07 10:19:34 +0000 2024,7,ELAYA - GLIMMER Salah satu parfum paling sopan dan soft bahkan dari opening. Biasanya kalau parfum pink peppercorn tuh lumayan nendang tp ini soft bgt fresh wanginya di awal Lama2 jd floral keluar wangi rose lily of the valley dan jadi musky! https://t.co/aFBEcJHSxY https://t.co/QhWMZID6nX,"1,86534E+18",,vosmeyu,in,?Ÿ’Œ vosmeyu@gmail.com,0,1,0,https://x.com/vosmeyu/status/1865340368897896468,"7,85241E+17",vosmeyu,https://pbs.twimg.com/media/GeMFLIibkAAHOjp.jpg
"1,865E+18",Fri Dec 06 11:42:17 +0000 2024,103,Dari deretan parfum evangeline yg paling aku suka adalah black vanilla pokoknya jatuh cinta sama ini apalagi pas dipake malam hari beeuhh wangi eleganudh mah murah dan lumayan awet ni parfum Pecinta vanilla skuy https://t.co/H1okTyhUbA https://t.co/fOiSbSko35 https://t.co/lS1XK030mp,"1,865E+18",,,in,,1,40,103,https://x.com/fadhilahahaha/status/1864998796176036348,"1,04384E+18",fadhilahahaha,https://pbs.twimg.com/media/GeHOgpzakAED0Hg.jpg
"1,865E+18",Fri Dec 06 11:27:36 +0000 2024,1,Buset ini parfum hindsight seri beauquet untuk ketahanan wanginya di kulit w bisa sampe 5 jam lebih sangat dar der dor sekali Aromanya sendiri dominan floral sweet tapi ga monohok ylang2 segeer geer Paling suka wangi dry down nyaa beuh bikin relax â€ç https://t.co/4OmaEOeHHw,"1,865E+18",,,in,,0,0,0,https://x.com/andhijes/status/1864995099824001414,125873642,andhijes,https://pbs.twimg.com/media/GeHLKL5aEAAeQMa.jpg
"1,86498E+18",Fri Dec 06 11:11:21 +0000 2024,17, peppermint tea perfume OMGGGG WANGI TEH PEPPERMINT ENAKKK SEKALI parfum teh paling calming dan relaxing so far â€çï¸è so fresh so calming beneran mirip sama teh peppermint yang aslinya tapi wangi mintnya gak nusuk hidung sama sekali https://t.co/xCp8UxD9fF,"1,86499E+18",,beautales_,in,,1,1,2,https://x.com/beautales_/status/1864991009484234773,"1,27038E+18",beautales_,https://pbs.twimg.com/media/GeHHb2FakAApzgp.jpg
"1,86498E+18",Fri Dec 06 10:27:45 +0000 2024,1,Salah satu parfum lokal yang paling ku suka cuman aku suka yg versi wangi orgsm. https://t.co/0OlK6tB4R2,"1,86498E+18",,,in,,0,0,0,https://x.com/asikhorehore/status/1864980037843456484,18163924,asikhorehore,https://pbs.twimg.com/media/GeG9dYwaAAAqx57.jpg
"1,86462E+18",Fri Dec 06 01:33:16 +0000 2024,2,@Arya28849952 @KitaUang @democrazymedia ya gitu dah ibaratnya kumpul sama tukang parfum kebagian wangi. itu contoh paling mudah dan jelas,"1,86485E+18",,Arya28849952,in,,0,1,0,https://x.com/HermanH62456844/status/1864845530125472214,"1,5317E+18",HermanH62456844,
"1,86435E+18",Wed Dec 04 23:52:42 +0000 2024,0,@tanyarlfes aku tiap waktu pake parfum. ganti2 kadang. siang yg fresh sore yang lactonic malam yang menenangkan dan hangat. apalagi musim hujan ini dingin jadi paling enak wangi yang hangat untuk aku pribadi,"1,86446E+18",,tanyarlfes,in,,0,0,0,https://x.com/moshmoshiy/status/1864457835943481791,"1,20314E+18",moshmoshiy,
"1,86432E+18",Wed Dec 04 14:51:19 +0000 2024,0,gue tuh mau parfum yang baunya se-BAYI mungkin. belilah gue beberapa wewangian mulai dari parfum wangi bayi baby oil dan baby cologne. yang paling enak adalah parfum zwistal &amp; johnson's baby cologne warna pink. yang paling gak enak? evangeline baby powder,"1,86432E+18",,,in,wonderland,0,1,0,https://x.com/phospenus/status/1864321590881866234,"1,06222E+18",phospenus,
"1,86424E+18",Wed Dec 04 14:43:28 +0000 2024,68,@convomf Plisss plisss jgn bosen karna parfum ALT INII PALING GONG SPL NYA!! Sering dinotis wangi bgtt pdhal pakenya cuman bbrapa spray doang mana dibaju awet 4harian + nempel poll dikulit Wanginya manis elegan perpaduan Thai tea &amp; jasmine nya enak polll gk bikin puyeng https://t.co/7cN4X4NLey,"1,86432E+18",,convomf,in,,0,1,3,https://x.com/nrosynr/status/1864319615255630123,"1,76048E+18",nrosynr,https://pbs.twimg.com/media/Gd9kzUVa0AEKjwo.jpg
"1,86425E+18",Wed Dec 04 10:25:33 +0000 2024,0,KAN TIAP HARI W GANTI PARFUM DIBILANG WANGI PARFUMNYA ENAK. TERUS SEKARANG W PAKE YANG YSL DIBILANG PALING ENAKK,"1,86425E+18",,bleknotblak,in,,0,0,0,https://x.com/bleknotblak/status/1864254709990863289,"8,57464E+17",bleknotblak,
"1,86424E+18",Wed Dec 04 09:46:04 +0000 2024,236,parfum yang wanginya paling cantik . goes to . untitled humans: aroma 02 .ï¸è definisi kita bikin romatis wanginya indah cantik tapi tetep cheerful at the same time. kalau kalian suka banget sama wangi BUNGA MAWAR you would love this perfume. https://t.co/XTCX092Dmk,"1,86424E+18",,,in,"Jakarta, ID",5,40,218,https://x.com/beautiaf/status/1864244774527750560,"8,53231E+17",beautiaf,https://pbs.twimg.com/media/Gd8gvPja0AAXM-x.jpg
"1,86414E+18",Wed Dec 04 02:34:00 +0000 2024,0,Dulu pas smp suka ikut pengajian sekarang udah jarang bgt paling pengajian dekat rumah dan itupun jarang bgt karna males soalnya pasti wangi parfum orang2 pengajian baunya aneh2 bikin puyeng sampe kemaren gue dikatain najis sama temen gue karna gak mau diajak pengajian wkwk,"1,86414E+18",,,in,,0,1,0,https://x.com/akurefil/status/1864136039260176519,"1,85921E+18",akurefil,
"1,86394E+18",Tue Dec 03 14:15:38 +0000 2024,0,overall yg paling aku suka 3 varian ini 3 varian ini tuh ky wangi feminim bgt i love it rata2 di aku tahan 4-5 jam. Jadi gimana udah siap punya parfum ini dan ngerasain wangi baru tiap hari belum? https://t.co/7FTjObB0Wh,"1,86395E+18",,oudenaz,in,,0,0,0,https://x.com/oudenaz/status/1863950221916737700,"1,24534E+18",oudenaz,https://pbs.twimg.com/media/Gd4U2ALakAAyAg8.jpg
"1,86387E+18",Tue Dec 03 09:08:26 +0000 2024,1,Paling bener jangan nyimpen seseorang lewat wangi parfumâ€çâ†•ï¸è,"1,86387E+18",,,in,"South Sulawesi, Indonesia",0,0,0,https://x.com/moonskywar/status/1863872916284424357,"1,39558E+18",moonskywar,
"1,86387E+18",Tue Dec 03 09:07:58 +0000 2024,2,awal semprot yg paling kecium wangi mint yg fresh tp sedikit soapy gt disusul dry downnya rose sedikit manis musky airy &amp; powdery menurutku Date Night ini tipe parfum yg versatile cocok di pake santai maupun formal aman buat malem maupun siang hari asal ga overspray https://t.co/QQJNRxVUlT,"1,86387E+18",,apilinaaa,in,"Semarang, Jawa Tengah",0,1,0,https://x.com/apilinaaa/status/1863872796306407726,"1,16852E+18",apilinaaa,https://pbs.twimg.com/media/Gd3ObTub0AARIUn.jpg
"1,86373E+18",Mon Dec 02 23:36:59 +0000 2024,0,PARFUM DARI saff&amp;co paling berkesan minouet ostara xocolatl sotb chno sering banget dinotice pake parfum apa wangi banget dan berujung mau dong minta parfum nya ,"1,86373E+18",,,in,,0,0,0,https://x.com/dandelions1707_/status/1863729105918890462,"1,44612E+18",dandelions1707_,
"1,86319E+18",Mon Dec 02 20:42:44 +0000 2024,10,@womanfeeds_id paling gasuka sama orang yang tbtb beli parfum samaan kayak aku.. aku ga masalah tapi kenapa harus sama aku beli parfum yang wanginya beda biar itu jadi wangi khas aku tp malah kmu ikutan beli huhu pantes minta terus dan nanya nanya mulu,"1,86369E+18",,womanfeeds_id,in,homophobic dni. ?Ÿ”¥,0,0,1,https://x.com/taesansigm4/status/1863685251186430101,"1,63074E+18",taesansigm4,
"1,86352E+18",Mon Dec 02 19:02:54 +0000 2024,4,@ohmy_beautybank gapernah ganti parfum lagi setelah tau produknya scentplus kalo gak dominant ya side effect. antara 2 itu ajaaa 2x semprot udah wangi bgt. mana kalo pake dijaket bisa berhari2 wanginya kalo refill paling trixie sih udah paling enak. https://t.co/LMxncQULvB,"1,86366E+18",,ohmy_beautybank,in,priok pride,0,2,0,https://x.com/gakgutluking/status/1863660129822048419,"1,28189E+18",gakgutluking,https://pbs.twimg.com/media/Gd0NAkaaoAAJhJ4.jpg
"1,86362E+18",Mon Dec 02 16:26:59 +0000 2024,0,duh ini emang paling asu peringkat kedua setelah lagu kemana mana nyiumnya wangi parfum dia trs,"1,86362E+18",,,in,unknown,0,0,0,https://x.com/lvpetrichor/status/1863620892384977315,"1,1457E+18",lvpetrichor,
"1,86355E+18",Mon Dec 02 11:27:17 +0000 2024,0,paling gasuka kalau ada orang yg minta spill parfum karna wangi parfum tuh udah jadi ciri khas kita. jadi gamau samaan pls. ,"1,86355E+18",,,in,?ùê‰ongseong's gf.,0,0,0,https://x.com/Kareyside/status/1863545469366161826,"1,64568E+18",Kareyside,
"1,86352E+18",Mon Dec 02 09:44:37 +0000 2024,6,@ohmy_beautybank Ini best parfum versi aku. Pink floral wangi bunga seger cewe cantik banget. Kalo chillin baby bedak bayi powdery gitu wanginya utk moroccan sunset ini yg paling aku suka wangi thai tea seger ada white floral nya enak banget terus ga bikin pusing. https://t.co/HRBWbNpbD9,"1,86352E+18",,ohmy_beautybank,in,,0,0,0,https://x.com/rianarsk/status/1863519630318580105,"1,547E+18",rianarsk,
"1,86352E+18",Mon Dec 02 09:32:51 +0000 2024,41,@ohmy_beautybank dari sekian banyak parfum yg pernah dipake tetep Oliver yang paling sering kena Notice! sampe jadi repurchase terus emang wanginya makin lama makin enak manis floral dan semerbak sampe orang sekitar muji wangi banget.,"1,86352E+18",,ohmy_beautybank,in,,2,4,4,https://x.com/pwetiethings/status/1863516669261574324,"1,40875E+18",pwetiethings,
"1,8634E+18",Mon Dec 02 09:10:20 +0000 2024,0,@dikidawawe3 Njir pernah. Lg nnton sendirian after brokeup. Sebelah wangi parfumnya doi barisan depan wangi parfum my X yg paling ue syg. Spanjang film mewek krna aromanya.,"1,86351E+18",,dikidawawe3,in,Jakarta Capital Region,0,0,0,https://x.com/cucicucicuuci/status/1863511005739078104,1666540788,cucicucicuuci,
"1,86349E+18",Mon Dec 02 09:08:04 +0000 2024,0,@chaosthetics apa ya paling yang baru w coba dari parfum mamak tuh yang sesuai ama lu kayaknya. Oullu Prana ini wangi orang dewasa mapan,"1,86351E+18",,chaosthetics,in,,0,1,0,https://x.com/TaroSukie_Luv/status/1863510433661059501,"1,51029E+18",TaroSukie_Luv,
"1,86339E+18",Mon Dec 02 08:27:31 +0000 2024,0,@skillfuul Paling suka pare. Paling gak bisa diterima lidahku si bunga pepaya. Menurutku aneh aja rasanya kan dia wangi jadi kyk makan parfum,"1,8635E+18",,skillfuul,in,,0,0,0,https://x.com/jwwonwoow/status/1863500227518640139,"1,28125E+18",jwwonwoow,
"1,86343E+18",Mon Dec 02 04:01:40 +0000 2024,3,awal dateng kaget packagenya cantik banget pas dibuka lebih kaget krn wangi banget wanginya seger banget dan SEMERBAK POL. gak nyegrak gak pusing kayanya ini parfum aku yg paling cocok dipake panas-panasan sejauh ini. vibesnya kayak cewe cantik ceria https://t.co/S9BNkxzhlU,"1,86343E+18",,aaphrodyte,in,"Malang, Jawa Timur",0,1,0,https://x.com/aaphrodyte/status/1863433324536250812,"1,43089E+18",aaphrodyte,
"1,8634E+18",Mon Dec 02 02:05:50 +0000 2024,0,Guys adakah yang pake parfum Scarlett? Aku mu coba beli menurut kalian yang wanginya kalem n cocok buat indoor varian apaa? Or give me your recommendation wangi yg paling enak menurut kalian,"1,8634E+18",,,in,,0,0,0,https://x.com/cwhdghz/status/1863404177260695840,3189716652,cwhdghz,
"1,86311E+18",Sun Dec 01 06:28:18 +0000 2024,0,spill parfum paling wangi klo lewat bisa kecium jarak 5km @tanyakanrl,"1,86311E+18",,,in,,0,1,0,https://x.com/calicuanduyu/status/1863107838715072694,"1,86309E+18",calicuanduyu,
"1,86305E+18",Sun Dec 01 02:22:09 +0000 2024,0,Ada satu brand parfum lain yang lagi sering aku pake juga sekarang kunti core bangettt wanginya enak sangat adine sekali. Tapi ada varian scent lain yang tadinya sempet mikir ah paling biasa aja kayak wangi rose pada umumnya. Ternyata pas sniff kemarin kok ENAK BANGET YA??,"1,86305E+18",,,in,?ŸŒ™ ,0,1,0,https://x.com/adinerifah/status/1863045893269999748,221359260,adinerifah,
"1,86269E+18",Sat Nov 30 11:43:32 +0000 2024,0,@actsofmoney Berasa paling wangi dan paling ganteng kalo abis pake parfum ini hahahah,"1,86282E+18",,actsofmoney,in,new world,0,0,0,https://x.com/abcdefakeheru/status/1862824782578020373,"1,26669E+18",abcdefakeheru,
"1,86273E+18",Sat Nov 30 08:57:52 +0000 2024,0,@regjeonghan Ntu wangi nya ga nyegrak aku jg ga suka parfum nyegrak soft gt terus da gliter nya Yg pink tu bau bau seger bunga yg cewe sekalii yg biru wangi nya kek buah yg paling strong ijo ituuu,"1,86278E+18",,regjeonghan,in,,0,0,0,https://x.com/lovelymiee/status/1862783092051881994,"1,57385E+18",lovelymiee,
"1,8624E+18",Sat Nov 30 04:55:54 +0000 2024,1,@ganzixofficial and another smell yang paling aku notice disini itu wangi vanilla + caramel yang enak bgt fyi parfum ini terkenalnya gara-gara wanginya itu mirip popcorn yang sering kita beli di bioskop jadi ga salah sih kalo jadi parfum andalan kaum gen z https://t.co/cB45PfllRK,"1,86272E+18",,terangremboelan,in,,0,1,0,https://x.com/terangremboelan/status/1862722200039825500,"1,66747E+18",terangremboelan,https://pbs.twimg.com/media/Gdm39c5XEAAWs2O.jpg
"1,86248E+18",Fri Nov 29 12:50:52 +0000 2024,0,Sumpah iya banget gk ada satupun parfum yg nyantol tetep balik lagi ke octarine ferrari light essence udah paling nyantoool murceee tapi tiap lewat di tempat kerja di tanyain mulu pake parfum apa wangi banget ,"1,86248E+18",,,in,Jakarta ,0,0,0,https://x.com/avara203/status/1862479339163721809,546390761,avara203,
"1,86247E+18",Fri Nov 29 12:07:24 +0000 2024,0,Menanti suatu hari di Jakarta ada eksebisi pewangi dari brand lokal. Parfum linen spray reed diffuser essential oil hair mist dan semacam deh. Ga kebayang hall tempat eksebisinya bakal sesemerbak apa dan wangi siapa bakal paling kuat ,"1,86247E+18",,,in,,0,0,0,https://x.com/shanazcou/status/1862468401580712410,36375852,shanazcou,
"1,86244E+18",Fri Nov 29 10:11:56 +0000 2024,0,Tapi emang wanginya nyegrak semua aih. Mau dibilang iya itu nanti lama jadi enak wanginya gak bisa gt. Pokoknya kalau mau semprot ya harus wangi di awal bukan afternya. Udh paling bener parfum BBW dahh cuman harganya agak tidak pas dikantong mahasiswa,"1,86244E+18",,,in,,0,1,0,https://x.com/Pejuangimpian02/status/1862439343836864791,"1,11564E+18",Pejuangimpian02,
"1,86228E+18",Thu Nov 28 23:52:21 +0000 2024,1,plss ??? jangan hina parfurm gue loui &amp; omnia udah paling wangi pls ? cowo gue jg pake maleali sksksksks TAPI SUMPAH skrg aku hobi koleksi parfum dan lagi pake 5 botol parfum &lt;3333 ,"1,86228E+18",,,in,taekook // harshword,0,2,0,https://x.com/vyrrmkoo/status/1862283421806178487,"1,21584E+18",vyrrmkoo,
"1,86227E+18",Thu Nov 28 22:45:23 +0000 2024,2,Bes rekomen parfum cowo yg menurut klean paling juara wangi dan tahan lama dong... Price under 200k ,"1,86227E+18",,,in,Kota Garam,0,3,0,https://x.com/red25velvet/status/1862266566894919904,"1,82904E+18",red25velvet,
"1,86195E+18",Thu Nov 28 02:16:29 +0000 2024,2, sophia laurent pink floral Ini parfum pertama aku yg paling favorit karena aku suka bgt sama wangi bungaÂ?. : https://t.co/Urs7Dlwc1Q Pink floral ini wanginya kayak mandi bunga fresh dari floral benerÂ? terasa vibesnya kayak dpt bucket bunga. Parfum feminine yg biasa https://t.co/WE73KQiY1R,"1,86196E+18",,rianarsk,in,,1,1,1,https://x.com/rianarsk/status/1861957302905192717,"1,547E+18",rianarsk,https://pbs.twimg.com/media/GdcASh9aAAAFqvd.jpg
"1,86175E+18",Wed Nov 27 12:49:00 +0000 2024,111,dulu selalu mikir ayah aku tuh pria yang punya wangi badan paling enak lah ternyata waktu cobain parfum ini wanginya sama kaya aroma ayah akuu woiiii fiks bakal ku pake waktu kangen ayahh krna aku ngerantau https://t.co/0yLW3VxAPz,"1,86175E+18",,,in,,0,30,91,https://x.com/kiaaaaca/status/1861754095218160036,"1,45839E+18",kiaaaaca,https://pbs.twimg.com/media/GdZHecBacAABQPX.jpg
"1,86175E+18",Wed Nov 27 12:28:24 +0000 2024,0,@ohmy_beautybank Parfum fruity juice. Seger ada cooling sensation nya paling terasa wangi strawberry. Ini aku pake siangÂ? aman banget wanginya ga ganggu terus juga awet bisa tahan lama. https://t.co/31s1WCqc7p,"1,86175E+18",,ohmy_beautybank,in,,0,0,0,https://x.com/rianarsk/status/1861748910206992674,"1,547E+18",rianarsk,
"1,85918E+18",Wed Nov 27 07:44:30 +0000 2024,1,Di awal semprot wanginya super fresh. Kalo orang nge-sniff tanpa liat packaging mungkin ga akan nyangka kalo nama parfum ini ada unsur Vanilla -nya Yang paling dominan di awal wangi Grapefruit dan Magnolia jadi bisa kebayang lah yaa wanginya amat sangat floral - fruity yang https://t.co/MtBP45uv5z,"1,86168E+18",,bulbulkun,in,,0,1,0,https://x.com/bulbulkun/status/1861677466408108052,"9,72632E+17",bulbulkun,https://pbs.twimg.com/media/GdYByRpaEAArEgW.jpg
"1,86132E+18",Tue Nov 26 08:23:19 +0000 2024,0,tiden co kek nya parfum paling wangi yg pernah aku beli. dulu buy 1 get 1 skrg ga tau masih promo apa gak ,"1,86132E+18",,,in,Palangka Raya,0,0,0,https://x.com/clvwiez/status/1861324843691712655,1913134531,clvwiez,
"1,86132E+18",Tue Nov 26 08:04:38 +0000 2024,2,aku suka banget wanginya tuh kaya cewe cewe feminine tapi masih bisa bgt dipake buat cowo top notes nya paling kecium wangi fruity dari apel sama mandarin orange nya enak banget seger gituu base notes nya ada vanilla nya aku paling suka parfum ada hint vanilla https://t.co/KVSZbxwz2b,"1,86132E+18",,urgirlca,in,,0,1,0,https://x.com/urgirlca/status/1861320144376733953,"1,2906E+18",urgirlca,https://pbs.twimg.com/media/GdS8zQKaoAE4wwC.jpg
"1,86131E+18",Tue Nov 26 07:10:38 +0000 2024,0,paling suka klo di twt lewat beginian but aku punya wangi yg ciri khas aku bgt belinya di JAF itu parfum bibitan nama bibitnya SASA ,"1,86131E+18",,,in,,0,0,0,https://x.com/pentolendogg/status/1861306555414753345,2295804379,pentolendogg,
"1,86106E+18",Tue Nov 26 04:56:46 +0000 2024,2,@convomf YSL Libre Bohe bali varian ladyboss Aromanifest sexy seductive Onix FWB sama BBW fairy tale atau gingham yg biru the best. Ini parfum parfum aku yg spl nya paling mantep. Klo yg Bbw dia bodymist sih cuma wangi nya enak bngt dan nyebar,"1,86127E+18",,convomf,in,"Seoul, Republic of Korea",0,1,0,https://x.com/criypdma/status/1861272866966380705,"1,48766E+18",criypdma,
"1,86073E+18",Mon Nov 25 08:35:30 +0000 2024,61,@ohmy_beautybank SEMUA HARUS COBA PARFUM ALT INI!! SPL nya paling GONGGG diantara varian lainnya. Wanginya awet 4harian dibaju + dikulit nempel bgt cuma pake bbrapa spray aja udh dinotis wangi teh &amp; mandi parfum Wanginya manis elegan dari Thai tea &amp; jasmine gk giung + gk bikin puyengâ€?ï¸è https://t.co/CJtoG0tif3,"1,86097E+18",,ohmy_beautybank,in,,0,4,14,https://x.com/nrosynr/status/1860965524135649601,"1,76048E+18",nrosynr,https://pbs.twimg.com/media/GdN6RlOboAA0lGU.jpg
"1,86094E+18",Mon Nov 25 07:00:30 +0000 2024,0,Parfum extrait yg blind buy friendly sejauh ini bohe sih paling top. Wangi nya enak enaakk,"1,86094E+18",,,in,"Seoul, Republic of Korea",0,0,0,https://x.com/criypdma/status/1860941617882161452,"1,48766E+18",criypdma,
"1,86092E+18",Mon Nov 25 05:36:12 +0000 2024,13,parfum wangi MELATI MENTOK paling murah harganya cuma 19rb! bukan tipikal parfum melati horor wanginya sangat mempresentasikan bunga melati segar bermekaran yg baru dipetik rill mirip plek-ketiplek walaupun cuma 19rb tapi wanginya AWET BGT! https://t.co/kisGfXLvy6 https://t.co/dQHFIE9AnW,"1,86092E+18",,wnisekai,in,,0,5,5,https://x.com/wnisekai/status/1860920402450755599,2416807057,wnisekai,https://pbs.twimg.com/media/GdNRPDfbkAAUI56.jpg
"1,86089E+18",Mon Nov 25 03:45:24 +0000 2024,0,Gue juga mo beli parfum nya dah mo tau sewangi apa sampe si paling wangi (renjun) notice parfumnya si op,"1,86089E+18",,,in,bxg dni,0,0,0,https://x.com/maaarkleee_/status/1860892516142489692,"1,43579E+18",maaarkleee_,
"1,86073E+18",Mon Nov 25 03:16:14 +0000 2024,2,@ohmy_beautybank Ini sih paling wangi dan ringan tuh yg warna ijo (wangi buah melon) tanteku yg gak suka parfum aja ngakuin klo dia jd suka parfum asal yg kek gini. Beneran bagus dgn harga cuma 60k an! Lumayan tahan lama jg kok https://t.co/Ufbohbyqkv,"1,86089E+18",,ohmy_beautybank,in,Potter world,0,0,0,https://x.com/hermionyyye/status/1860885176353739249,366515736,hermionyyye,
"1,86084E+18",Mon Nov 25 00:23:35 +0000 2024,189,Paling suka kalo gue bisa nyium parfum dari badan gue sendiri kayak anjjjj wangi banget gue,"1,86084E+18",,,in,,0,193,1,https://x.com/keshellaje/status/1860841727214694731,"1,1594E+18",keshellaje,
"1,86071E+18",Sun Nov 24 15:32:48 +0000 2024,1,Young K lebih ke green notes: fresh herbs a bit citrusy and a bit musky. gak bisa dia dikasih parfum dengan wangi woody / amber / sweet. secara dia paling gampang keringetan.,"1,86071E+18",,petitedoun,in,,1,1,1,https://x.com/petitedoun/status/1860708150745383041,"1,44961E+18",petitedoun,
"1,86027E+18",Sat Nov 23 22:20:34 +0000 2024,0,@blannnabi Ohhhh tapi blanche sendiri punya ga wangi parfum yg paling dia suka gitu? Misal wangi yg mirip bedak bayi(?) wangi manis bunga atau yg seger2 dari sekian parfum yang dibeli sama hanabi Atau dia malah suka semua? /yha,"1,86045E+18",,blannnabi,in,hidden place in hell ,0,0,0,https://x.com/yumenogridia/status/1860448381447078020,"7,97405E+17",yumenogridia,
"1,86023E+18",Sat Nov 23 11:04:05 +0000 2024,0,@cremejrulee Baunya paling antara wangi bedak minyak telon atau parfum bayik wkwk,"1,86028E+18",,cremejrulee,in,,0,0,0,https://x.com/timetamtam/status/1860278138443640961,"1,57494E+18",timetamtam,
"1,86016E+18",Sat Nov 23 03:15:50 +0000 2024,0,REKOMENDASI PARFUM VANILLA awet tahan lama Onix - Mexicola 120k https://t.co/JyArxQD7nK wangi manis vanilla &amp; kelapa paling dominan gak bikin eneg cocok buat daily Saff n Co - SOTB 240k https://t.co/7oCLeXLijn sweet creamy yg enak bgt dipake pas cuaca adem malem hari pas bgt https://t.co/mCLAhdODoL,"1,86016E+18",,,in,,0,1,0,https://x.com/osengpetehek/status/1860160299950834156,"1,58089E+18",osengpetehek,https://pbs.twimg.com/media/GdCd633agAIuMqT.jpg
"1,85999E+18",Fri Nov 22 18:23:25 +0000 2024,0,parfum cowo brand moc -new sealed -100 ml -ada struk tapi paling difotoin aja ya -varian grove &amp; dune. wangi wangi banget suer harga 100K bisa pake potongan dari svid lagi (harga store 199K) https://t.co/oawuCabbxp,"1,86003E+18",,willfreesoon,in,"Bandung, Indonesia",1,0,0,https://x.com/willfreesoon/status/1860026315531071595,"1,73124E+18",willfreesoon,https://pbs.twimg.com/media/GdAkE34acAAdLRh.jpg
"1,85993E+18",Fri Nov 22 14:06:12 +0000 2024,0,Ini walaupun paling mahal dari yg lain tapi worth it 100ml packaging &amp; wanginya cantik https://t.co/SsylmQNfM0 SV https://t.co/SMZfakSsbw Ini tuh wangi manis dari buah2an &amp; vanilla yg soft ga eneg warm juga. Wanginya kalem &amp; ceria gitu Eau De Parfum jadi SPLnya oke https://t.co/q07eS4Zy55,"1,85996E+18",,pweetynxi,in,"Jakarta Capital Region, Indone",0,1,1,https://x.com/pweetynxi/status/1859961581779685835,"1,71055E+18",pweetynxi,https://pbs.twimg.com/media/Gc_pM3Hb0AA0DdO.jpg
"1,85963E+18",Fri Nov 22 06:40:17 +0000 2024,0,@runtuhin tiap parfum tuh beda kak jenis wanginya jadi gabisa ditanyain kalau ditanya yg paling wangi,"1,85985E+18",,runtuhin,in,,0,1,0,https://x.com/HARM0UNIEE/status/1859849363478151636,"1,26478E+18",HARM0UNIEE,
"1,85975E+18",Fri Nov 22 02:28:38 +0000 2024,0,@rswaaaan that wangi ke suksesaan beh ini parfum paling enak,"1,85979E+18",,rswaaaan,in,,0,0,0,https://x.com/saticsfy/status/1859786034164400611,"1,7692E+18",saticsfy,
"1,85973E+18",Thu Nov 21 22:55:05 +0000 2024,0,Seandainya ucapan itu memiliki parfum pewangi niscaya bersholawat kepada Nabi Muhammadï·º adalah pewangi yang paling wangi ~Kalam Habib Umar Bin Hafidz~,"1,85973E+18",,,in,,0,0,0,https://x.com/SelviodaM/status/1859732293910397143,"1,85666E+18",SelviodaM,
"1,85923E+18",Thu Nov 21 11:53:04 +0000 2024,0,@mantantzuyu Cara penyimpanan dan umur parfum itu juga ngaruh. Karna ngalamin proses oksidasi. Ada sedikit perubahan warna di cairan tapi buat wangi harusnya ga berubah. Paling ya SPL nya agak nguap aja,"1,85957E+18",,rowdotayd,in,Plat B & AG,0,1,0,https://x.com/rowdotayd/status/1859565690228965545,"1,78661E+18",rowdotayd,
"1,85922E+18",Wed Nov 20 15:07:05 +0000 2024,13,@dckirana22 @tanyarlfes sering diskon (di alf4) untuk harga yg under 50k tahan lama sekitar 5-6 jam outdor 8 jam indoor (gak dimarinasi) pernah aku semprot almet sore2 besoknya wanginya lbh keluar dan lbh tahan lama di antara parfum wangi bayi ini paling bayi dan plg soft,"1,85925E+18",,dckirana22,in,decelis,0,3,1,https://x.com/yerhwg/status/1859252130978423105,"1,80143E+18",yerhwg,
"1,85887E+18",Tue Nov 19 13:59:06 +0000 2024,2,@gogumachuuu jujur itu emang paling stress sejagad rps soalnya bukan yng kenal udah lama bertahun2 tapi tiba2 dibikin parfum custom kayak mmmmm wangi apa ya yang mau gue kasih ke dia bcs I would like to smell this on him ,"1,85887E+18",,gogumachuuu,in,nsfw | bhs/eng ,1,0,0,https://x.com/lunchjiwoonq/status/1858872634760724818,"1,67497E+18",lunchjiwoonq,
"1,85872E+18",Tue Nov 19 09:06:00 +0000 2024,0,NAHHH yang ini yang paling banyak direkomendasiin di reply Reverie! Di awal semprot wangi white floralnya semerbak dan aku cium wangi buah blackcurrant yang agak manis-asem terus dry down yang agak manis... wow.. parfum cewek coquette https://t.co/yGjOBB5Rdw,"1,8588E+18",,dnrchmn,in,?Ÿç’?Ÿê§?Ÿ?Å?Ÿèê,0,1,0,https://x.com/dnrchmn/status/1858798873067876596,201600218,dnrchmn,https://pbs.twimg.com/media/GcvHuU7bcAA2yTk.jpg
"1,8587E+18",Tue Nov 19 06:50:28 +0000 2024,0,@convomf gada sih wakkaka paling parfum sih agar wangi,"1,85876E+18",,convomf,in,?ù’”?ù’•?ù’‚?ù’“?ù’ˆ?ù’‚?ù’›?ù’??ù’è?ù’ˆ.,0,0,0,https://x.com/matchaeryou/status/1858764764463460567,"1,52333E+18",matchaeryou,
"1,85872E+18",Tue Nov 19 04:01:41 +0000 2024,0,Oxly Nitzche ini jg parah wangi soft gitu hidden gems parfum bgt di jaket seharian masi wangi https://t.co/TYQ59NupUZ https://t.co/oK94gA48c9,"1,85872E+18",,txtdronlineshop,in,Jakarta,0,1,0,https://x.com/txtdronlineshop/status/1858722288029577560,"1,56681E+18",txtdronlineshop,https://pbs.twimg.com/media/GcuCEQKbcAUAgPz.jpg
"1,85868E+18",Tue Nov 19 01:20:14 +0000 2024,0,Aku paling salting kalau ditanya *kamu wangi banget pakai parfum apa?* https://t.co/A7woyhAEh6 padahal aku cuma pakai parfum 6ribuan aja https://t.co/amULKnRrE5,"1,85868E+18",,,in,"Nganjuk, Indonesia",1,0,0,https://x.com/strawbiyii/status/1858681656565264548,"1,8094E+18",strawbiyii,https://pbs.twimg.com/media/GctdHcObcAAUrGL.jpg
"1,85854E+18",Mon Nov 18 15:41:02 +0000 2024,2,PARFUM PALING WANGI,"1,85854E+18",,,in,Stayzen,0,0,1,https://x.com/FrhChn3897/status/1858535896989233439,"1,7095E+18",FrhChn3897,
"1,85844E+18",Mon Nov 18 09:31:22 +0000 2024,9,Gendhis Ini parfum paling manis dan feminin di koleksinya Iki Arum! Pas pertama disemprot langsung kecium wangi Rose &amp; Coffee yang bold pelan-pelan jadi manis dari Caramel dan di dry down ada notes Vanilla yang bikin makin feels parfum ini makin hangat &amp; comforting https://t.co/JhWSkJ3GLx,"1,85844E+18",,DearSqin,in,"Jakarta Selatan, DKI Jakarta",0,1,1,https://x.com/DearSqin/status/1858442866064060688,"1,36752E+18",DearSqin,https://pbs.twimg.com/media/GcqD7rbakAAwSH7.jpg
"1,85842E+18",Mon Nov 18 08:08:39 +0000 2024,1,Ini tuh konsepnya kaya Mark : si nempel molor dimana aj Renjun : seneng yoga? Jeno : suka pake hoodie kemana2 Haechan : suka parfum / wangi+ body care mandinya dia byk + susah bobo Jaemin : si suka ngopi Chenle : si suka ngeteh Jisung : si paling suka make kemeja kotak2 andalan,"1,85842E+18",,,in,,0,0,1,https://x.com/sunkisssmoon/status/1858422052711284987,"1,61414E+18",sunkisssmoon,
"1,85831E+18",Mon Nov 18 00:28:00 +0000 2024,6, Bizarre chic haute Varian yg ini benerÂ? feminine semerbak seger yg benerÂ? buah banget. Paling terasa dari wangi melon sama apple menurut aku ini parfum yg gampang banget di definisiin karena wanginya ga macemÂ? feelsnya benerÂ? remaja banget. https://t.co/RrF7KxKxwZ,"1,85831E+18",,rianarsk,in,,1,1,4,https://x.com/rianarsk/status/1858306123025297870,"1,547E+18",rianarsk,https://pbs.twimg.com/media/GcoHkeVbcAA7c73.jpg
"1,85812E+18",Sun Nov 17 12:08:54 +0000 2024,0,Udah sniff semua parfum Les Classiques dari Alchemist dan gue paling suka wangi Bois et Musc. Di hidung gue yang awam ini pakai Bois et Musc serasa lagi di area yang udaranya adem dan seger kek lagi jalan pagi di gunung atau jalan setapak terus kanan kiri penuh pepohonan. ,"1,85812E+18",,,in,,0,0,0,https://x.com/hyoomuhns/status/1858120124999369192,617807650,hyoomuhns,
"1,85811E+18",Sun Nov 17 11:42:49 +0000 2024,0,I still respect tukang parfum refillan. Cm yg paling engga bgt pernah liat kang parfum refill tp ngerjain parfumnya sambil ngudud. Plis lah idung lo mau nyium wangi apa.,"1,85811E+18",,,in,Indonesia,0,0,0,https://x.com/AgataStarking/status/1858113558799606050,102379506,AgataStarking,
"1,8581E+18",Sun Nov 17 11:31:08 +0000 2024,0,@BWoodx Semua parfum oboi wangi banget please tapi paling suka yang varian Sori karena manis banget!!,"1,85811E+18",,BWoodx,in,"Edinburgh, Scotland",0,1,0,https://x.com/kthrealfairy/status/1858110620392173649,"8,59581E+17",kthrealfairy,
"1,85758E+18",Sat Nov 16 11:09:40 +0000 2024,0,@memmbara yang paling wangi pake parfum apa?,"1,85774E+18",,memmbara,in,"?Ÿ‡®?Ÿ‡© Central Java, Indonesia",0,0,0,https://x.com/sky_awanku/status/1857742828111307143,1666658233,sky_awanku,
"1,85721E+18",Fri Nov 15 07:37:44 +0000 2024,2,@papaojol @tanyarlfes Setuju. Selain itu juga ritual menuju tidur jarang atau mungkin gak pernah dibahas. Misal ; Si cewek biasa mau tidur malem harus wangi pake parfum lotion dan skin care. Dia mau si cowok jg paling gak wangi. Atau Si cewek gak suka berbagi selimut. Nah jadi nanti pake 2 selimut.,"1,85733E+18",,papaojol,in,,0,1,0,https://x.com/temantolakangin/status/1857327105878655142,251398528,temantolakangin,
"1,85724E+18",Fri Nov 15 01:45:29 +0000 2024,0,Aku menyukaimu sehebat itu wajah manismu kepribadian mu kepandaianmu tutur katamu suaramu wangi parfum mu potongan rambutmu semua tentang kamu. Aku rasa lagu ini adalah lagu yang paling tepat untuk menggambarkan dirimu.Ya sesempurna itu kamu di mataku,"1,85724E+18",,,in,From Osaka,0,0,0,https://x.com/Muharnaldhy1/status/1857238460073177254,3347263093,Muharnaldhy1,
"1,85723E+18",Fri Nov 15 01:27:30 +0000 2024,0,Aku paling salting kalau ditanya wangi banget pakai parfum apa ? https://t.co/tvnhBZ8X5X Salah satu parfum lokal ter fav. Wanginya tahan lama dari pagi sampai malem masih kecium baunya harga pas kwalitas diatas rata2 sih ini 9 2/10 deh https://t.co/NBOBW8Ky1E,"1,85723E+18",,,in,"Nganjuk, Indonesia",1,0,0,https://x.com/strawbiyii/status/1857233935002132907,"1,8094E+18",strawbiyii,https://pbs.twimg.com/media/GcY4a96aIAA4MSn.jpg
"1,85711E+18",Thu Nov 14 17:59:34 +0000 2024,1,@joombajookiba HMMM kayaknya kemaren sempet gue ada nyium parfum wangi guava deh tapi lupa apa namanya :( sebenernya paling deket fruity accordnya ke guava tuh BSP Papan Selancar for Her dan Mykonos Hawaiian Crush,"1,85712E+18",,joombajookiba,in,"Jakarta Capital Region, Indone",0,1,0,https://x.com/tomspr17/status/1857121207470227469,"1,79469E+18",tomspr17,
"1,85706E+18",Thu Nov 14 13:59:46 +0000 2024,0,Kenapa ada piramida wangi tadi? Karena parfum dibuat dari racikan berbagai aroma jadi aroma yang paling ringan akan akan cepat menguap sehingga ada perubahan wangi seiring waktu berlalu. Aroma yang bold akan lembat menguap yang akan menjadi dasar aroma parfum yang kamu pakai.,"1,85706E+18",,uchivity,in,"Bandung, Indonesia",0,1,0,https://x.com/uchivity/status/1857060862323814808,"1,35791E+18",uchivity,
"1,857E+18",Thu Nov 14 10:09:51 +0000 2024,3,Dari yang paling awet dulu yah: LOVE! https://t.co/LzQAGFccpr Dia ini beyond parfum yaa concentration nya paling atas up to 40% makanya awet bangett dan wangi semerbak~ Untuk aromanya fruity yang cinta sama wangi ylang-ylang x apple vanilla JOIN! https://t.co/veg1Z2ZIX3 https://t.co/RtJuGSYrgr,"1,857E+18",,hmtly,in,"Bekasi, Jawa Barat",0,1,0,https://x.com/hmtly/status/1857003000734089336,231096702,hmtly,https://pbs.twimg.com/media/GcVmYYzWQAEzxUk.jpg
"1,85653E+18",Wed Nov 13 02:44:28 +0000 2024,0,(Perkara parfum) Pilih parfum mahal 2x cruts wangi seharian atau parfum lokal murah tp 4 jam sekali semprot lagi?? Kalau kaum mendang mending gini paling pas yg lokal.. Tiap hari bisa gonta ganti wangi sesuai mood. Hari ini wangi kunti https://t.co/hbzW0fiQ8i,"1,85653E+18",,,in,Indonesia,0,0,0,https://x.com/botanica28/status/1856528529342824650,"1,57364E+18",botanica28,https://pbs.twimg.com/media/GcO227casAQgh9w.jpg
"1,85648E+18",Tue Nov 12 23:48:00 +0000 2024,0,Gasengaja nyium wangi yang samar kalo diinget yang paling kuat.. parfum itu strong di foto ini:)) https://t.co/QTPQcFbi0l,"1,85648E+18",,,in,,0,0,0,https://x.com/anti_telur/status/1856484120098156901,"1,4922E+18",anti_telur,https://pbs.twimg.com/media/GcOOdN3asAMFIzb.jpg
"1,85523E+18",Tue Nov 12 14:53:39 +0000 2024,0,@Hjyeju Ada sinonim dari Fen gak yang artinya sama sama wewangian/parfum gitu? Kali aja si s tuh extend mau ganti sna biar wangi juga. AAMIIN PALING SERIUS COMEBACK DAN NGIDOL LAGI KK.,"1,85635E+18",,Hjyeju,in,,0,1,0,https://x.com/Gyuvun/status/1856349645313806588,"9,40134E+17",Gyuvun,
"1,85633E+18",Tue Nov 12 14:43:05 +0000 2024,0,@devielvina Bagusan diem ya biar gak Malu Org cantik &amp; ganteng mahal perawatan nya supaya tetap cakep. Tuh banyak artis cakep dr lahir tetep perawatan.facial skin care nya puluhan juta.biar tetep wangi parfum nya paling murah 3 juta.dr ujung rambut sampai telapak kaki pakai duit.,"1,85635E+18",,devielvina,in,,0,1,0,https://x.com/galeryme7/status/1856346987974799680,"1,67878E+18",galeryme7,
"1,85595E+18",Mon Nov 11 12:38:24 +0000 2024,169,Ini sih salah satu parfum paling AMAN DIPAKE PANAS-PANASAN Bayangin seharian wangi fresh ala es lemon bercampur floral yang ga bikin giung! https://t.co/emhZXHFx4H,"1,85595E+18",,,in,,0,59,134,https://x.com/hlogwarts/status/1855953219132047823,2200903098,hlogwarts,https://pbs.twimg.com/media/GcGq4XyasAAx2f4.jpg
"1,85592E+18",Mon Nov 11 10:19:12 +0000 2024,2,Aku juga sering layering body serum + parfum bikin makin wangi seharian Plus yang paling aku suka ukurannya pas banget jadi masuk pouch or bag aman aman aja gampang dibawa kemana mana https://t.co/6imD1Jkny8 https://t.co/FKicVzsw46,"1,85592E+18",,lippppeye,in,"Bogor, Jawa Barat",0,0,0,https://x.com/lippppeye/status/1855918188485284233,545676029,lippppeye,https://pbs.twimg.com/media/GcGLwGhbIAA6E-V.jpg
"1,8558E+18",Mon Nov 11 08:32:38 +0000 2024,0,ê£‘à§? PS I Love You wanginya fresh-floral-musky yg dominan. openingnya ada wangi lemon tp ga se-citrusy parfum citrus lainnya dan ga bitter enak bgt pas udah ngeblend sama note fruity &amp; floral. paling kecium sama aku apricot peach peony. dry downnya lebih kerasa wangi musky https://t.co/ERMmPxHiJP,"1,85589E+18",,mamooong,in,she/her,0,1,0,https://x.com/mamooong/status/1855891370533412920,2982347671,mamooong,https://pbs.twimg.com/media/GcFzWl1aMAAnC5M.jpg
"1,85587E+18",Mon Nov 11 07:29:35 +0000 2024,0,Skrg lagi suka bgt sm parfum tiap scroll reels review parfum langsung di beli jg paling sulit parfum yaa soalnya selera wangi org tuh beda2 tp knp ujung2nya aku beli pdhl aku tau seleraku blm tentu sm dgn yg ngereview ,"1,85588E+18",,ismaliawithu,in,,0,1,0,https://x.com/ismaliawithu/status/1855875503200317548,"1,28898E+18",ismaliawithu,
"1,85555E+18",Sun Nov 10 18:15:05 +0000 2024,1,@arinn_fa @tanyakanrl ADUHHHH AKU GABISA DESKRIPSIIN WANGI PARFUMMM :( tp enak kok! manisnya bukan yang manis banget gitu kayak aroma apa ya.......? kelapa creamy (?) gituuuu. sejauh ini aku udah nyoba beberapa varian parfum evangeline menurutku yang paling enak wanginya yang inii,"1,85568E+18",,arinn_fa,in,unlabeled,0,0,0,https://x.com/qemwarin/status/1855675561550696634,"1,25345E+18",qemwarin,
"1,85546E+18",Sun Nov 10 14:13:45 +0000 2024,1,@tanyarlfes nder ini aku rate parfum yang aku pakai honest review aku: 1. jly stillope 2. zara nude 3. victoria secret scandalous ketiganya ini punya wangi yang enak bahkan di siang hari gak bikin orang mual. yang paling mantep varian jly stillope aku sering dipuji kalo pake parfum itu,"1,85561E+18",,tanyarlfes,in,USA,0,1,0,https://x.com/cutiiiebean/status/1855614827651342812,"1,24673E+18",cutiiiebean,
"1,85558E+18",Sun Nov 10 12:12:23 +0000 2024,0,@pompomfess karakter dgn wangi parfum paling menyengat,"1,85558E+18",,pompomfess,in,she/they,83,0,0,https://x.com/lynsney/status/1855584284985405915,"1,53815E+18",lynsney,
"1,85558E+18",Sun Nov 10 11:37:16 +0000 2024,1,apa merk parfum yang paling wangi menurut kalian?,"1,85558E+18",,,in,sebelah rumahmu ,0,1,0,https://x.com/djumm_/status/1855575447213584755,"1,13841E+18",djumm_,
"1,85545E+18",Sun Nov 10 11:11:26 +0000 2024,2,Parfum dari Kahf biar masbro sekalian wangi https://t.co/BwwgL1DgNO Yg haus yg haus https://t.co/iNlOceeRq7,"1,85557E+18",,LaLigaLocaID,in,,0,0,0,https://x.com/LaLigaLocaID/status/1855568947883671952,"1,27294E+18",LaLigaLocaID,
"1,85519E+18",Sat Nov 09 10:13:05 +0000 2024,0,Tadi pas liat2 gitu ada 1 parfum yg bikin kepala w langsung pusing bjirrrr. W paling gabisa kalo wangi parfumnya ada unsur kembang2 gitu. Krn jadi pusing kek plisssss jauh2 aja dari w. W lebih suka wangi yg fresh manis atau bahkan manly.,"1,85519E+18",,beemabae,in,,0,1,0,https://x.com/beemabae/status/1855191876028215797,"1,45468E+18",beemabae,
"1,85518E+18",Sat Nov 09 09:15:14 +0000 2024,0,SPL: kemaren tes 1 semprot masing masing buat di outdoor sekitar 4 jam masih wangi yang tapi yang ï¸è udah sisa sisanya aja (wajar ya parfum wangi fresh gitu emg cepet ilang) kalo pake banyakan mungkin lebih awet. Dua dua nya bukan tipe yg semerbak gitu jd ga ganggu orang,"1,85518E+18",,maisscons,in,â‹†Ë??Ÿê?Ë–Â° ?Ÿê¶?Ÿ’??Ÿê°â‹†Ë??Ÿê?Ë–Â°,0,0,0,https://x.com/maisscons/status/1855177318463062038,"1,39355E+18",maisscons,
"1,85516E+18",Sat Nov 09 07:55:29 +0000 2024,1,Ah ini wangi aku banget sih Paling seneng kalo top notes nya bergamot Pasti seger banget Udah kebayang ini wanginya bakal seger manis tapi bukan buah tipe parfum yg dingin gitu https://t.co/AgGCnyAfsl,"1,85516E+18",,,in,99fellas?Ÿ™‚â€çâ†”ï¸è,0,1,0,https://x.com/furinaikhaji/status/1855157247455932498,"1,8012E+18",furinaikhaji,https://pbs.twimg.com/media/Gb7Xk8Ba8AALM8W.jpg
"1,85488E+18",Fri Nov 08 13:53:00 +0000 2024,0,inilah gambaran park sungjin pas mau otw radio di rabu malam. cari baju paling bagus buat ketemu myday+pake parfum jg biar wangi https://t.co/MqpacfVn20,"1,85488E+18",,,in,dowoon-day6,0,0,0,https://x.com/dowoonclouds/status/1854884831907529036,"1,53059E+18",dowoonclouds,https://pbs.twimg.com/ext_tw_video_thumb/1854854473094774786/pu/img/XkMvxU2Mco8NX8Ut.jpg
"1,85487E+18",Fri Nov 08 13:10:58 +0000 2024,2, Lu kan tukang parfum parfum yg wangi apaan dah? kata gue sih stop njir gue aja ga pake parfum saking enegnya nyium bau parfum yg beda-beda tpi buat cewe sih yg paling enak avril ato cherry blossom buat cwo udh pasti baccarat/dunhil blue sih itu wangi nya ninggalin jejak,"1,85487E+18",,,in,,0,5,0,https://x.com/jwlryyx/status/1854874251226235137,"1,03654E+18",jwlryyx,
"1,85454E+18",Fri Nov 08 04:00:37 +0000 2024,0,@tanyakanrl yang paling membekas sampai sekarang ada dua sih Saya ga butuh kecepatan ngetik kamu tapi kerjaan gak beres meanwhile saat itu aku bener bener hectic dan ngerjain banyak kerjaan sekaligus kedua pas ada yang muji wangi parfumku alah modal parfum indomaret aja bangga ,"1,85474E+18",,tanyakanrl,in,Batam,0,0,0,https://x.com/KarnilaHoran/status/1854735751499624928,"1,27317E+18",KarnilaHoran,
"1,85448E+18",Thu Nov 07 11:12:15 +0000 2024,0,paling gak suka naik transum tuh udahlah lu lagi pusing ditambah nyium wangi semerbak parfum yang gak cocok dipakai saat keringetan dan bau ketek orang. combo dahsyat!,"1,85448E+18",,,in,,0,0,0,https://x.com/bouquin__/status/1854481991150035089,"1,00801E+18",bouquin__,
"1,85448E+18",Thu Nov 07 11:10:20 +0000 2024,4, Heura parfum https://t.co/XFaQ4KEXul sumpah wanginya heura tuh bener2 yang mendeskripsikan wangi yang cewe banget yang paling favorite adalah varian yang Her aku sampe repurchase ini bener2 tipe wangi yang fresh floral ketemu sweet fruity! kalo kalian suka https://t.co/StvMoC2Je8,"1,85448E+18",,dehaagusti,in,,0,1,0,https://x.com/dehaagusti/status/1854481504992424342,"9,05206E+17",dehaagusti,https://pbs.twimg.com/media/GbxxF5pbIAARg5d.jpg
"1,85447E+18",Thu Nov 07 10:26:03 +0000 2024,0,Dejavu paling sakit adalah ketika menghirup wangi parfum yang sama padahal bukan dia orangnya..,"1,85447E+18",,,in,,0,0,0,https://x.com/nuga_purple17/status/1854470362550903005,1136745558,nuga_purple17,
"1,85185E+18",Thu Oct 31 04:38:44 +0000 2024,1,pokoknya kalau kalian nyari parfum wangi buah2an fresh manis tapi dominan freshnya beli ini aja udah paling bener https://t.co/1swi125sBp,"1,85185E+18",,skicnear,in,Indonesia,0,0,0,https://x.com/skicnear/status/1851846241455370634,"1,46913E+18",skicnear,
"1,85162E+18",Wed Oct 30 18:25:11 +0000 2024,1273,@tanyarlfes SEMUA HARUS COBA PARFUM ALT INI!! SPL nya paling GONGGG diantara varian lainnya. Wanginya awet 4harian dibaju + dikulit nempel bgt cuma pake bbrapa spray aja udh dinotis wangi teh &amp; mandi parfum Wanginya manis Thai tea+jasmine pass bgt gk eneg gk giung + gk bikin puyengâ€?ï¸è https://t.co/Q88Hjd4isZ,"1,85169E+18",,tanyarlfes,in,,27,35,74,https://x.com/nrosynr/status/1851691835695206877,"1,76048E+18",nrosynr,https://pbs.twimg.com/media/GbKH5-UaEAATzeh.jpg
"1,85159E+18",Wed Oct 30 11:38:27 +0000 2024,27,Makanya mayan banyak bule bau tengik. Kapan hari ada mbak-mbak bule duduk di samping gue di bus baunya masyaAllah. Cantik tapi bau tengik. Etapi sirkel bule gue bersih-bersih sih. Walau gue tetep yang paling wangi scara tiap kluar rumah aja gue pake parfum â€çï¸è,"1,85159E+18",,,in,"Planet Earth, Milky Way",0,4,0,https://x.com/GilangHamidy/status/1851589479607226606,60335848,GilangHamidy,
"1,85148E+18",Wed Oct 30 04:28:17 +0000 2024,128,Aku sebagai cewe first impression klo ktmu org baru wangi yg paling utama! Ga bisa itu udah valid no debat!! Apalagi di acaraÂ? penting atau tmpt umum jgn sampai slh pilih karena bisa jd mslh. Makanya aku ksh th parfum mewah dgn floral woody yg bisa diterima di semua situasi! https://t.co/myhtdeAfiY,"1,85148E+18",,,in,,1,52,118,https://x.com/Riska17/status/1851481223425900620,311821851,Riska17,https://pbs.twimg.com/media/GbHIWqJbQAEekFJ.jpg
"1,85144E+18",Wed Oct 30 02:03:28 +0000 2024,2,pertama kali di semprot wanginya buah buahan seger dan yg aku cium tuh dominan passion fruitnya masuk ke middle notes ada peony &amp; rose and aku paling suka dry down nya sih ada wangi vanila yg enak banget parfum ini di aku tahan ï¸è 6-8 jam https://t.co/iwu9XhlbL5,"1,85144E+18",,beaebliss,in,beauty enthusiast,0,1,1,https://x.com/beaebliss/status/1851444779344974103,"1,69652E+18",beaebliss,https://pbs.twimg.com/media/GbGnNiLaYAARsXI.jpg
"1,84978E+18",Tue Oct 29 14:42:38 +0000 2024,0,@skingoldenhour Paling suka ama wangi nya Grace &amp; Glow ini wanginya enak kayak parfum + tahan lama &amp; buat kulit jd lebih cerah,"1,85127E+18",,skingoldenhour,in,,0,0,0,https://x.com/azahraa_103/status/1851273443192553555,"1,34208E+18",azahraa_103,
"1,8512E+18",Tue Oct 29 13:01:18 +0000 2024,86,@soogarplume Sekarang lagi jualan parfum terus testimoni bapak2 guard mecim kemaren jadi paling wangi jualan parfum aja terus dah,"1,85125E+18",,soogarplume,in,Indonesia,0,0,0,https://x.com/MeguSaja/status/1851247941551595843,"8,37876E+17",MeguSaja,
"1,85095E+18",Mon Oct 28 17:15:38 +0000 2024,0,Area miss v wangi adalah investasi. Parfum khusus area miss v wangi manis dan segar awas suami tergila-gilaâ€?ï¸è link : https://t.co/DqQDec6yxm https://t.co/LjnujVkg5g,"1,85095E+18",,SiPalingRacund,in,,0,1,0,https://x.com/SiPalingRacund/status/1850949558286901698,"1,58846E+18",SiPalingRacund,https://pbs.twimg.com/media/Ga_kz0BaIAAf1rB.jpg
"1,8508E+18",Mon Oct 28 07:38:48 +0000 2024,117,After bath emang lawannya cuaca terik matahari. Parfum dgn semerbak wangi seger no manisÂ? !! Ini sih aquatic banget vibesnya kayak di santorini. Ukuran pocketable paling pas untuk di bawa ke manaÂ? Pic 2. @/santorini (ig) https://t.co/69ExlJXI8T,"1,8508E+18",,,in,,1,54,96,https://x.com/rianarsk/status/1850804394956345806,"1,547E+18",rianarsk,https://pbs.twimg.com/media/Ga9gyA9boAAaTiR.jpg
"1,85076E+18",Mon Oct 28 04:58:35 +0000 2024,1,wanginya tuh seger bgt juga perpaduan wangi bunga jadi ada kesan soft dan powdery gitu daaan yg paling aku suka dari parfum ini tuh dia makin lama wanginya jadi makin soft tp tetep ada si segernya tadi auto favorite!,"1,85076E+18",,seraphinarosey,in,disini,0,1,0,https://x.com/seraphinarosey/status/1850764072696131902,"1,06371E+18",seraphinarosey,
"1,85075E+18",Mon Oct 28 03:53:22 +0000 2024,0,Sedih bgt beli parfum krn kemakan review twitter tp ternyata wanginya adalah wangi yg paling mengganggu aku di kantor krn ada 1 siswa yg pake wanginya persis kaya gini Parfum murah sih tp kan sayang aja gitu,"1,85075E+18",,,in,Indonesia,0,1,0,https://x.com/defnisss/status/1850747661990895626,"1,37584E+18",defnisss,
"1,85057E+18",Sun Oct 27 16:14:58 +0000 2024,6,Dikasih pujian = ningkatin mood Sahabat AVO pujian apa yang paling bikin kamu happy? Kalau Min-AVO sih paling seneng dipuji soal wangi terus ditanya lagi pakai parfum apa! Kebetulan hari ini pergi seharian dari pagi-malam dipuji wangi terus soalnya lagi pakai parfum https://t.co/j8A9SeU5KM,"1,85057E+18",,,in,,0,1,0,https://x.com/theavolife_id/status/1850571905662886279,"1,44244E+18",theavolife_id,https://pbs.twimg.com/media/Ga6NVGQakAAXGnn.jpg
"1,85056E+18",Sun Oct 27 15:37:59 +0000 2024,8,Tanyaa dong~ Ada wangi parfum yang paling favorit kamu gak sih?,"1,85056E+18",,,in,Inquiries? DM @BlibliCare or?Ÿ‘‡,0,3,1,https://x.com/bliblidotcom/status/1850562598057755096,280834900,bliblidotcom,
"1,85046E+18",Sun Oct 27 08:32:55 +0000 2024,0,Akhirnya nemu parfum yang wanginya soft dan tentunya tahan lamaa ini beneran walaupun baju udah dicuci wangi parfumnya tetep adaa parfumnya dari camari ada 4 varian. aku paling suka yang varian youth Belinya disini https://t.co/sXtJ0zWQZ0 https://t.co/QcR8JKYB55,"1,85046E+18",,,in,world,1,0,0,https://x.com/slvnmly_/status/1850455625429606771,"1,20324E+18",slvnmly_,https://pbs.twimg.com/media/Ga4jlQjbgAAkDIN.jpg
"1,85042E+18",Sun Oct 27 06:23:36 +0000 2024,24,{mu} review nya dong yg pake parfum ini terus yg paling wangi dan recommend yg mana. tia https://t.co/6jW0DUzpQY,"1,85042E+18",,,in,INFO â?¡ï¸è,0,15,0,https://x.com/womanfeeds_id/status/1850423079744442548,"8,66802E+17",womanfeeds_id,https://pbs.twimg.com/media/Ga4F_BgbcAAeKei.jpg
"1,84999E+18",Sat Oct 26 01:59:40 +0000 2024,0,Pasti gara gara denger omongan abangnya si donghyun yaa? Udh adek paling bener jgn pake parfum biar wangi bayi teyuuss,"1,84999E+18",,,in,'âÅ°Â?,0,0,0,https://x.com/yeppihans/status/1849994271090409845,2496060260,yeppihans,
"1,84998E+18",Sat Oct 26 00:58:36 +0000 2024,0,Gatau sih tpi kunci wangi menurut gue bukan di parfum tpi lotion dan body wash haha. But anyway.. parfum yg gue pakai sehari2 klo pagi itu the body shop British rose atau victoria secret vanilla. Klo malam gue pake Zara yg botok wrna pink pokoknya. Paling rekomen si tbs,"1,84998E+18",,,in,,0,0,0,https://x.com/mootok_o/status/1849978904561451273,"1,76598E+18",mootok_o,
"1,84976E+18",Fri Oct 25 10:22:38 +0000 2024,0,Paling penting pake deodoran dulu biar keti nggak bau jadi combo wangi nya bisa maksimal Nggak kebayang kalo bau keti harus tabrakan sama parfum ,"1,84976E+18",,skinmocca,in,,0,0,0,https://x.com/skinmocca/status/1849758459773976720,"1,36665E+18",skinmocca,
"1,84974E+18",Fri Oct 25 09:14:41 +0000 2024,6,ketahanannya juga menurutku oke banget tahan lama konsentratnya lebih dari Extraid De Parfum jadi wanginya lumayan nempel apalagi di baju. tapi tetep aku bakal re-spray karena aku adalah orang yang paling ga bisa dibilang bau harus tetep wangi seharian https://t.co/frlejln3Bn,"1,84974E+18",,malaeveeci,in,dm for any inquiries ,0,1,0,https://x.com/malaeveeci/status/1849741361526042950,"1,72738E+18",malaeveeci,https://pbs.twimg.com/media/GauZ9zebgAA1hWP.jpg
"1,84959E+18",Thu Oct 24 23:21:17 +0000 2024,0,orang orang kantor bilang tapi di sini kamu tau yg paling wangi. dari kamu dateng ampe pulang wanginya ga ilang ilang percaya aing mane mah ga pernah gagal kalo soal parfum wangi banget na. kalo deket kamu bawaannya seger mulu WKWK SALTING GWEHHH,"1,84959E+18",,,in,,0,0,0,https://x.com/yaudinla/status/1849592028314960250,"1,17709E+18",yaudinla,
"1,84943E+18",Thu Oct 24 12:43:33 +0000 2024,187,kalo ada yg tanya emang ada parfum murah tapi wanginya enak + awet?! aku maju paling depan bawa parfum inii!!â€çï¸è surprisingly meskipun ini murah tapi wanginya ENAK BGTTT!! yg tim wangi sweet fruity-floral dijamin cocok!! https://t.co/XtvMogQB67,"1,84943E+18",,,in,,1,49,161,https://x.com/vanjllatte/status/1849431536724287795,"1,50407E+18",vanjllatte,https://pbs.twimg.com/media/GaqALC6a0AAHRcX.jpg
"1,84909E+18",Wed Oct 23 13:55:42 +0000 2024,1,Aku tuh paling gabisa deskripsiin wangi parfum makanya kadang nolak brand parfum nolaknya gimana? Kalo yg nawarin barter aku kasih rate ala-ala diskon kalo yg paid trs nanya rate Aku kasih rate tinggi biar mundur Kecuali parfum nya udah biasa aku pake atau ya wishlist aku,"1,84909E+18",,,in,,0,0,0,https://x.com/crazyrichtgr/status/1849087303517614543,"1,22899E+18",crazyrichtgr,
"1,84872E+18",Wed Oct 23 12:24:46 +0000 2024,93,@convomf Gk bosen rekomenin ALT INIII!! Krna SPL nya paling JOS diantara yg lain. Dia awet 4harian dibaju dikulit nempel bgt wanginya. Cuman pake bbrapa spray aj udh dinotis wangi teh+mandi parfum Wanginya manis dari Thai tea &amp; jasmine pass bgt gk eneg gk giung + gk bikin puyengâ€?ï¸è https://t.co/UxfkRZOLmo,"1,84906E+18",,convomf,in,,1,4,13,https://x.com/nrosynr/status/1849064418698760334,"1,76048E+18",nrosynr,https://pbs.twimg.com/media/GakySOwa0AA7U0D.jpg
"1,84894E+18",Wed Oct 23 04:07:52 +0000 2024,0, member yang paling wangi. : emkei : wkwkwk maaciwwww : dia kalau pake parfum kecium bangeeet please kepo sekarang kamu pake parfum apa meng??? masih santal kah????? https://t.co/OS18VoNwul,"1,84894E+18",,,in,Mangwondong,0,0,0,https://x.com/breathazeshadow/status/1848939371422224510,"1,09998E+18",breathazeshadow,https://pbs.twimg.com/ext_tw_video_thumb/1711404537427410944/pu/img/QozXxjmPTivgF3YK.jpg
"1,84867E+18",Tue Oct 22 10:36:00 +0000 2024,0,Parfum Izzi bisa jadi andalan untuk tampil wangi percaya diri. Produknya pun bisa didapatkan dengan mudah di minimarket. Beberapa referensi parfum Izzi yang paling wangi dan bisa digunakan sesuai kebutuhan berikut &gt;&gt; https://t.co/BDvEKirBo3 https://t.co/rBGuvGcq4o,"1,84867E+18",,,in,Jakarta ,0,0,0,https://x.com/marshabeautyid/status/1848674660075843614,"1,34917E+18",marshabeautyid,https://pbs.twimg.com/media/GaDxCBbb0AAQZ9r.jpg
"1,84864E+18",Tue Oct 22 08:31:21 +0000 2024,1,jd lg pilih2 parfum udh ada pilihan kalo ga saff n co yg minouet atau hint yg realm aku pake lah keduanya selang seling dua2nya wangi nya enak sma2 manis tp bkn yg manis2 bgt. nah tapii sejauh ini yg udh aku pake spl paling oke itu hint sumpah aku pke kmrn baunya smp skrg oey.,"1,84864E+18",,,in,,0,2,0,https://x.com/lucreciatsy/status/1848643293099528305,"1,21128E+18",lucreciatsy,
"1,84859E+18",Tue Oct 22 05:07:54 +0000 2024,1,@sbyfess Parfumku masih parfum murah2 minimarket Paling sering dipake fresh hijab warna ijo - marina summer breeze (kalau gk salah warna biru)/sakura - herborist evangeÄºine green tea - revlon charlie red Ada 1 wangi parfum yg belum aku nemu tapi aku inget wanginya kayak mawar gitu,"1,84859E+18",,sbyfess,in,w,0,0,0,https://x.com/xolofexstephy/status/1848592091020239289,"1,25799E+18",xolofexstephy,
"1,84834E+18",Mon Oct 21 12:22:26 +0000 2024,0,ga suka wangi manly jadi nyoba tester parfum white floral tapi replika biar murah dari 4 ini paling enak dyptique do son: wangi sedap malam manis ada green jadi agak pait. tf jasmine rouge melati pekat manis memo marfa wanginya anggun enak too feminine bunga buah seger. https://t.co/nwIpuQ7KtN,"1,84834E+18",,,in,,0,1,0,https://x.com/kecovva/status/1848339057727971379,"1,07191E+18",kecovva,https://pbs.twimg.com/media/Gaaej28a0AAojmD.jpg
"1,84821E+18",Mon Oct 21 04:02:49 +0000 2024,0,âÅ¢ï¸? âÅ£ï¸?âÅ ï¸? âÅ¡ï¸? âÅ¢ï¸? âÅ£ï¸? Rumahnya bersih wangi dan rapi tidak ada bau alkohol Papanya bau parfum menyengat ibunya dan paling penting tidak ada barang yang rusak karena dilempar. ï¸?âÅ ï¸? âÅ¡ï¸? âÅ¢ï¸? âÅ£ï¸?âÅ ï¸? âÅ¡ï¸? âÅ¢ï¸? âÅ£ï¸?,"1,84821E+18",,alrakadhans,in,Jakarta,0,1,0,https://x.com/alrakadhans/status/1848213325949378643,"1,46815E+18",alrakadhans,
"1,84807E+18",Sun Oct 20 18:25:43 +0000 2024,0,buat rambut kamu wangi aja pdhl bakalan di puji wangi i mean pas peluk hal yg paling deket dengan hidung org tsb kan kepala km semisal yg gak pake hijab. klo yg pake pun bajunya di pakein downy gak bau ketek dan semprot parfum aja. yg murah aja zara ato parfum lokal jg cukup,"1,84807E+18",,,in,Japan,0,0,0,https://x.com/kramnira/status/1848068093731602615,"1,10251E+18",kramnira,
"1,84802E+18",Sun Oct 20 15:24:03 +0000 2024,2,jujur waktu baju ini sampe ke rmh itu wangi bngt . aku nebaknya black opium dan ternyata benar itu wanginya. soalnya fenly pernah bilang suka wangi itu n aroma vanilla gtu jg. aku jg suka pake parfum black opium gtu emang best bngt tp paling suka aku wangi vanilla https://t.co/SfkujNR4ca,"1,84802E+18",,,in,"Denpasar, Bali",0,0,0,https://x.com/rezaayu78/status/1848022373737681398,"8,25498E+17",rezaayu78,https://pbs.twimg.com/media/GaV-jfNa0AA25G6.jpg
"1,84797E+18",Sun Oct 20 12:04:14 +0000 2024,0,@tokopedia Promo Tokopedia Happy Hour yg paling aku tunggu-tunggu itu Diskon 30% + Extra Diskon s.d. Rp200rb Mau beli parfum biar hari selalu Happy karna wangi seHappy pas aku belanja di Tokopedia!! #tokopediahappyhour @tokopedia https://t.co/hBZ4f7ZRwG,"1,84797E+18",,tokopedia,in,bumi,0,0,0,https://x.com/nananininuneno/status/1847972088545714623,"1,13339E+18",nananininuneno,https://pbs.twimg.com/tweet_video_thumb/GaVQzAIakAAFVAQ.jpg
"1,84756E+18",Sun Oct 20 05:31:16 +0000 2024,0,@tanyakanrl sepengalaman aku wangi wangian yang paling tahan di pakaian itu parfum laundry nder bener bener dah wanginya semerbak ga ilang sampai sore (meski udah berkeringat).,"1,84787E+18",,tanyakanrl,in,,0,0,0,https://x.com/arutalantera/status/1847873195212492939,"1,37699E+18",arutalantera,
"1,84756E+18",Sun Oct 20 04:20:46 +0000 2024,0,@tanyakanrl mandiiii pake deodorant body mist hair spray (ini yg paling tahan lama wangi nya) parfum,"1,84786E+18",,tanyakanrl,in,,0,0,0,https://x.com/pinkeupinkeuzz/status/1847855455907012857,"1,67821E+18",pinkeupinkeuzz,
"1,84756E+18",Sat Oct 19 23:03:16 +0000 2024,376,@tanyakanrl 1. rajin cukur bulu 2. rajin mandi pakai sabun yang ada antiseptik 3. pakai anti respirant 4. sehabis mandi pas kulit masih lembap pakai lotion lalu semprot parfum. parfum lebih awet dan nyebar. parfumlu yg paling sering di notis wangi yang ini bau baby https://t.co/8DiGvkZRm7,"1,84778E+18",,tanyakanrl,in,,0,8,29,https://x.com/zzarpcy/status/1847775554344567044,2482709497,zzarpcy,
"1,84767E+18",Sat Oct 19 15:51:22 +0000 2024,0,[ @risaudara ] Halo Nanad aku Magenta Olivia Livia 1994. Parfum wangi apa yang paling kamu suka?,"1,84767E+18",,,in,ROLEPLAYER. HORROR. NSA. 21+,1,0,0,https://x.com/MAGENTALIV/status/1847666861347131406,"1,34831E+18",MAGENTALIV,
"1,84758E+18",Sat Oct 19 09:56:53 +0000 2024,5,parfum ini unisex tapi prefer buat cowok ï¸è Paduan raspberry dan bergamot di awal kasi wangi yg manis lalu lanjut ke manisnya peach dan jasmine yang kasih scent fresh and calm jugaa. Tapi yang paling bikin jatuh cinta itu dry down vanila dan coffe yang kasih scent warm dan cozy https://t.co/LiOv5iCGS6,"1,84758E+18",,luvvlexyana,in,"Kota Padang, Sumatera Barat",0,1,0,https://x.com/luvvlexyana/status/1847577653970395641,1386770551,luvvlexyana,https://pbs.twimg.com/media/GaPqFRebUAQTwQk.jpg
"1,84753E+18",Sat Oct 19 07:01:58 +0000 2024,0,salah satu hal paling menyakitkan adalah salah menentukan pilihan wangi parfum.,"1,84753E+18",,,in,jekardah,0,1,0,https://x.com/ristiaans/status/1847533633877516405,273306497,ristiaans,
"1,84747E+18",Sat Oct 19 06:52:04 +0000 2024,0,@arkhamclinic @AraituLaki Hmmm paling parfum wangi yang di pakai bahlil https://t.co/g2iGMnQ89D,"1,84753E+18",,arkhamclinic,in,INDONESIA,0,1,0,https://x.com/Candj09/status/1847531144235143487,1336091630,Candj09,https://pbs.twimg.com/media/GaO_yMEbUAMpMn2.jpg
"1,84749E+18",Sat Oct 19 04:19:13 +0000 2024,31,1 orang pemenang dapat saldo shopeepay 25k untuk jajan gacoan yuk main tebak-tebakan parfum terbaru nya mykonos yg bakal launching sebentar lagi! ex: wangi bulan? wangi bintang? aku pilih jawaban yg paling unik â€çâ†”ï¸è https://t.co/LSc3E9I7BP,"1,84749E+18",,,in,,1,34,8,https://x.com/wnisekai/status/1847492676196978757,2416807057,wnisekai,https://pbs.twimg.com/media/GaOcywSbUAEgiNO.jpg
"1,84732E+18",Fri Oct 18 17:10:36 +0000 2024,0,Parfumnya Saff &amp; Co yg wangi nya enak menurutku tuh Las Pozas CHNO sama Loui. Klo nanti aku beli paling diantara 3 parfum itu sih tapi mau dibandingin dulu sama koleksi parfumnya HMNS penasaran pengen sniff satuÂ?. Klo ternyata wanginya lebih nendang HMNS kayaknya beli HMNS aja,"1,84732E+18",,callmeruni_,in,Indonesia,1,1,0,https://x.com/callmeruni_/status/1847324415203430636,"7,96289E+17",callmeruni_,
"1,84723E+18",Fri Oct 18 10:54:56 +0000 2024,0,Pulang ke rumah setelah seharian kegiatan diluar langsung mandi keramas pake parfum yang wangi terus rebahan dan sadar besok weekend adalah momen paling indah sedunia,"1,84723E+18",,,in,,0,0,0,https://x.com/Yosyqyud/status/1847229873208828208,"1,17685E+18",Yosyqyud,
"1,84655E+18",Wed Oct 16 13:34:38 +0000 2024,8,Keknya aku udah sering ngetwt kalo wangi paling kusuka tuh cendana/sandalwood trs ini - punya uji Sandalwood + Jasmine &amp; Rose AAAAAAAAAAAAAAAAAAA Ps: 2 pic yg hilang postingannya tuh qna soal parfum https://t.co/sD70TfXRWt,"1,84655E+18",,,in,,0,2,0,https://x.com/uchu_factory/status/1846545288250773612,"1,3548E+18",uchu_factory,https://pbs.twimg.com/media/GaA_Jd_aEAAfG4t.jpg
"1,84646E+18",Wed Oct 16 09:35:04 +0000 2024,0,@alyacholid dlu udh berasa paling wangi kl pake parfum ini wkwkwkwk,"1,84648E+18",,alyacholid,in,"7,369 miles away.",0,0,0,https://x.com/wiamra/status/1846484998842700007,61196708,wiamra,
"1,84647E+18",Wed Oct 16 08:25:28 +0000 2024,0,Cek Parfum Tazz Minyak wangi Lama 24 jam kualitas premium paling laris banyak aroma dengan harga Rp35.000. Dapatkan di Shopee sekarang! https://t.co/T4hX6UdTOn https://t.co/wG4lV2t17c,"1,84647E+18",,,in,Ngadi Tual,0,0,0,https://x.com/AsPemasela/status/1846467485018869823,"1,67698E+18",AsPemasela,https://pbs.twimg.com/media/GZ_4Y9rb0AEU4gi.jpg
"1,84615E+18",Tue Oct 15 11:54:00 +0000 2024,2,brand parfum yg dipake pak Ganjar nih smells like nothing wanginya gak neko-neko paling sering ku pake pas olahraga kena keringat bukannya bau tapi malah makin wangi &amp; seger! full review baca di sini aza yah~ ,"1,84616E+18",,wnisekai,in,,0,0,1,https://x.com/wnisekai/status/1846157577098613044,2416807057,wnisekai,
"1,84612E+18",Tue Oct 15 09:16:03 +0000 2024,17,bahas sabunnya dulu yah! ini tuh tipe sabun yang gak licin after dibilas tapi tetap kasih lembab ke kulit.. dan yang paling aku suka setelah mandi wangi sabunnya masih kecium. wanginya gak luntur sampe satu kamar mandi berasa kaya habis mandi pake parfum https://t.co/mCrqQPu2ON,"1,84612E+18",,queerisy,in,stay hydrateâ™¡,0,1,6,https://x.com/queerisy/status/1846117827696353294,4891527996,queerisy,https://pbs.twimg.com/media/GZ66XPNaYAAkwJy.jpg
"1,8458E+18",Mon Oct 14 12:26:20 +0000 2024,0,@tokopedia Promo Tokopedia Happy Hour yg paling aku tunggu-tunggu itu Diskon 30% + Extra Diskon s.d. Rp200rb Mau beli parfum biar hari selalu Happy karna wangi seHappy pas aku belanja di Tokopedia!! #tokopediahappyhour @tokopedia https://t.co/Muuf4sZAi7,"1,8458E+18",,tokopedia,in,bumi,0,0,0,https://x.com/nananininuneno/status/1845803323456426148,"1,13339E+18",nananininuneno,https://pbs.twimg.com/tweet_video_thumb/GZ2cVVSaEAAAVM_.jpg
"1,84567E+18",Mon Oct 14 06:23:44 +0000 2024,0,@ohmy_beautybank ihh parfum yang kalau aku pake paling sering dipuji orang2 katanya aku wangi mana harganya cuma belasan ribu udah dapet yg tahan lama bgt kaya gini wanginya,"1,84571E+18",,ohmy_beautybank,in,,0,0,0,https://x.com/akuanakbaiikkk_/status/1845712073550176500,"1,72283E+18",akuanakbaiikkk_,
"1,84564E+18",Mon Oct 14 01:40:34 +0000 2024,3,2. Pergelangan tangan Pergelangan tangan menjadi salah satu titik semprot parfum agar lebih tahan lama dan awet. Bagian tangan adalah bagian yang paling sering bersentuhan dengan orang lain. Sehingga mengaplikasikan parfum ke daerah tersebut dapat membuat wangi parfum melekat,"1,84564E+18",,akumejile,in,,0,1,0,https://x.com/akumejile/status/1845640810748064198,"1,53275E+18",akumejile,
"1,84543E+18",Sun Oct 13 12:53:22 +0000 2024,0,@tokopedia Promo Tokopedia Happy Hour yg paling aku tunggu-tunggu itu Diskon 30% + Extra Diskon s.d. Rp200rb Mau beli parfum biar hari selalu Happy karna wangi seHappy pas aku belanja di Tokopedia!! #tokopediahappyhour @tokopedia https://t.co/Cz5qoqvyVQ,"1,84545E+18",,tokopedia,in,bumi,0,0,0,https://x.com/nananininuneno/status/1845447738030424391,"1,13339E+18",nananininuneno,https://pbs.twimg.com/tweet_video_thumb/GZxY7hAaAAcA62m.jpg
"1,83535E+18",Sun Oct 13 06:32:15 +0000 2024,0,Amthra - Tea-Amo Disebabkan parfum Thai Tea gue mau habis jadinya gue pengen explore parfum teh lainnya Setelah sniff beberapa parfum teh menurut gue Tea-Amo paling memikat hati &lt;3 Wanginya tuh Teh Manis lupa diaduk karena wangi manisnya ada perlu tunggu dry down base notesnya https://t.co/FGDuNFlpZA,"1,84535E+18",,ImSunflawer,in,multiverse,0,1,0,https://x.com/ImSunflawer/status/1845351829410021662,582431369,ImSunflawer,https://pbs.twimg.com/media/GZv_znAaAAAIOn5.jpg
"1,84363E+18",Tue Oct 08 12:17:36 +0000 2024,1,Wanginya langsung nge-blend cukup terasa tapi ga berlebihan Middle notes : Marigold Ini bagian paling fresh dari parfum ini. Waktu top notes mulai settle kamu bakal ngerasain marigold yg fresh tapi lembut. Wangi bunganya ga kaya parfum floral biasa ,"1,84363E+18",,aellsaa,in,,0,1,0,https://x.com/aellsaa/status/1843626798757884343,"1,68197E+18",aellsaa,
"1,84363E+18",Tue Oct 08 12:17:00 +0000 2024,0,Paling bener local brand tuh Fakhrul Oud Alien Objects Hausser. Emang ga malu apa pake parfum lokal mass-pleasing terus hangout nyium wangi parfum yang sama dengan yang lagi lo pake?,"1,84363E+18",,,in,Indonesia,0,0,0,https://x.com/fafandry/status/1843626650191478820,154879418,fafandry,
"1,84362E+18",Tue Oct 08 11:49:42 +0000 2024,1,Cara aku hindari bau parfum tapi tetep wangi aku pakai bodylotion yg harum gituu tapi sebelumnya aku pakai bedak mbk atau herocyn untuk nyerap keringat trus yg paling utama pakai sabun antiseptic untuk hilangin bau badan (aku pakai betadine antiseptic).,"1,84362E+18",,,in,,0,1,0,https://x.com/MsYapper/status/1843619778830975189,"1,3039E+18",MsYapper,
"1,84312E+18",Tue Oct 08 08:58:20 +0000 2024,7,@tanyakanrl jarang banget aku rekomendasiin barang tapi sejauh ini parfum crusita first kiss udah paling BESTOOOOO!!! jarang2 aku dipuji parfumnya wangi banget bahkan temenku bilang parfum lu ngewangiin satu ruangan jasmine kunti ini. https://t.co/E16BpGpkvJ,"1,84358E+18",,tanyakanrl,in,,0,0,0,https://x.com/pilihfoden/status/1843576651768373340,"1,53951E+18",pilihfoden,https://pbs.twimg.com/media/GZWzMehasAIufV6.jpg
"1,84356E+18",Tue Oct 08 07:38:33 +0000 2024,0,dari ketiga parfum itu ini sih palingg gong wanginya wangi seger &amp; sweet buah-buahan wangi cewe-cewe imuttt dipake siang makin enak wanginyaa. ini paling tahan lama sekitar 2-4jam klo nyemprot banyakk -https://t.co/Z8WTTzPUOl https://t.co/CbL2KHrqXb,"1,84356E+18",,rcnsqrtyn,in,,1,1,0,https://x.com/rcnsqrtyn/status/1843556575065321497,"1,14789E+18",rcnsqrtyn,https://pbs.twimg.com/media/GZWg7qfasAATgF8.jpg
"1,8435E+18",Tue Oct 08 03:52:17 +0000 2024,1,REKOMENDASI PARFUM PALING WANGI .. .. Wangi Kemewahan under 100k .. .. .. A Thread,"1,8435E+18",,,in,,1,1,1,https://x.com/xxsignature__/status/1843499632535712127,400593413,xxsignature__,
"1,84312E+18",Mon Oct 07 23:55:15 +0000 2024,1,@tanyakanrl aku pake dari brand mykonos enchanted satin blanc sama utopia! tiga tiga nya extrait de parfum tapi aku paling suka enchanted sama utopia karena wangi nya bener bener nempel seharian,"1,84344E+18",,tanyakanrl,in,?Ÿ“? ?Ÿç‰,0,1,0,https://x.com/Abyssioon/status/1843439978715709746,"1,81282E+18",Abyssioon,
"1,84326E+18",Mon Oct 07 11:53:33 +0000 2024,0,Parfum teh paling segerr yang pernah kucoba Beneran wangi tehnya yang ga giung buat kalian yang kunticore tapi pgn ttep seger pas siang ini bagus bgttt. Mana awethttps://t.co/xIZcQr9u9P https://t.co/P2XVOTmUlM,"1,84326E+18",,,in,,1,0,0,https://x.com/diarywinata/status/1843258357156843943,"1,31925E+18",diarywinata,https://pbs.twimg.com/media/GZSRrfOboAAoe8H.jpg
"1,84326E+18",Mon Oct 07 11:52:48 +0000 2024,3540,Paling bener local brand tuh pake HMNS. Mereka punya perfumer sendiri RnD sendiri. Dan parfum mereka udah ter-katalog di https://t.co/5mwzHz7V06 Selain itu mereka punya inovasi parfum yg wangi nya dari bahan chemical engineering . Kayak Unrosed dan Unpatched https://t.co/0rEZkNIGH8,"1,84326E+18",,,in,Jakarta Capital Region,128,95,350,https://x.com/BanyuSadewa/status/1843258171898606012,55108943,BanyuSadewa,https://pbs.twimg.com/media/GZSRhNmaUAEUz9R.jpg
"1,84314E+18",Mon Oct 07 03:54:47 +0000 2024,7,Hal yang paling gue suka yaitu ketika gue dipuji pas baru masuk ke mobil cowo gue karena katanya gue selalu wangi dan hambur2in parfum. Padahal gue cuma pake dari Ganzi yang varian PAP karena emang sewangi itu wanginya soft dan tahan lama sampe 8 jam. @ganzixofficial https://t.co/oLEmcwI3uD,"1,84314E+18",,,in,Isian pentol,0,0,0,https://x.com/ameprazole/status/1843137871273976077,"1,7201E+18",ameprazole,https://pbs.twimg.com/media/GZQkHxlb0AAyT6l.jpg
"1,84291E+18",Sun Oct 06 12:32:33 +0000 2024,0,6 Rekomendasi Parfum Versace Eros yang Paling Wangi https://t.co/1KK4mhUH2N,"1,84291E+18",,,in,Indonesia,0,0,1,https://x.com/Popbela_com/status/1842905784004550780,1079628559,Popbela_com,
"1,84275E+18",Sun Oct 06 05:54:19 +0000 2024,0,@atikamldd parfum pucelle emang wangi banget,"1,84281E+18",,atikamldd,in,Jatinangor,0,0,0,https://x.com/anakdotunpad/status/1842805565824942136,382175669,anakdotunpad,
"1,84252E+18",Sun Oct 06 02:58:18 +0000 2024,1,@tubbirfess kmrn ada beberapaa di semasaqu &amp; yg paling gokil ada merk yg ngeluarin wangi bolu pandan tapi w lupa nama brand nya apa TAPI akhirnya w jatuh hati sama parfum daybreak dari ARGVE dia baru banget launching pas semasaqu &amp; dua produknya menurut w recommended untuk dicoba,"1,84276E+18",,tubbirfess,in,js ,0,1,0,https://x.com/bleuluciole_/status/1842761269738438738,"1,38637E+18",bleuluciole_,
"1,84259E+18",Sat Oct 05 15:51:49 +0000 2024,3,Parfum bohe aku udah datenggggg hasil blind buy tapi enak semua Feyre enak wangi bedak bunga (udah diminta sama mama) Sage tuh greentea citrusy tapi masih manis enak (paling favorit dan papa juga suka) Scent of heaven wangi sabun vibes abis mandi,"1,84259E+18",,,in,?Ÿê»?Ÿ???Ÿê°?Ÿê¶,0,0,0,https://x.com/yeorumie/status/1842593546400100718,1947134894,yeorumie,
"1,84253E+18",Sat Oct 05 11:42:56 +0000 2024,0,kebayang ga sih perpaduan wangi pear &amp; vanila? nah menurut aku perpaduan ini yg paling gambarin nih parfum ada wangi manis vanila tapi ada seger dari pearnya,"1,84253E+18",,sukashoppingg_,in,do not reupload my content,0,1,0,https://x.com/sukashoppingg_/status/1842530910023119304,"1,451E+18",sukashoppingg_,
"1,8424E+18",Sat Oct 05 02:57:59 +0000 2024,1,@fajartujuhbelas Klo pertanyaan parfum gini suka bingung jwbnya. Mau rekomen tp tar wangi parfum gw jd pasaran wqwq,"1,8424E+18",,fajartujuhbelas,in,"ÃœT: -6.280812,106.866299",0,0,0,https://x.com/adzan_/status/1842398801832910960,89053789,adzan_,
"1,84217E+18",Fri Oct 04 11:32:31 +0000 2024,0,iya iya lu paling sempurna good kisser ngewe nya enak banyak temen banyak duit gak ada haters gak punya utang muka glowing parah karena skincare mahal wangi karena parfum mahal udah pake iphone juga staycation tiap weekend trus apa lagi ? https://t.co/fCS2gQhF1K,"1,84217E+18",,,in,"Bekasi, Jawa Barat",0,0,0,https://x.com/abdxghn/status/1842165903024366052,2758872328,abdxghn,https://pbs.twimg.com/media/GZCvVj5bMAAaBA0.jpg
"1,84216E+18",Fri Oct 04 11:21:03 +0000 2024,10,Salah satu parfum paling ngehe yang gue beli di tahun ini wangi gan7a yang sopan gak nyegrak kayak trotoar Amsterdam ini efeknya bisa buat bikin relaks kalau diendus-endus di kulit. Drydownnya ada tonka bean dan sandalwood yang bikin nuansa woodyna manis bertahan 8 jam lebih. https://t.co/NLzvJFl5k6,"1,84216E+18",,,in,"Bandung, Jawa Barat",0,5,3,https://x.com/arievrahman/status/1842163017620054521,79921163,arievrahman,https://pbs.twimg.com/media/GZCtfu4b0AA6G1z.jpg
"1,84182E+18",Thu Oct 03 12:41:52 +0000 2024,169,oh ini rasanya wangi matcha sebagai pencinta matcha aku berani bilang ini parfum matcha paling enak tenang aja kalian yang gasuka matcha juga bakalan tetep suka kok https://t.co/An1UMqPlrw,"1,84182E+18",,,in,,0,61,147,https://x.com/shaarizenw/status/1841820967922016465,"1,26029E+18",shaarizenw,https://pbs.twimg.com/media/GY92X8pbAAExH_q.jpg
"1,84171E+18",Thu Oct 03 05:39:58 +0000 2024,6,@convomf Jenis parfum kamu apa dulu eau de parfum/cologne/toilette? Yg paling enak tuh yg parfum dia bakal awet dan tahan lama. Kalau memang wangi mu semerbak pasti trs kecium sama hidung mu. Kalau habis kegiatan cium deh baju kamu bau asem/apek atau masih ada kecium parfum nya,"1,84171E+18",,convomf,in,Atlantis,0,0,1,https://x.com/unainpepertuum/status/1841714790278017143,"1,56899E+18",unainpepertuum,
"1,84134E+18",Wed Oct 02 04:48:34 +0000 2024,0,6 Rekomendasi Eau de Parfum Lokal yang Paling Wangi https://t.co/ERohwBdNqb,"1,84134E+18",,,in,Indonesia,0,0,1,https://x.com/Popbela_com/status/1841339467111756285,1079628559,Popbela_com,
"1,84131E+18",Wed Oct 02 02:41:21 +0000 2024,0,dejavu sama wangi parfum tuh hal yang paling menyakitkan,"1,84131E+18",,,in,,0,0,0,https://x.com/uptouyou1234567/status/1841307452089958707,"1,84131E+18",uptouyou1234567,
"1,84131E+18",Wed Oct 02 02:39:25 +0000 2024,9,Harus banget beli buat kalian yang suka wangi tea tapi yang sweet soft gitu. Tergolong parfum blind buy friendly jugaa gak akan nyesel beli morrocan sunset. Salah satu parfum alt yang paling akuu suka banget di no 1. Cuman 270k untuk 100ml worth it pol! https://t.co/ja7aqyVTQI,"1,84131E+18",,skinlovelies,in,,0,4,0,https://x.com/skinlovelies/status/1841306967643742402,"1,59137E+18",skinlovelies,
"1,84109E+18",Tue Oct 01 11:59:59 +0000 2024,3,?ê™? Le Secre 001 down the aisle ?ê™? sumpah parfum ini tuh vibes centilnya dapet! packagingnya pink mungil pas di genggaman. ini eau de parfum tp wanginya awet nempel pol up to 10 jam ..tiap kupake paling sering dinotice org dan dipuji km cantik dan wangi bgt https://t.co/Go0sfRoHWX,"1,84109E+18",,apilinaaa,in,"Semarang, Jawa Tengah",0,1,0,https://x.com/apilinaaa/status/1841085652588527962,"1,16852E+18",apilinaaa,https://pbs.twimg.com/media/GYzZoKCa4AASzpj.jpg
"1,84096E+18",Tue Oct 01 04:05:02 +0000 2024,1,@itsmybase PALING PENTING TU HP DOMPET dan PARFUM. HARUS SELALU WANGI KEMANAPUN DAN DIMANAPUN! HAPE BUAT MENAMPUNG SEGALA UANG RECEHAN DAN BERKAS2 KTP SIM DLL,"1,84097E+18",,itsmybase,in,Indonesia,0,0,0,https://x.com/seladaabang/status/1840966124432974083,590101799,seladaabang,
"1,84076E+18",Mon Sep 30 14:25:28 +0000 2024,0,ya org aneh si beli parfum laundry yang paling mainstream lagi trs berharap wangi apaan â€çï¸èâ€çï¸è jelas wangi laundry lah kocak,"1,84076E+18",,rokuhachikyuju,in,,0,0,0,https://x.com/rokuhachikyuju/status/1840759876051739002,"1,6385E+18",rokuhachikyuju,
"1,84065E+18",Mon Sep 30 07:26:41 +0000 2024,0,Guys Parfum Saff and Co Varian yang paling wangi yang mana?,"1,84065E+18",,,in,"Bogor Selatan, Indonesia",0,7,0,https://x.com/svmmerbaby/status/1840654483854090675,"1,53965E+18",svmmerbaby,
"1,84038E+18",Sun Sep 29 13:27:51 +0000 2024,1,6. Moen Poetes - Aduh ini parfum enak banget man Green-Floral-Nutty. Yang paling enak saat ini dari moen. Salted Whisper - Salty Ozonic tapi ga amis skin scent. Clouds - Waxxy Iris &amp; Carrot kayak wangi lipstik tapi beda sama Rouge Mykonos yg ini lebih sopan.... https://t.co/fL0pxnvk3R,"1,84038E+18",,mengeluarkan,in,Nangis,0,1,0,https://x.com/mengeluarkan/status/1840382987453821073,"1,11843E+18",mengeluarkan,https://pbs.twimg.com/media/GYpakRCaEAAGCQz.jpg
"1,84031E+18",Sun Sep 29 08:55:58 +0000 2024,13,sejauh ini yg paling bikin gw happy dan salting ketika ada orng bilang gw tuh wangi trs kmrn pas 2 shoot @A_LuluJKT48 bilang kamu wangi bngt si wangi kamu enak aku suka merek parfum kamu apa LANGSUNG SALTING BRUTAL AKUTUH GABISA GABISA,"1,84031E+18",,,in,Indonesia,0,0,1,https://x.com/sponsda/status/1840314566405935319,"1,51451E+18",sponsda,
"1,84031E+18",Sun Sep 29 08:55:43 +0000 2024,6,Ë?Ë–?“ç¢Ö´à»‹â‹†.â„™?ù•’?ù•£?ù•—?ù•??ù•? ?ù”??ù•’?ù•Ÿ?ù•«?ù•? ?ù•è ?ù”??ù•ù?ù•??ù•£?ù•¥ â‹†. Brand parfum lokal yg promosinya ga berisik tapi ternyata wanginya otentik à?¨à§? Dari beberapa parfum ganzi aku paling suka wangi varian FLIRT Wanginya cewek bgtt Kalo pake parfum ini berasa kayak cewek Coquette?“ç¢Ö´à»‹Í™Ö’ https://t.co/epg7PKx8Zy,"1,84031E+18",,,in,My profil klik,3,1,2,https://x.com/rdstylee/status/1840314503948554257,"1,3066E+18",rdstylee,https://pbs.twimg.com/media/GYocSG1asAA16e4.jpg
"1,84E+18",Sat Sep 28 12:39:00 +0000 2024,0,@aquathethics top wangi parfum yg paling enak,"1,84001E+18",,aquathethics,in,"enhypenâ€™s fangirl, ina",0,1,0,https://x.com/thinkaboutdn/status/1840008304669659147,"1,4816E+18",thinkaboutdn,
"1,83963E+18",Fri Sep 27 11:29:58 +0000 2024,0,dannn hal kecil yang paling penting tp ngga semua tempat ada kopi. sumpah ini berguna banget kalau udh snif sana-sini biasanya wangi parfum satu sama lainnya tuh kecampur di idung. kopi disini bikin netral lagiii,"1,83963E+18",,skinumaa,in,,0,0,0,https://x.com/skinumaa/status/1839628543241945539,"1,52438E+18",skinumaa,
"1,83961E+18",Fri Sep 27 10:01:21 +0000 2024,0,Ok. Dari semua parfum di atas yang paling aku adalah si Reverie (buat aktivitas siang hari) &amp; Alexandria Oud (buat aktivitas malam hari). Dari keempat mini perfume yang aku sudah review kalian paling penasaran sama wangi yang mana nih? ,"1,83961E+18",,chleoroqueene,in,card,0,1,0,https://x.com/chleoroqueene/status/1839606242547053022,"1,59039E+18",chleoroqueene,
"1,83959E+18",Fri Sep 27 09:20:16 +0000 2024,7,Berbeda dari EDP mereka yang biasanya. Ini yang jenis nya Extrait jadi jauh lebih awet! Anyway! Parfum ini aesthetic banget gak si buat ide kado gitu? soalnya secakep itu packaging box maupun botolnya + yg paling penting harumnya my type bgt! wangi feminine nan cantik https://t.co/IVNi3KHour,"1,8396E+18",,fitaminci,in,Jakarta Capital Region,0,1,0,https://x.com/fitaminci/status/1839595904946643385,"1,14898E+18",fitaminci,https://pbs.twimg.com/media/GYeOuEIbIAEtUB9.jpg
"1,8395E+18",Fri Sep 27 03:18:01 +0000 2024,0,Miniso Parfum Wanita 50mL minyak wangi tahan lama Cityscape perfume : https://t.co/gpIjtrumW7 https://t.co/dslrOWKUrR,"1,8395E+18",,sipalingrekomm,in,Jakarta,0,1,0,https://x.com/sipalingrekomm/status/1839504742860636377,"1,59619E+18",sipalingrekomm,https://pbs.twimg.com/media/GYc7zs_aMAAd0rP.jpg
"1,83928E+18",Thu Sep 26 12:32:38 +0000 2024,7,Sebagai pecinta parfum aquatic garis keras gue rekomen mykonos pink beach VS bombshell aqua kiss (water kiss kalo versi parfum bibitnya) YSL Myself (kemaren pas REBOOT pake ini awet sampe malem). Versi paling murce body mist Fresh. Sumpah yg ini wangi shampoo yg seger gitu https://t.co/P3XbJK43Od,"1,83928E+18",,,in,AU â?¡ï¸è,0,0,1,https://x.com/rurujelly/status/1839281927058239817,"1,3787E+18",rurujelly,https://pbs.twimg.com/media/GYZxKVWaMAUnnft.jpg
"1,83915E+18",Thu Sep 26 04:18:34 +0000 2024,0,@jjkenervate Kaa review dong yg paling wangi mana aku lg nyari parfum btw,"1,83916E+18",,jjkenervate,in,Jikook everyday,0,1,0,https://x.com/minggukiecoty/status/1839157592167424443,"1,33611E+18",minggukiecoty,
"1,83889E+18",Wed Sep 25 17:08:00 +0000 2024,10,@tetehcarat imo paling aman wangi fresh powdery si ga akan bikin pusing kaya parfum ini https://t.co/tOS5nGhO17,"1,83899E+18",,tetehcarat,tl,SND.,0,3,1,https://x.com/ahahjujuju/status/1838988838490046853,"1,75984E+18",ahahjujuju,
"1,83894E+18",Wed Sep 25 14:03:13 +0000 2024,0,Paling penting jg baju pake yg nyerep keringat dicuci pake softener disetrika pake pelicin pakaian yg wangi. Mandi pake sabun yg ada antibacteri pake body lotion pake parfum. Dah dijamin seharian wangi Kalaupun wanginya ilang setidaknya ga bau ketek,"1,83894E+18",,chilook_boo,in,,0,1,0,https://x.com/chilook_boo/status/1838942335750869147,"1,06432E+18",chilook_boo,
"1,83894E+18",Wed Sep 25 13:46:39 +0000 2024,1,Paling aman tuh parfum kids/baby. Ga bikin pusing bahkan saat dipake siang hari wanginya fresh murah meriah bisa dibawa ke venue pake botol spray kecil biar ga makan tempat. Dan paling penting plisss dari rumah pake deodorant/tawas biar meski ga wangi tp ga bau ketek jg https://t.co/GrFhpfhEnO,"1,83894E+18",,,in,,0,1,0,https://x.com/chilook_boo/status/1838938168839778355,"1,06432E+18",chilook_boo,https://pbs.twimg.com/media/GYU4hM3bcAAE444.jpg
"1,83892E+18",Wed Sep 25 12:18:38 +0000 2024,0,Tiba tiba random wangi parfum anak anak enhypen dipikiran kalian gmn ges? Siapa yg menurut kalian yg wanginya paling nyentrik even dr jauh wah elu nih,"1,83892E+18",,,in,Riverfield St.,0,2,0,https://x.com/hrsrjnbljr/status/1838916017940222299,"1,25733E+18",hrsrjnbljr,
"1,83888E+18",Wed Sep 25 10:02:00 +0000 2024,10,MACAM2 WANGI ENAK!!! 1. Wangi parfum 2. Wangi pengharum ruangan 3. Wangi pelembut pakaian Pilih SATU yg paling kamu suka https://t.co/T3Clfzf4Ak,"1,83888E+18",,,in,Inquiries? DM @BlibliCare or?Ÿ‘‡,0,5,0,https://x.com/bliblidotcom/status/1838881631794274762,280834900,bliblidotcom,https://pbs.twimg.com/media/GYTw8sHakAEne9c.png
"1,83884E+18",Wed Sep 25 07:28:49 +0000 2024,237,Emang ada parfum yang wangi sabun atau shampoo gitu? Parfum ini maju paling depan siap membantai teriknya matahari dengan wangi floral freshnya. Bikin seger seharian berasa abis mandi https://t.co/BqcUdi2866,"1,83884E+18",,,in,DM for any inquiries ?Ÿ“®,2,171,13,https://x.com/martabakismissu/status/1838843080709148865,"1,44616E+18",martabakismissu,https://pbs.twimg.com/media/GYTiBETaoAA4NlY.jpg
"1,83876E+18",Wed Sep 25 01:50:23 +0000 2024,0,oh damn ini parfum ke3 gua kaya nya yg paling wangi dari sekian banyak koleksi parfum gua casablanca,"1,83876E+18",,,in,Indonesia ?Ÿ“ç,0,0,0,https://x.com/Pijeeh/status/1838757914154270975,"1,48291E+18",Pijeeh,
"1,83876E+18",Wed Sep 25 01:40:12 +0000 2024,0,Anjing baru kali ini beli parfum se kesel ini udah beli yg super premium mahal juga katanya awet tp apa anjg belum sampe 2 jam an bahkan baru 15 menit spray dah ga ada wangi wangi nya anjing Emang paling bener beli di maestro aja bukan urban,"1,83876E+18",,,in,,0,0,0,https://x.com/s4rvsuniverse/status/1838755349723255164,"1,24211E+18",s4rvsuniverse,
"1,83866E+18",Tue Sep 24 19:28:59 +0000 2024,0,apakah wangi parfum w bakal paling w inget atau malah wangi sekitar? wangi familiar yg meaningnya bakal berubah selamanya atau wangi asing yang bakal punya arti signifikan?,"1,83866E+18",,twistedcurses,in,1999,0,1,0,https://x.com/twistedcurses/status/1838661929273086140,"1,00063E+18",twistedcurses,
"1,83843E+18",Tue Sep 24 11:35:59 +0000 2024,1,parfum Layr varian ini paling best di layer sama parfum apapun tapi kalo layering harus pake parfum yang wanginya cenderung floral wangi skin scent green gak aneh-aneh tapi tetep fresh &amp; soft sweet. disemprot pas mataharik terik juga amaaan https://t.co/wZIYxjlpLL,"1,83854E+18",,journeywithApr,in,instagram.com/journeywithApr,0,1,1,https://x.com/journeywithApr/status/1838542895995097145,2402369514,journeywithApr,
"1,83852E+18",Tue Sep 24 09:53:41 +0000 2024,3,PART PALING PENTING BIAR WANGI SEHARIAN parfum â€çï¸è parfum Saff &amp; Co. minouet + kitschy de bloem enak banget wanginya gaboong klo kalian suka wangi yang manis go checkout Saff &amp; Co minouet! tapi klo kalian lebih suka wangi bunga ambil kitschy de bloem sihh! https://t.co/4a2gunHO1V,"1,83852E+18",,laveundeurs,in,,0,1,0,https://x.com/laveundeurs/status/1838517150002409848,"1,51268E+18",laveundeurs,https://pbs.twimg.com/media/GYO5mWObcAAo7eU.jpg
"1,83845E+18",Tue Sep 24 05:22:52 +0000 2024,0,Rumah Wangi Ara - Parfum Pria Wanita Tahan Lama Eau : https://t.co/cbJ1JPBG0B : https://t.co/0Z8xSwQ8Lj https://t.co/znOAyIoZVA,"1,83845E+18",,SiPalingRacund,in,,0,0,0,https://x.com/SiPalingRacund/status/1838448996177907776,"1,58846E+18",SiPalingRacund,https://pbs.twimg.com/media/GYN7nFWakAIEyzf.jpg
"1,83841E+18",Tue Sep 24 02:55:30 +0000 2024,0,Si paling viral Moroccan Sunset ini tipe parfum yang pas awal spray bakal spicy pahit gitu karna ada Neroli sama Bergamotnya. Tapi lama kelamaan dia bakal dry down jadi wangi Vanilla x Caramel yang ga terlalu manis sesuai sama yang orang orang bilang wangi Thai Tea. https://t.co/qsvianqTr2,"1,83841E+18",,heliluyeah,in,,0,1,0,https://x.com/heliluyeah/status/1838411913342210064,2960712132,heliluyeah,https://pbs.twimg.com/media/GYNZ5B5akAUxDFq.jpg
"1,83819E+18",Mon Sep 23 12:09:50 +0000 2024,1,berhasil racunin parfum @altperfumery ke sahabatku &amp; dia suka wangi nya seneng BGT soalnya sahabatku satu ini paling susah diracunin parfum/beauty product gini wkwk tapi kali ini berhasil â€çâ†”ï¸è https://t.co/KiaD1Sdv67,"1,83819E+18",,,in,workwithshels@gmail.com,1,0,0,https://x.com/hazelnoode/status/1838189026299498744,2595381440,hazelnoode,https://pbs.twimg.com/media/GYKPLFGasAAvfvU.jpg
"1,83817E+18",Mon Sep 23 10:42:20 +0000 2024,1075,#rajasayana parfum paling wangi di hidung aya https://t.co/31FaXfpw1c,"1,83817E+18",,,in,,0,5,91,https://x.com/thissperanza/status/1838167005402485215,"1,43305E+18",thissperanza,https://pbs.twimg.com/media/GYJ7JGIbUAAOANC.jpg
"1,83816E+18",Mon Sep 23 10:30:40 +0000 2024,0,duh iya lagi paling happy dulu kalo di kampus pas temen gue ngmng gua tau lu udah dateng soalnya gue bisa cium parfum lu di lift AAAAAA COWOK WANGI KELEMAHANKU,"1,83816E+18",,,in,"Jakarta, Indonesia",0,0,0,https://x.com/tmrklesia/status/1838164068659794383,298989549,tmrklesia,
"1,83787E+18",Sun Sep 22 15:07:17 +0000 2024,0,Jay tuh emang si paling parfum just imagine wangi dia kayak apa omg,"1,83787E+18",,,in,she/her,0,0,0,https://x.com/jjongcatto/status/1837871294987358708,"1,57185E+18",jjongcatto,
"1,83787E+18",Sun Sep 22 14:49:13 +0000 2024,0,Wangi petrikor mana yang kaudustakan anak muda? Di saat kipasÂ? kegerahan wangi petrikor itu bagai aroma parfum paling mewah. Hm. Begitulah.,"1,83787E+18",,,in,"West Java, Indonesia ?Ÿ‡®?Ÿ‡©",0,0,0,https://x.com/PadjadjaranTea/status/1837866748466323553,"1,47202E+18",PadjadjaranTea,
"1,83785E+18",Sun Sep 22 13:35:14 +0000 2024,0,Seandainya ucapan memiliki bau parfum pewangi bersholawat kepada Nabi Allah SAW adalah parfum yang paling wangi. - Habib Umar bin Hafidz Today - 18 Rabi ul Awal 1446H ,"1,83785E+18",,,in,Kuala Lumpur ,0,0,0,https://x.com/naxuannh/status/1837848131700248642,"1,36118E+18",naxuannh,
"1,83419E+18",Thu Sep 12 11:26:10 +0000 2024,0,Daritadi ga pake parfum tp ada wangi wangi apakah . https://t.co/3jCOYd6WvU,"1,83419E+18",,,in,â‹†Ë??Ÿê?Ë–Â° ?Ÿê¶?Ÿ’??Ÿê°â‹†Ë??Ÿê?Ë–Â°,0,4,0,https://x.com/maisscons/status/1834191772454687130,"1,39355E+18",maisscons,https://pbs.twimg.com/tweet_video_thumb/GXRbr9sbgAE2q19.jpg
"1,83406E+18",Thu Sep 12 02:29:28 +0000 2024,0,Wangi parfum nya masih tetap jadi yang paling favorit.. Semalem mencium wangi nya lagi dan ternyata sedikit berbeda ketika dipake orang lain..,"1,83406E+18",,,in,"Jakarta, Indonesia",0,0,0,https://x.com/mayaaamaya/status/1834056705057194427,121759597,mayaaamaya,
"1,83388E+18",Wed Sep 11 16:12:52 +0000 2024,0,Dua2nya wanginya gada yg cocok di hidungku cuman yg paling gabisa aku pake samsek adalah si Aurora. Pdhal yg ini lumayan best seller jg. TAPI yg paling aku notis dr parfum mereka adalah ketahanannya lama cuy rill. Aku pernah semprot dibaju trs digantung seharian jg masih wangi,"1,8339E+18",,patriciaxstar,in,,0,2,0,https://x.com/patriciaxstar/status/1833901532984828313,"1,24955E+18",patriciaxstar,
"1,83376E+18",Wed Sep 11 09:37:03 +0000 2024,0,@AzarineCosmetic liat deh teksturnya tuh selembut ini . pas ngeratainnya ga makan waktu bonus wangi parfum mewah yg bisa tahan sampe 6 jam! cocok dibawa pas lg bepergian soalnya praktis banget untuk yg varian Magical Luv ini wanginya elegan classy gitu. paling dominan wangi peach https://t.co/FHakjtddHJ,"1,8338E+18",,yveae,in,Pemalang,0,1,0,https://x.com/yveae/status/1833801923704893579,"9,65476E+17",yveae,https://pbs.twimg.com/media/GXL5H8hbMAA_3dn.jpg
"1,83375E+18",Wed Sep 11 07:40:06 +0000 2024,0,Parfum terfavorit nih paling suka yang tutup hitam kuning wanginya lebih strong bayi daripada yang putih ya terus yang hijau juga enak wangi ada Hint green tea nya nah yang hitam hitam khusus buat cowok nih (punya bapake) https://t.co/Gf8DfsigrL https://t.co/P97jqI0DoI,"1,83377E+18",,thv_njm,in,,0,1,0,https://x.com/thv_njm/status/1833772489547436360,"1,16551E+18",thv_njm,https://pbs.twimg.com/media/GXLeW1ca4AAIShe.jpg
"1,8337E+18",Wed Sep 11 02:47:15 +0000 2024,0,Sampe sekarang aku ketagihan sama wangi loundry yg premium paling suka yg sweet popy dan jasmine ternyata di toko oren jg jual lho malah lebih murah dari ditoko offline yg aku beli Parfum loundry PREMIUM https://t.co/1MJ0sEQbQD,"1,8337E+18",,,in,,0,0,0,https://x.com/novayan21/status/1833698795080835344,"1,8261E+18",novayan21,
"1,8335E+18",Tue Sep 10 13:29:59 +0000 2024,0,paling suka sama org yg wangi jdi ga segan2 klo ketemu org gua langsung puji wangi bgt ibu nya wangi bgt kak wangi bgt mba dan gua kdg tanpa malu nanya merk parfum nya wkwk. Selalu excited klo disamping org wangi seneng aja gtu kek adem aja.,"1,8335E+18",,,in,,0,1,0,https://x.com/coolpeople602/status/1833498154735702255,"1,40833E+18",coolpeople602,
"1,83343E+18",Tue Sep 10 09:02:06 +0000 2024,201,Kalian harus coba combo body serum ini sama parfum!!!! Menurutku ini body serum yg wanginya PALING TAHAN LAMA jadi kl dicombo sama parfum makin wangi https://t.co/67ztYkjs3f,"1,83343E+18",,,in,,1,41,112,https://x.com/bittercaffeines/status/1833430740077576256,303110323,bittercaffeines,https://pbs.twimg.com/media/GXGniawbIAAkNdv.jpg
"1,83298E+18",Mon Sep 09 07:51:39 +0000 2024,0,@convomf parfum saff n co sotb udah paling juara deh. sampe pacarnya temen gue keracunan beli juga terus camer gue juga sampe bilang enak dan wangi banget.,"1,83305E+18",,convomf,in,,0,0,0,https://x.com/sourcansy/status/1833050622612124034,"1,20246E+18",sourcansy,
"1,83284E+18",Sun Sep 08 18:13:49 +0000 2024,0,ges nanya parfum mykonos paling enak yang wangi apa ges,"1,83284E+18",,,in,eternally. ?Ÿê?,0,4,0,https://x.com/ellarukasa/status/1832844806835548427,"1,65482E+18",ellarukasa,
"1,83272E+18",Sun Sep 08 10:04:56 +0000 2024,0,parfum wangi mawar paling enak merk apa ya?,"1,83272E+18",,,in,Head in the clouds.,0,2,0,https://x.com/joanintherain/status/1832721774540361861,"1,82749E+18",joanintherain,
"1,83269E+18",Sun Sep 08 07:42:04 +0000 2024,5,Ada 4 varian: Charming Rose (kulit kering&amp;normal): Wangi paling awet best buat layering parfum. Yg suka wangi rose elegan ambil yg ini! Very cutesy Happy Berry (kulit ekstra kering): ini paling lembap cocok buat yg kulitnya kering bgt. Wangi manis berry nya semerbak bgt. https://t.co/YefcnyFqpD,"1,83269E+18",,goingtoglowing,in,"Kepulauan Riau, Indonesia",0,1,2,https://x.com/goingtoglowing/status/1832685823961239998,460915062,goingtoglowing,https://pbs.twimg.com/media/GW8CCYna8AENRdl.jpg
"1,83268E+18",Sun Sep 08 07:04:55 +0000 2024,0,Kalau ketemu teman apalagi kenalan baru hargai mereka dgn : 1. Wangi 2. Bersih 3. No drama/tidak judgemental Itu hal paling basic. Karena parfum bnyk yg murah dan lifebuoy cm 5000 perak Kl ketemu yg gagap 3 hal di atas segera skip. Itu sulit diajak jd teman apa pun,"1,83268E+18",,,in,,0,0,0,https://x.com/Marcode991/status/1832676475490968041,"1,46715E+18",Marcode991,
"1,83254E+18",Sat Sep 07 22:10:27 +0000 2024,1, Vanilla Rose parfum lokal paling favorit dengan wangi khas bunga yang smooth ! Link Shopee : https://t.co/bz47xnYrTC https://t.co/kXSIYzCK3y,"1,83254E+18",,pencintaproduk,in,,0,1,0,https://x.com/pencintaproduk/status/1832541971321385156,"1,55586E+18",pencintaproduk,https://pbs.twimg.com/media/GW5_NZOa8AEcqhU.jpg
"1,83234E+18",Sat Sep 07 09:08:04 +0000 2024,0,1. UPTOWN dari ke empat parfum yang aku punya ini yang paling aku suka! kalo kamu suka wangi manis tapi bukan vanilla ini cocok! kaya wangi permen tapi ga bikin pusing top notes : strawberry citrus red apple middle : sweet pea freesia jasmine base : raspberry amber https://t.co/Q3OLZiLvar,"1,83235E+18",,hourlysari,in,?Ÿ’Œ hourlysar11@gmail.com,0,1,0,https://x.com/hourlysari/status/1832345075738988883,"1,72013E+18",hourlysari,https://pbs.twimg.com/media/GW3MIOHWAAAxAxR.jpg
"1,83224E+18",Sat Sep 07 02:14:03 +0000 2024,0,Si paling wangi karena doi tukang parfum https://t.co/Scs0Szgjwo,"1,83224E+18",,,in,Teyvat,0,0,0,https://x.com/djenoloid/status/1832240886027350447,113231054,djenoloid,https://pbs.twimg.com/media/GW1tYDRa8AQrdA3.jpg
"1,8321E+18",Fri Sep 06 16:36:51 +0000 2024,1,Seandainya ucapan itu memiliki parfum pewangi niscaya bersholawat kepada Nabi Muhammad SAW adalah parfum paling wangi.... https://t.co/RtgEv68TKQ,"1,8321E+18",,,in,,0,0,0,https://x.com/hwmaswin1/status/1832095630166257673,325007381,hwmaswin1,https://pbs.twimg.com/ext_tw_video_thumb/1832095428822892544/pu/img/xoAIGeYFPk0o9QT9.jpg
"1,83202E+18",Fri Sep 06 11:23:19 +0000 2024,68,This my parfum to go from HEURA. Paling suka wangi Bloom dan Romantic Wish ?–?? Wanginya tuh floral clean yang cocok banget dipake daily. @HeuraOfficial https://t.co/qVt68VagyX,"1,83202E+18",,,in,,0,7,65,https://x.com/iyangozza/status/1832016726852251787,66991602,iyangozza,https://pbs.twimg.com/media/GWygwGuagAAyl4S.jpg
"1,83199E+18",Fri Sep 06 09:27:21 +0000 2024,1,: Aku kira parfum dari Omah Wangi udah paling wangi &amp; sempurna sampai aku inget ternyata kamu yang bikin segalanya jadi lebih istimewa. #GarudaMendunia KitaKOMPAK KitaMENANG Paes Paus,"1,83199E+18",,,in,"Kota Surakarta, Jawa Tengah",0,0,0,https://x.com/OWINomahwangi/status/1831987541198918011,"1,60975E+18",OWINomahwangi,
"1,83189E+18",Fri Sep 06 03:21:07 +0000 2024,0,Best compliment emang dikatain wangi tuh kek kalo manusia bisa meleleh gue paling meleleh kalo dikatain wangi Wangi banget pake parfum apa sih? Eh mau dong parfumnya kok bisa wangi banget gtu padahal cuma pake evangeline beli di supermarket biasa ,"1,8319E+18",,Spinaischiadica,in,Indonesia,0,0,0,https://x.com/Spinaischiadica/status/1831895376695325025,"1,52783E+18",Spinaischiadica,
"1,83174E+18",Thu Sep 05 17:22:06 +0000 2024,0,Diantara beberapa parfum AO yg dicoba Aurora tuh yg paling gampang dipake (bukan tipe wangi yg complex jg) Kalo Indonesia Espresso sama Morphine tuh kyk kudu mikir dulu enaknya dipake kapan (apalagi morphine â€çâ†•ï¸è),"1,83174E+18",,skinscent_,in,,0,1,0,https://x.com/skinscent_/status/1831744629282427148,"1,52857E+18",skinscent_,
"1,8317E+18",Thu Sep 05 14:52:11 +0000 2024,0,@hellow_xiao Doy pulang ke korea juga paling masih tercium wangi kamu kak vii spill pke parfum apaa kakkk,"1,83171E+18",,hellow_xiao,in,dihati haechan,0,0,0,https://x.com/leehhaec/status/1831706900569653260,"1,76027E+18",leehhaec,
"1,83168E+18",Thu Sep 05 13:21:49 +0000 2024,701, Seandainya ucapan itu memiliki parfum pewangi niscaya bersholawat kepada Nabi Muhammad SAW adalah parfum paling wangi.... [ Habib Umar bin Hafidz ] https://t.co/eGQsD6PlUx,"1,83168E+18",,,in,,4,6,137,https://x.com/wongragenep/status/1831684159401816433,"1,60585E+18",wongragenep,https://pbs.twimg.com/ext_tw_video_thumb/1831684118020591617/pu/img/Auj4CzEFjOYzk37K.jpg
"1,83157E+18",Thu Sep 05 05:37:14 +0000 2024,132,Emang udah paling mantep kalo siang terik gini tuh minum es teh manis. Selain nyegerin wangi melatinya tuh refreshing banget ga sih? Tapi kalian pernah ngebayangin ga gimana yaa kalo ada es teh manis tapi dalam bentuk parfum??? #racuninparfum #direviyu https://t.co/X5etaYAu9s,"1,83157E+18",,,in,â? ï¸èREPOST/CURI KONTEN DENDAâ€?ï¸è,4,45,110,https://x.com/statuesqve/status/1831567243408502797,50977477,statuesqve,https://pbs.twimg.com/ext_tw_video_thumb/1831567133815328768/pu/img/ZyvPn54T9Ocuzhvt.jpg
"1,8315E+18",Thu Sep 05 00:56:38 +0000 2024,0,ni org mau puji gua wangi dengan cara lu pake parfum apa hari ni soalnya biasa gua jalan ama ni org selalu pake adp dan dia bilang yang biasa kalo lu jalan sama gua wanginya paling kenceng ,"1,8315E+18",,,in,?Ÿ’™?Ÿ’?,0,1,0,https://x.com/deferensoul/status/1831496629209473250,3192255955,deferensoul,
"1,83134E+18",Wed Sep 04 14:30:49 +0000 2024,44,wangi parfum yang orangnya udah ilang tp wanginya ketinggalan wanginya kaya wangi asli badan dia gitu.. terus stylenya rapi rambutnya klimis pokonya kak eb adalah cowok paling SEGER sejagat lianlainn ,"1,83134E+18",,,in,ig: lianlainn,0,16,0,https://x.com/lianlainn/status/1831339137741492606,"1,66639E+18",lianlainn,
"1,8306E+18",Tue Sep 03 14:52:57 +0000 2024,2,@KecapAlfabet @tanyakanrl Kalau maksudnya biar wangi seharian ya gak selalu setiap parfum itu wanginya bisa tahan 6 sd 8 jam bahkan yang ori sekalipun. Misalnya memang kategori EDT kebanyakan bisa bertahan paling lama 4 jam..setelah itu kamu bisa respray..sah sah aja kok.,"1,83098E+18",,KecapAlfabet,in,,0,1,0,https://x.com/StickerTxt/status/1830982317189537872,"1,566E+18",StickerTxt,
"1,83052E+18",Tue Sep 03 02:51:09 +0000 2024,1,@tanyakanrl udah ku coba semuanya paling enak ijo ungu pink. kalo gasuka wangi yg strong jangan coba yg coklat deh kaya parfum gatsby ,"1,8308E+18",,tanyakanrl,in,,0,0,0,https://x.com/sweetsssaturday/status/1830800673874813038,"1,53387E+18",sweetsssaturday,
"1,8306E+18",Mon Sep 02 16:26:02 +0000 2024,95,@tanyakanrl adidas blue ice : seger kaya es like the name dunhil blue : duhh inimah parfum cowo paling best seller black opium : seger tpi soft ada wangi kopi tipis lovly arh : ini wanginya ga manis ga seger sih kek harumm bgt gtu,"1,83064E+18",,bvtterfliess__,in,in your dream,1,2,3,https://x.com/bvtterfliess__/status/1830643355384213667,"1,26366E+18",bvtterfliess__,
"1,83062E+18",Mon Sep 02 15:01:17 +0000 2024,0,Kak Mikki parfum fanmerch sm ori yg cocok utk tipe softboy yg hatinya bnr2 lembut dan bisa nyemangatin dia tuh apaaa? Parfumku yang original wangi cowonya wangi fuckboy semua kalo softboy lembut paling Nagi Suo Ume Isagi https://t.co/MDCfGupNFi,"1,83062E+18",,,in,Denjisheart,0,0,0,https://x.com/devilsmete/status/1830622030196314595,"1,41751E+18",devilsmete,
"1,83042E+18",Mon Sep 02 01:46:41 +0000 2024,0,Krn ga semua orang suka sama wangi manis di siang hari jd paling bener di tas itu bawa parfum (yg manis karna secinta itu sm parfum manis) dan body mist BBW.,"1,83042E+18",,,in,,0,0,0,https://x.com/chouxcraquelin/status/1830422061145305564,"1,23692E+18",chouxcraquelin,
"1,83019E+18",Sun Sep 01 10:15:51 +0000 2024,3,@sbyfess Cukup outfitmu paling rapi rambut klemis dan wangi ne perlu guyangen parfum awakmu.. Masio mari numpak sepeda motor raimu dadi pulu2 koyok koncone Ijat masuk toilet dulu touch up baru ketemuan Good luck nder,"1,83019E+18",,sbyfess,in,,0,0,0,https://x.com/thePRnote/status/1830187809413742703,72171712,thePRnote,
"1,83011E+18",Sun Sep 01 05:14:49 +0000 2024,0,Diantara semua parfum dobha varian zahrat hawai yang paling aku suka wanginya seger fresh gitu wangi nya bikin nagih https://t.co/q6k1SMzdqz https://t.co/iUu1fnPCQA,"1,83011E+18",,,in,,0,0,0,https://x.com/prettysilaww/status/1830112053027119569,2378369714,prettysilaww,https://pbs.twimg.com/media/GWXdNVdb0AAFWHK.jpg
"1,82992E+18",Sat Aug 31 16:32:39 +0000 2024,0,mint menurut km yang paling km expect wangi dokyeom parfum yg mana mint https://t.co/Z4vpwoLNZ9 KL UTK EXACT PARFUMNYA HMMM anything BUT DIOR SAUVAGE (becanda) tp yg prada itu dia keliatan sering bgt pake so i expect his https://t.co/7PudD8fvKw,"1,82992E+18",,,in,"amy, she/her",0,0,0,https://x.com/soleilitary/status/1829920244573618434,"1,41203E+18",soleilitary,
"1,82952E+18",Fri Aug 30 14:08:09 +0000 2024,0,Nah yg paling beda dan gk pernah gw temuin di ojol manapun HELMNYA WANGI WOI! Wangi habis di cuci gitu bkn wangi parfum jd selama perjalanan gw mencium wangi helm wkwkw. Ngendarain motornya jg gk ugal2an (kadang suka nemu ojol yg sat set tp bikin ngeri),"1,82952E+18",,wrioyne_,in,,0,1,0,https://x.com/wrioyne_/status/1829521492935405815,"9,59975E+17",wrioyne_,
"1,82907E+18",Thu Aug 29 08:22:27 +0000 2024,1,Paling seneng kalo dibilang wangi sampe ditanya pake parfum apa sama orang wkwkwkwkw,"1,82907E+18",,,in,R/AB,0,0,0,https://x.com/satumiliyarrr/status/1829072107483132305,"1,75146E+18",satumiliyarrr,
"1,82879E+18",Wed Aug 28 13:43:35 +0000 2024,0,5 Rekomendasi Parfum Lilith &amp; Eve yang Paling Wangi https://t.co/BeV2yXAMAD,"1,82879E+18",,,in,Indonesia,0,0,1,https://x.com/Popbela_com/status/1828790533097238995,1079628559,Popbela_com,
"1,82865E+18",Wed Aug 28 04:11:20 +0000 2024,0,utk ketahan nya di aku kurleb 4jam an di dalam ruangan ber ac ya terus yg paling aku suka dari ni parfum wangi nya tuh menyebar gitu karena aku sendiri juga bisa cium,"1,82865E+18",,na29nay,in,,0,1,0,https://x.com/na29nay/status/1828646524902891811,"1,59157E+18",na29nay,
"1,82803E+18",Mon Aug 26 11:19:12 +0000 2024,73, Semprot di area pulse points Area seperti di bawah ini (esp. leher belakang telinga pergelangan tangan) adalah spot paling oke buat parfum karna bagian titik panas ini bikin wangi parfumnya makin nyebar https://t.co/EkgUZiHu5m,"1,82803E+18",,sunseelly,in,,0,1,17,https://x.com/sunseelly/status/1828029423909814373,496957166,sunseelly,https://pbs.twimg.com/media/GV53EoIbQAAtyef.jpg
"1,82796E+18",Mon Aug 26 06:45:28 +0000 2024,0,Gue tu paling takut kalo pas ngonser gini bau sampe bolak balik cek palagi kalo abis dijemur di holding area masih wangi ga bolak balik semprot parfum dan selalu gue usahain pake parfum yg wanginya tahan lama so sebelah2 gue ga akan terganggu,"1,82796E+18",,,in,,0,0,0,https://x.com/notaestheticme/status/1827960536488935599,"1,37634E+18",notaestheticme,
"1,82795E+18",Mon Aug 26 05:51:02 +0000 2024,0,Jangan lupa pake lotion terus di deket lipatan tubuh diapply parfum. JANGAN semprot di keteknya. At least kalau dirutinin aktivitas di dalam ruangan seharian paling mentok lo gak bakal berbau apapun (gak wangi bunga tapi gak bau ketek juga) misal gak reapply dua duanya.,"1,82795E+18",,kolakcilembu,in,2 admin: nunu & caca,0,1,0,https://x.com/kolakcilembu/status/1827946837791441023,"9,99542E+17",kolakcilembu,
"1,82773E+18",Mon Aug 26 03:37:41 +0000 2024,0,@babufess razor canonically bau ketek tapi bro kan tinggal di hutan sm wolf wolf... tapi karakter paling wangi kata gw si emilie ya kan kang parfum,"1,82791E+18",,babufess,in,,0,0,0,https://x.com/Rex_Lapis_Legit/status/1827913278410092754,"1,60091E+18",Rex_Lapis_Legit,
"1,82791E+18",Mon Aug 26 03:10:55 +0000 2024,6,tapi kalo soal wangi-wangian gue paling respect banget sih untuk menemani aktivitas sehari-hari gue selalu pakai parfum dari heura varian scandal. -top notes: raspberry -middle notes: peony -base notes: praline https://t.co/iRkb2tyPF8,"1,82791E+18",,gheaurelia,in,,0,2,1,https://x.com/gheaurelia/status/1827906543087743084,"1,13378E+18",gheaurelia,https://pbs.twimg.com/media/GV4HTrhX0AA3on1.jpg
"1,82773E+18",Sun Aug 25 15:25:00 +0000 2024,143,@babufess Bennett sama razor kata gw mah bau ketek sih Tp yg paling wangi menurutku maybe emilie sih secara doi jualan parfum ,"1,82773E+18",,babufess,in,,1,1,0,https://x.com/fccalors/status/1827728895195623707,"1,44933E+18",fccalors,
"1,8277E+18",Sun Aug 25 14:37:23 +0000 2024,0,@convomf dri semua parfum yg ku punya paling awet wangi nya dari hamble sih,"1,82772E+18",,convomf,in,,0,0,0,https://x.com/kjcvaa/status/1827716911775580348,"1,37033E+18",kjcvaa,
"1,82769E+18",Sun Aug 25 14:23:27 +0000 2024,2,@womanfeeds_id Kalo paling tahan lama di antara parfum lokal yang ku coba sih saff&amp;co onix itu sampe baju dicuci juga masih nempel wanginya Buat cuaca panas gini chillin baby enak bgt. Seger kaya abis mandi &amp; wangi bayik Wanginya juga semerbak https://t.co/UoTsxn3CHn,"1,82771E+18",,womanfeeds_id,in,"Jakarta Capital Region, Indone",0,0,1,https://x.com/pweetynxi/status/1827713404112658865,"1,71055E+18",pweetynxi,
"1,82771E+18",Sun Aug 25 14:00:53 +0000 2024,0,Buat yg pemula sepemulanya gw yg ga ngerti parfum mykonos utopia di gw kurang enak. Berasa wangi kayak minyakan bgt gitu gimana sih trs kek ada hint bau minyak anginnya. Dari semua varian mykonos yg pernah w beli ini yg paling kureng masuk di selera gw,"1,82771E+18",,,in,,0,1,0,https://x.com/lumpyspece/status/1827707724307800413,"1,64258E+18",lumpyspece,
"1,82765E+18",Sun Aug 25 10:06:53 +0000 2024,0,Dari pada deket-deket dia mending deket-deket aku Omi aku rajin mandi setiap mandi sabunan aja paling sedikit 2 kali pake deo lotion plus pake parfum satu botol wangi kok wangi ,"1,82765E+18",,RifqiahStyles,in,Indonesia,0,0,0,https://x.com/RifqiahStyles/status/1827648835835085147,3557086273,RifqiahStyles,
"1,82757E+18",Sun Aug 25 05:08:36 +0000 2024,0,spill parfum paling wangi,"1,82757E+18",,,in,,0,6,0,https://x.com/nanacuttee/status/1827573770548342795,"1,19059E+18",nanacuttee,
"1,82694E+18",Sun Aug 25 01:51:56 +0000 2024,0,@babufess paling bau razor jarang mandi kan dia dibesarin sama serigala paling wangi emilie tukang parfum sih,"1,82752E+18",,babufess,in,que?,0,0,0,https://x.com/sakuraajpg/status/1827524278654530021,"1,41901E+18",sakuraajpg,
"1,82729E+18",Sat Aug 24 15:35:17 +0000 2024,10,next aku mau rekomendasiin parfum lagi favorite ku dari HMNS: wangi mawar yg unik dan enak banget mana tahan nempel pol dikulit dan baju versi buat cowonya aku paling suka yg Farhampton. gila itu endusable wanginya https://t.co/r9zS9sZM7c,"1,82737E+18",,linskinjournal,in,,0,0,1,https://x.com/linskinjournal/status/1827369094213202006,"9,62207E+17",linskinjournal,
"1,82576E+18",Tue Aug 20 05:47:14 +0000 2024,0,@ke20___ Mmg paling nyaman dn mirip terapi saja bau parfum itu...semerbaknya itu bikin wangi di hidung dn bikin otak terasa tenang dn dada longgar... pokoknya wangi itu menyegarkan sekaligus menenangkan plus sexyï¸è,"1,82577E+18",,,in,"Depok, Indonesia",0,0,0,https://x.com/suhartinitaurus/status/1825771554170667100,"1,50155E+18",suhartinitaurus,
"1,82555E+18",Mon Aug 19 15:20:32 +0000 2024,0,@lelendraaa lebih ke experience si (ga semuanya tapi di aku yang paling kebayang bgt tu wangi entah dari parfum baju apa badan kerasa),"1,82555E+18",,lelendraaa,in,INTJ-I | grcshn | delkath,0,1,0,https://x.com/diveaderu/status/1825553444155109840,"1,24722E+18",diveaderu,
"1,82538E+18",Mon Aug 19 06:53:14 +0000 2024,72,@womanfeeds_id Top 4 parfum favoritku semuanya awet semerbak dan wanginya ketinggalan. Tipe parfum yg selalu dinotice Saff n co SOTB paling awet wangi sweet floral agak warm gitu enak poll Onix FWB &amp; hmns O wangi sweet fruity FWB lebih seger dan awet Alt wangi teh kaya thai tea https://t.co/jWqjsMn1iz,"1,82543E+18",,womanfeeds_id,in,,1,3,9,https://x.com/putrisilwii/status/1825425776721961341,"1,54412E+18",putrisilwii,https://pbs.twimg.com/media/GVU3Du1bwAAgu4i.jpg
"1,8254E+18",Mon Aug 19 05:30:24 +0000 2024,4,Wanginya sopan bangett emang bukan kecium dalam jarak bermeter2. Tapi dia kecium sama diri sendiri gitulohh. Wanginya awet nempel dikulitku sekitar 8jam. Ini parfum wangi teh yg paling realistis sih Share in jar nya https://t.co/NGn2nx4Rgm https://t.co/IdJNjS23VV https://t.co/o8dt5Cnb97,"1,8254E+18",,nrosynr,in,,0,0,0,https://x.com/nrosynr/status/1825404929147826399,"1,76048E+18",nrosynr,https://pbs.twimg.com/media/GVUkGmkb0AA3D2Q.jpg
"1,82463E+18",Sat Aug 17 02:05:54 +0000 2024,45,Ketemu produk parfum inspired yang harganya cuma 20ribuan!ï¸è Punya 50 varian wangi tinggal pilih deh yang paling cocok dengan personal kita masing2! Saking banyaknya bingung mau pilih yang mana Berhubung aku pecinta wangi manis aku pilih coba Vanilla scent ini https://t.co/7w2x56ckmF,"1,82463E+18",,,in,Indonesia,2,1,49,https://x.com/candyull/status/1824628692838125825,"1,4512E+18",candyull,https://pbs.twimg.com/media/GVJiHoxbkAAkyU7.jpg
"1,82446E+18",Fri Aug 16 15:03:13 +0000 2024,0,parfum paling nyebelin setelah parfum wangi caramel pipis adalah wangi coklat ngebayangin wanginya udh sakit kepala dluan,"1,82446E+18",,,in,,0,0,0,https://x.com/kastengil/status/1824461920088543484,"1,7479E+18",kastengil,
"1,82412E+18",Thu Aug 15 16:36:06 +0000 2024,0,abis beli parfum yg full size bukan wangi tp bukan tipe gue trus 2 testernya yg 1 isinya full yg 1 dkit bnget kek udah mau abis YANG PALING WANGI + TIPE GUE YG PALING DKIT ANYING,"1,82412E+18",,,in,,0,1,0,https://x.com/atsilahrifqah/status/1824122909289537555,"1,47718E+18",atsilahrifqah,
"1,8241E+18",Thu Aug 15 15:06:10 +0000 2024,1,setauku extrait udah tier paling tinggi. kalau di atas nya lagi gimana ya wanginya? pasti tahan lama banget ga si? anywayss tier parfum ini tuh berdasarkan konsentrasi minyak wangi atau ekstrak fragrance. makin tinggi tingkatannya wanginya lebih tahan lama. cmiiw yaaa buatku,"1,8241E+18",,azeclair,in,,0,1,0,https://x.com/azeclair/status/1824100274174398495,366944393,azeclair,
"1,82372E+18",Wed Aug 14 14:08:52 +0000 2024,0,â€çï¸è : pah kok tiap tengah malem bau wangi di ruang tengah. wangi banget tapi bukan parfum : nyalain hio paling papah : lho engga og papah mau tidur ngga ada wangi apa apa .....,"1,82372E+18",,,in,Psalm 46:5 â™¡,0,0,0,https://x.com/theonlyanyel/status/1823723466845303062,"1,69962E+18",theonlyanyel,
"1,8237E+18",Wed Aug 14 12:22:43 +0000 2024,15,Sudah waktunyaaaa mengasah kembali pengetahuan tentang perparfuman ï¸èï¸èï¸èï¸è Topik kali ini tentang wangi parfum yg palingggg umum wangi FRESHï¸è kalau MinRiver paling suka wangi Fresh-Fruity guys kalian suka yg mana tuh? https://t.co/badCNILGvV,"1,8237E+18",,,in,INA BASED. ?Ÿ‡®?Ÿ‡©,0,2,0,https://x.com/bymoonrvr/status/1823696753625055362,"1,4337E+18",bymoonrvr,https://pbs.twimg.com/media/GU8SiBzbgAAIued.jpg
"1,82334E+18",Wed Aug 14 08:57:57 +0000 2024,0,@tehaisapel @banjarbase pilih sabunnya yg memang dasar wangi. contohnya skarlet. pakai deodoran. tpi yg paling ampuh pake parfum. soalnya parfum lebih tahan lama dripada bau sabun,"1,82365E+18",,tehaisapel,in,"Kalimantan Selatan, Indonesia",0,1,0,https://x.com/madhafaka009/status/1823645222200553730,"1,69901E+18",madhafaka009,
"1,8234E+18",Tue Aug 13 16:31:55 +0000 2024,0, Wardah Scentsation Body Mist 100 ml - Parfum Wanita Wangi beli disini : https://t.co/XkZbpKUymT https://t.co/iwc57iM9Ci,"1,8234E+18",,sipalingrekomm,in,Jakarta,0,0,0,https://x.com/sipalingrekomm/status/1823397081400455172,"1,59619E+18",sipalingrekomm,https://pbs.twimg.com/media/GU4B-FHbYAAe7Fj.jpg
"1,82338E+18",Tue Aug 13 16:00:51 +0000 2024,1,@windyisherenow Kasi g merek lokal plz .paling ga mudeng klo org jlsin parfum wangi musk wangi amber. Wangi spicy Klo spicy g mikir wangi sambel terasi ,"1,82339E+18",,windyisherenow,in,Jakarta Capital Region,0,1,0,https://x.com/Ln1885/status/1823389262563467498,49940615,Ln1885,
"1,82323E+18",Tue Aug 13 05:30:46 +0000 2024,0,body wash varian rose parfum rose hembodi rose. emang wangi paling nempel 24 jam di aku rose tp kamar pine zegeeerrrr,"1,82323E+18",,,in,Indonesia,0,0,0,https://x.com/utcld/status/1823230693784400205,250513874,utcld,
"1,82295E+18",Mon Aug 12 11:03:47 +0000 2024,2,jadi basically anjuran terbaik paks parfum biar nempel awet dan nyatu adalah apply pas moisture kulit bagus makanya hacks paling manjur coba kombinasi ini kalo aku suka paks body sunscreen ini karena sekali jalan kulit gak belang + wangi seharian https://t.co/8ef5Bzkxid,"1,82295E+18",,bedazzlingyou,in,,0,1,0,https://x.com/bedazzlingyou/status/1822952115054232056,"1,5631E+18",bedazzlingyou,https://pbs.twimg.com/media/GUxtSJZakAAZLuw.jpg
"1,8225E+18",Sun Aug 11 04:52:43 +0000 2024,0,Tips biar gak bau badan yg paling penting emang mandi 2x sehari ya ges ya. Scrub bisa seminggu 1x. Bajunya yg wangi. Dah gak pake parfum sama deo aman sih. Sama Ketambahan body lotion dan hair oilnya juga wangi,"1,8225E+18",,,in,neverland,0,0,0,https://x.com/bluishpuff/status/1822496343254020228,176405545,bluishpuff,
"1,8217E+18",Fri Aug 09 01:27:37 +0000 2024,0,Rasa asem dari buah markisah dan perpaduan wangi bunga peony dan buah berry yg manis. Seakan parfum ini di buat unik dengan sentuhan aromanyaâ?µï¸è : https://t.co/Ksb0DjS3EW Notes dari pineapple jasmine seakan nyatu dengan musk dan woody. Kesan yg paling terasa dari parfum foxy,"1,82172E+18",,rianarsk,in,,0,1,0,https://x.com/rianarsk/status/1821719953701212301,"1,547E+18",rianarsk,
"1,82171E+18",Fri Aug 09 01:01:19 +0000 2024,39,Guys mau tanya~ Wangi parfum apa yang paling kalian suka? ,"1,82171E+18",,,in,Fengari Lab,0,23,2,https://x.com/ElulaVTuber/status/1821713334439440558,"1,30426E+18",ElulaVTuber,
"1,82096E+18",Wed Aug 07 15:01:56 +0000 2024,0,@jevdraz Cakep lah... Kalau ga wangi tinggal mandi pake parfum... Ah perfect dah ganteng wangi pula,"1,8212E+18",,jevdraz,in,,0,0,0,https://x.com/ygpalingpasrah/status/1821200105921208460,"1,62456E+18",ygpalingpasrah,
"1,82116E+18",Wed Aug 07 12:40:53 +0000 2024,0,Indonesia Makin Wangi Parfum Paling Diincar Gen Z dan Milenial https://t.co/BuWVFI5PsD,"1,82116E+18",,,in,Jakarta Capital Region,0,0,0,https://x.com/cnbcindonesia/status/1821164611514818789,"8,47373E+17",cnbcindonesia,
"1,82115E+18",Wed Aug 07 11:56:01 +0000 2024,582,Hari tu pakcik ada tanya pasal perfume baru tahu ada banyak jenis rupanya.. Ada yang bau tahan lama ada yang bau sekejap je.. Ingatkan semua sama asal wangi.. Rupanya kalau bau paling tahan lama jenis parfum tapi mahal sikit.. Ok mahal sikit tu berapa..? https://t.co/XbiRpO780T,"1,82115E+18",,,in,Instagram @jalalmisai,1,4,304,https://x.com/jllmisai/status/1821153321509646451,"1,45774E+18",jllmisai,https://pbs.twimg.com/media/GUYJS3CaEAAbJDu.jpg
"1,82109E+18",Wed Aug 07 08:14:02 +0000 2024,2,wanginya enak dan nyaman banget gak bikin pusing dan eneg lho~ meski ada beberapa wangi buah dan bunga di notesnya tapi yang paling dominan wangi sweet kayak vanilla dan caramel. jadi tiap pake parfum ini berasa kayak toko kue berjalan #LoWangiLoAman #BerhakWangi https://t.co/P9etxEYLF1,"1,8211E+18",,looollaby,in,"Sidoarjo, Indonesia",0,1,0,https://x.com/looollaby/status/1821097454324097147,"1,41388E+18",looollaby,https://pbs.twimg.com/ext_tw_video_thumb/1821097439748567040/pu/img/7D1UFPwGgbw2cnR_.jpg
"1,82109E+18",Wed Aug 07 08:01:45 +0000 2024,22,mau spill parfum lokal yang wangi nya seger citrus aromatic tapi nga nyegrek gituloh dan yang paling enak pas dry down nya sih. kaya soft earthy calming gitu ada hint woody nya juga. best! https://t.co/vhoFOnXuIz,"1,82109E+18",,,in,,0,3,3,https://x.com/matchaituhijau/status/1821094365269520890,"1,65089E+18",matchaituhijau,https://pbs.twimg.com/media/GUXTqVdaEAAv3Qt.jpg
"1,82108E+18",Wed Aug 07 07:20:24 +0000 2024,0,sejauh ini itu wangi parfum paling menyengat yg pernah gw cium. bisa-bisanya orgnya udh pergi tp wanginya masi kecium pdhl ini hidung lg mampet,"1,82108E+18",,,in,"East Java, Indonesia",0,1,0,https://x.com/NashuhaAlza/status/1821083959025148262,"1,25587E+18",NashuhaAlza,
"1,82085E+18",Tue Aug 06 16:04:34 +0000 2024,0,Siapa yang mau temenan sama si paling giselle wangi parfum?,"1,82085E+18",,,in,DNFF ,0,0,0,https://x.com/stonnedream/status/1820853482951417974,"1,62095E+18",stonnedream,
"1,82068E+18",Tue Aug 06 04:52:10 +0000 2024,0,6 Parfum Evangeline yang Paling Wangi untuk Perempuan https://t.co/UPUt22tZL2,"1,82068E+18",,,in,Indonesia,0,0,1,https://x.com/Popbela_com/status/1820684266713633004,1079628559,Popbela_com,
"1,82044E+18",Mon Aug 05 12:37:50 +0000 2024,1,aku udah coba oikawa samaa semi! paling suka semi eita sih sampe temenku notis berkali-kali ditanya pake parfum apa soalnya enak wanginya oikawa tuh wangi cocoanyaa kenceng sampe temenku notis jugaa!,"1,82044E+18",,,in,they/them | ë¯?ì›ê â˜… ì¸„ì°¬,1,2,0,https://x.com/fairiesblush/status/1820439067886223736,"1,37611E+18",fairiesblush,
"1,82044E+18",Mon Aug 05 12:37:19 +0000 2024,93,Parfum vanilla base yang wangi nya paling sopan masuk hidung dan engga kemanisan atau bikin pusing. Kenalin Hambel for Oliver. Parfum vanilla base yang suitable dipake seharian cuaca panas pun masih aman banget. Salah satu parfum yg sering dapetin compliment! https://t.co/fsfI5iLV07,"1,82044E+18",,,in,"Bandung, Jawa Barat",3,25,128,https://x.com/papaojol/status/1820438935841165577,"1,08881E+18",papaojol,https://pbs.twimg.com/media/GUN-uAzbIAAtaDG.jpg
"1,82034E+18",Mon Aug 05 05:56:39 +0000 2024,0,Kamis lalu kesampean buat sniff parfum barunya hmns yang namanya eon. Sebagai pencinta bunga sedap malam sih aku beneran suka sama si eon ini. Pas disempot yang paling dominan wangi melatinya. Kalo kata temen aku sih ini kunticore banget.,"1,82034E+18",,,in,,0,1,0,https://x.com/namooniie/status/1820338108312989828,2802704437,namooniie,
"1,82008E+18",Sun Aug 04 15:05:32 +0000 2024,0,@mooieraya Btw cewek suka di apresiasi dr hal hal yg paling kecill. Contohnya kamu hari ini cantik bangett kamu wangi sekali kalo blh tau pakek parfum apa tinggal menghargai apa yg dia lakukan apa susahnya sih wkwk,"1,82011E+18",,cuanyaa_,in,,0,0,0,https://x.com/terak24/status/1820113849057771954,"1,57181E+18",terak24,
"1,81993E+18",Sun Aug 04 03:05:18 +0000 2024,0,Parfum 50ribuan tapi wangi banget bisa tahan 8 jam diruangan 5-6 jam kalau outdoor. Wanginya ga yg eneg tapi wangi seger ada taste vanilla manis dikit gitu. Sekarang juga udah mulai langka stocknya. Kemarin nemu harga yg paling affordable disini https://t.co/m7WbTOiU6F https://t.co/rgkNrY4vJo,"1,81993E+18",,,in,"East Java, Indonesia",1,0,0,https://x.com/zulvazulvi_/status/1819932598363472177,"1,32707E+18",zulvazulvi_,https://pbs.twimg.com/media/GUGzDDEbwAAb1Uf.jpg
"1,8197E+18",Sat Aug 03 15:46:20 +0000 2024,35,@convomf octarine parfum sih kak juara wanginya dia dupe parfum brand luar dan longlasting. Aku udah habis berbotol2 paling suka wangi yg omnia https://t.co/hQ8E6EN81e,"1,81976E+18",,convomf,in,,0,2,1,https://x.com/valeriegi_/status/1819761730043699532,"1,70992E+18",valeriegi_,
"1,81971E+18",Sat Aug 03 13:13:18 +0000 2024,27,Untuk harga under 20k ini wanginya oke bgt sih Wangi manis creamy layaknya kue vanilla yg keluar dari oven gituu sedikit mirip wangi susu kental manis tp ngga bikin eneg. Aku paling suka pakai dia sebelum tidur auto mimpi indah Parfum https://t.co/CeqtWHnoME,"1,81972E+18",,selraaz,in,forselraaaz@gmail.com,0,1,4,https://x.com/selraaz/status/1819723217264886161,"1,53053E+18",selraaz,
"1,81456E+18",Fri Aug 02 10:31:25 +0000 2024,0,4. Evangeline French Pear Wanginya enak bgt seger agak musky segernya tahan lama dan super duper ninggal di udara. Ini kalo lagi nyemprot parfum di baju/badan di satu ruangan nanti ruangannya jadi wangi semerbak sampe beberapa jam. Dari 5 parfum diatas ini yg paling awet,"1,81932E+18",,lumpyspece,in,,0,1,0,https://x.com/lumpyspece/status/1819320088224584017,"1,64258E+18",lumpyspece,
"1,81896E+18",Fri Aug 02 04:23:46 +0000 2024,0,@yukiii_xoxo Aku bakalam pilih parfum yang paling wangi ,"1,81923E+18",,yukixora,in,I'm twenty two,0,1,0,https://x.com/aewinetr/status/1819227568907997553,"1,57933E+18",aewinetr,
"1,81922E+18",Fri Aug 02 03:49:03 +0000 2024,0,Wanginya elegan ringan clean dan bukan typical kunticore horor. So far Noble ini wangi parfum Hint paling enak menurutku #preloved #perfume #zonauang #beauty link shopee: https://t.co/mQ1cKiw9lv https://t.co/od61tSmXmh,"1,81922E+18",,armeowni,in,,0,1,0,https://x.com/armeowni/status/1819218830901776638,"1,26602E+18",armeowni,https://pbs.twimg.com/media/GT8p4gSaQAAkVEN.jpg
"1,81914E+18",Thu Aug 01 22:22:37 +0000 2024,1,sumpah gua dari jaman smk ampe skrg gabisa berpaling dari parfum posh yang green blossom padahal udah sering beli parfum yang lain tapi wangi yang paling masuk di hidung gua cuma parfum posh doang,"1,81914E+18",,,in,,0,0,1,https://x.com/pireepp/status/1819136681230193029,"1,10469E+18",pireepp,
"1,819E+18",Thu Aug 01 13:36:23 +0000 2024,23,Parfum wangi bayi yg beneran bayi bgtt paling mirip wangi bayi deh pokoknya Kalo aku sih ciumnya mirip hair lotion yg wanginya nempel bgt di kepala bayi #DivMereview https://t.co/bBMCr5opF6,"1,819E+18",,,in,,1,1,15,https://x.com/leyxmun/status/1819004250422456642,"8,95124E+17",leyxmun,https://pbs.twimg.com/media/GT5mt3Wa0AADlmN.jpg
"1,81898E+18",Thu Aug 01 12:11:46 +0000 2024,71,setelah coba beberapa parfum buat mobil di bawah 50k ternyata yang paling tahan lama bowin ini 30 ribu tapi sebulanan lebih masih wangi. aku punya 3 varian tp yang paling aku suka vitamin sea https://t.co/KoLkKNCfFh,"1,81898E+18",,,in,,1,6,32,https://x.com/nocturnalcutie/status/1818982955500589284,"1,01557E+18",nocturnalcutie,https://pbs.twimg.com/media/GT5TWhpaAAAfhMV.jpg
"1,81896E+18",Thu Aug 01 10:46:44 +0000 2024,0,Dari semua notes yang paling kecium itu wangi seger dari buah. Jadi bakal aman banget dipakai siang bolong juga Wanginya tuh kalo dideskripsiin kayak lo lagi hangout as a teen gitu. Tapi nambah kesan bahagia Ketahanan parfum ini di gue 5-6 jam di indoor. 4-5 jam di outdoor https://t.co/MoRzbY5Ybf,"1,81896E+18",,nafifisas,in,"Kota Tangerang, Banten",0,1,0,https://x.com/nafifisas/status/1818961556375536097,"1,26944E+18",nafifisas,https://pbs.twimg.com/media/GT4_4Usb0AAqLRY.jpg
"1,81886E+18",Thu Aug 01 03:55:07 +0000 2024,192,pujian paling bikin hepi versi gw adalah ketika ada yang bilang; eh wangi lu enak banget dah ya ampun rill gara2 gw pake parfum elvicto yg ini tadi pas lagi kumpul2 komunitas ada yg bilang gitu mana pas gw duduk di sebelah mbak crush lagi jadi maluuu https://t.co/noh2HKI4tK,"1,81886E+18",,,in,"East Java, Indonesia",0,167,2,https://x.com/mas2_jawa_/status/1818857970702467237,2758748405,mas2_jawa_,https://pbs.twimg.com/media/GT3hmRnbwAAfYnn.jpg
"1,81845E+18",Wed Jul 31 01:03:53 +0000 2024,0,Parfum punya diaz restock nya lama betol. Yg arum gendhis enak bgt kek sampe ada temen ku bilang kon durung teko loker ae wangi mu wes teko disikan bener2 semerbak pol dan paling penting dia murah meriah mau meninggoyyy 100ml cuma 100rban,"1,81845E+18",,,in,Sub,0,0,0,https://x.com/ariestiaw/status/1818452488405524705,250485965,ariestiaw,
"1,81821E+18",Tue Jul 30 08:40:40 +0000 2024,1,Lagian aneh banget perkara wangi parfum doang sampe ko bikin horny gue kalo nyium wangi parfum cwo paling cuma muji dalem hati wangi nya enak terus mikir merek apa ya pasti parfum mahal abis itu ywdh melanjutkan hidup seperti biasa,"1,81821E+18",,,in,,0,0,0,https://x.com/me_greesa/status/1818205054824054818,"1,07887E+18",me_greesa,
"1,81819E+18",Tue Jul 30 07:38:53 +0000 2024,0,Anjinglah dikira aku sebagai laki abis nyium parfum cewek terus kek anjir wangi banget jadi sange kepingin ngenttot gitu? Ga lah bjir stereotip kamu kebangetan. Paling mentok mah kalo berani cuma nanya parfumnya apa biar jadi referensi parfum buat yang tercinta,"1,81819E+18",,,in,,0,1,0,https://x.com/kakaimee/status/1818189507994525754,"1,79426E+18",kakaimee,
"1,81787E+18",Mon Jul 29 13:42:22 +0000 2024,0,@annonsx Keknya sih tapi kalo edt ini paling sekitar 6jam an wkwk mayan sih buat wangi wangian meskipun aslinya parfum buat cewe,"1,81792E+18",,annonsx,in,Land of Dawn,0,0,0,https://x.com/Al_Dozz/status/1817918592731717778,"1,6189E+18",Al_Dozz,
"1,8179E+18",Mon Jul 29 12:25:52 +0000 2024,8,bjir tante gue aja yg udh pake niqab pun tetep pake parfum sama deodorant supaya wangi dan kagak bau HUEKKK inget kebersihan sebagian dari iman lu kalo sampe bau trus ngeganggu idung orang lain sama aja dzolim ckckck udah mana berasa paling suci tu sampe nanya kajian di mana,"1,8179E+18",,,in,,0,1,0,https://x.com/kimstreukid/status/1817899342789009584,"1,00448E+18",kimstreukid,
"1,81778E+18",Mon Jul 29 04:47:23 +0000 2024,15,ternyata wangi parfum yang paling bikin eneg dipake siang2 bukan bacarrat tapi parfum wangi bubble gum ,"1,81778E+18",,,in,,2,11,2,https://x.com/luluhusnaa/status/1817783959687958945,257001172,luluhusnaa,
"1,81755E+18",Sun Jul 28 13:13:55 +0000 2024,3,And kalian tau? Gw seneng bgt banyak yg muji gw wangi sampe ada yg bilang kakak yg paling wangi Se event anjir malu wkwkw tapi seneng tau sendiri event wibu gimana Gw semprotin parfum melati terus terutama ke ornamen melatinya and it works ,"1,81755E+18",,,in,Castell heart ,0,0,0,https://x.com/Sapphiredechoco/status/1817549046724296808,"1,46311E+18",Sapphiredechoco,
"1,81742E+18",Sun Jul 28 04:52:21 +0000 2024,0,lanjut. ke KKV krn mo beli lipcream tp pas masuk liat2 parfum. â€çï¸è : yang wangi vanilla nih â€çï¸è : ih gausalah mahal yang lgian prfum aku masih ada kan aku mau bli lipcream 2 awowkwok â€çï¸è : ah gpp beli aja paling cm brapa sih *sombonk shay,"1,81742E+18",,esennnnn,in,,0,1,0,https://x.com/esennnnn/status/1817422821192245519,2612000779,esennnnn,
"1,81723E+18",Sat Jul 27 16:03:44 +0000 2024,1,parfum paling best emg parfum bibit. gue udah coba saff n co yang katanya awet wangi nya di gue ngga pls. trs nyoba parfum bibit yang sering di pake temen gue awet pol seharian cuma 2x semprot wangi nya nempel bgt di baju,"1,81723E+18",,,in,?ùê¬?ùê??ùê¥?ùê??ùêœ?ùê??ùê¢?ùê¯?ùê?.,0,3,0,https://x.com/haefsz/status/1817229395318427792,2274041060,haefsz,
"1,81665E+18",Fri Jul 26 01:46:43 +0000 2024,2,Okey dari ke 4 parfum ini yang paling aku suka itu varian Mexicola. Wangi hint coconut yang menurutku unik banget makin lama makin kalem dan dan bikin rilex Vibesnya kaya lagi liburan gitu https://t.co/KLakUURwRa,"1,81665E+18",,Chiandherskin,in,HERE,0,1,0,https://x.com/Chiandherskin/status/1816651330242642167,"1,71119E+18",Chiandherskin,https://pbs.twimg.com/media/GTYKvsXagAAZ009.jpg
"1,81651E+18",Thu Jul 25 16:43:08 +0000 2024,0,teruss gelangnyaa DIA BENERAN BIKIN SENDIRI ngeroncenya pake warna album loverrrnya mami teilerrr!! teruuss teruuss kaosnya dia juga design sendiriiii dan yang paling aku naksir adalah ketika buka bosnya WANGI BGTTTT LITERLI PARFUM DIAA SJDHWOSNDLWK,"1,81651E+18",,llOovingmatcha,in,Kmj's wifey,0,1,0,https://x.com/llOovingmatcha/status/1816514532816392655,"1,47001E+18",llOovingmatcha,
"1,81641E+18",Thu Jul 25 10:25:46 +0000 2024,0,/ ?ù™‰?ù™??ù™œ?ù™ù?ù™© ?ù™??ù™©?ù™–?ù™£?ù™™ // Paling greeeng wangi khas Arabian Parfum yang Moss &amp; Oud-nya kuat~ keendus woody yang bener-bener mendominasi &amp; semilir sweet di belakang-belakang. https://t.co/8P081vArmn,"1,81642E+18",,Ripalojinavi,in,"?ù—Å?ù–??ù—‹?ù–?, ?ù—‚?ù—‡ ?ù—’?ù—??ù—‹ ?ù—Å?ù—ˆ?ù—†?ù–?",0,1,0,https://x.com/Ripalojinavi/status/1816419565150290062,"1,16911E+18",Ripalojinavi,https://pbs.twimg.com/media/GTU39xTaIAAvxXa.jpg
"1,81635E+18",Thu Jul 25 06:30:16 +0000 2024,0,â€ê kedua Selene dari Narsis Perfume dia tuh parfum yg menggambarkan cewe anggun sih menurutku. Pertama semprot tuh yg paling dominannya wangi bunga mawar seger gitu. Jadi cocok banget buat dipake pas nge-date Type parfum EAU DE PERFUME tahan 6-7 jam https://t.co/x9T3gRNrVv https://t.co/uvS72tTGP1,"1,81636E+18",,jeesweeties,in,,1,1,0,https://x.com/jeesweeties/status/1816360301442523260,"1,73896E+18",jeesweeties,https://pbs.twimg.com/media/GTUCD9EaYAA1fxd.jpg
"1,81635E+18",Thu Jul 25 06:02:49 +0000 2024,0,Wanginya ini enak banget fresh dan musky gitu paling suka sama dry down nya inii wangi vanilla gk bikin ngiung kepala Yg mau buat kadoin cowo kalian ini parfum cocok bgt dan looks nya mewah #BravenParfum #BravenIndonesia #BeBrave https://t.co/J483mEX6e4,"1,81635E+18",,keylaxppo,in,dilarang curi konten!,0,0,0,https://x.com/keylaxppo/status/1816353393922957405,"1,66631E+18",keylaxppo,https://pbs.twimg.com/media/GTT7xxPaYAIBFmU.jpg
"1,81634E+18",Thu Jul 25 05:07:33 +0000 2024,0,Gw paling benci tiap gw lewat divisi apa atau ruangan apa Parfum konter lonte ini kenceng bgt baunya. Tolong betina klo pke Parfum ngotak dikit. Wangi kga bikin orang klenger iye,"1,81634E+18",,,in,,0,0,0,https://x.com/rindari96517476/status/1816339484969226506,"1,57027E+18",rindari96517476,
"1,81581E+18",Tue Jul 23 18:01:10 +0000 2024,0,Pas magang&amp;kerja beli parfum zwitsal viral tapi karena makin banyak yang palsu random beli parfum ini. Bpom sih. Surprisingly parfum ini yang paling cocok tahan nyebar dan iconic. Sampe sekarang beberapa orang masih bilang wangi baby itu wangi cien. https://t.co/Pc6XASgKBr,"1,81581E+18",,anakangkatdipsy,in,,0,1,0,https://x.com/anakangkatdipsy/status/1815809395789545823,"1,72646E+18",anakangkatdipsy,https://pbs.twimg.com/media/GTMNBBlagAA_cQ6.jpg
"1,81577E+18",Tue Jul 23 15:38:19 +0000 2024,0,selamani tahu kewujudan EDP je. rupanya ada banyak lagi eh jenis dia. means yang paling wangi parfum la kan?,"1,81577E+18",,,in,she / her | 2*,0,0,0,https://x.com/diaryofsoffie/status/1815773446359707933,"1,31996E+18",diaryofsoffie,
"1,81562E+18",Tue Jul 23 05:10:03 +0000 2024,7,Totally worth the hype! I paling susah nak beli perfume online takut tak berkenan. Tapi sebab nampak brand Dinda Arya jual mini set rm29 i try la beli. Surprisingly wangi gila semua especially code candy bau manis sebijik bau perfume ariana grande. Tahan 8 jam sebab ni parfum. https://t.co/ijnwwiIAEj,"1,81562E+18",,,in,Malaysia,1,2,6,https://x.com/izaireenn_/status/1815615338375246050,"1,43265E+18",izaireenn_,https://pbs.twimg.com/media/GTJchZNbMAAePkn.jpg
"1,81533E+18",Mon Jul 22 10:26:22 +0000 2024,0,di jalan tu gua dag dig dug banget karna jujur dalam hati mungil ku yg paling dalam gua masi sedikit ada rasa tapi uda bodoamat. SUMPAH DIA WANGI BANGET ANJIR?!?;? EH LU KAGAK GANTI GANTI PARFUM DARI DUA TAHUN LALU KAH BRENGSEK????,"1,81533E+18",,hyonahuang,in,,0,1,0,https://x.com/hyonahuang/status/1815332554909823429,"1,60406E+18",hyonahuang,
"1,81521E+18",Mon Jul 22 02:33:49 +0000 2024,0,Minusnya sih paling: 1. Not for everyone apalagi yg penyuka wangi mevvah (vanilla amber) &amp; rada slowburn butuh waktu lebih lama u/ consider parfum ini enak 2. KENAPA DISCONTINUE HEY? â?êï¸è: 4.2/5,"1,81521E+18",,decal__comanie,in,,0,0,0,https://x.com/decal__comanie/status/1815213630809612702,"1,30161E+18",decal__comanie,
"1,81509E+18",Sun Jul 21 18:16:40 +0000 2024,0,Mau cari sampe keujung dunia juga Brand Collection yang paling cocok di wangi dan di kantong... #parfum #brand #collection #indonesia #brandcollection #newbrand #launch #murah #wangiwangi #wangimewah #wangimewahelegan #elegance #parfummewah https://t.co/DSaLlNflzS,"1,81509E+18",,,in,,0,0,0,https://x.com/BrandCollID/status/1815088521822245336,"1,78497E+18",BrandCollID,https://pbs.twimg.com/ext_tw_video_thumb/1815086369984970753/pu/img/BAIdOnkFiTCfVD-J.jpg
"1,81459E+18",Sun Jul 21 12:38:31 +0000 2024,0,@tanyakanrl sebal zzzzz paling kesel kalo wangi parfum diikutin gasuka plissss cari yang lain aja ak nyari wangi parfum yang cocok buat aku beli susah banget soalnya,"1,815E+18",,tanyakanrl,in,,0,0,0,https://x.com/fozxes/status/1815003423194181707,"1,4497E+18",fozxes,
"1,81467E+18",Sat Jul 20 14:44:06 +0000 2024,1,@ciayanghaechan Selama pake bbrp jenis parfum paling wangi saff n co SOTB :),"1,81467E+18",,ciayanghaechan,in,,0,0,0,https://x.com/dreamiesea/status/1814672639123681319,"1,46913E+18",dreamiesea,
"1,81453E+18",Sat Jul 20 05:29:02 +0000 2024,3,AKU MENANG GA PARFUM POPL GES! AKU AKAN MENJADI CEWEK PALING WANGI SE-JAKTIM https://t.co/dEJrvKJjja,"1,81453E+18",,,in,Jakarta Capital Region,0,4,0,https://x.com/curvbee/status/1814532949460852877,"1,32998E+18",curvbee,https://pbs.twimg.com/tweet_video_thumb/GS6EGKUbIAAT2fA.jpg
"1,81419E+18",Fri Jul 19 09:45:56 +0000 2024,0,@jihanicorn Parfum yg paling wangi apa?,"1,81424E+18",,jihanicorn,in,Semarang?Ÿ“ç,0,3,0,https://x.com/cookynava/status/1814235213460885811,"1,18424E+18",cookynava,
"1,81413E+18",Fri Jul 19 02:55:37 +0000 2024,0,yg paling gong lagi tuh SPL nya sih serius ini wanginya awet banget. aku pake di kamar aja kamarnya masih wangi bgt sampe bbrpa jam aku pake di baju malah bisa sampe 2 hari loh tp gak panas panasan ya ~~ jadi pengen coba parfum onix yg lain! https://t.co/QaVdedxAdA https://t.co/v9TrIJ42eB,"1,81413E+18",,mariayhuva,in,"Yogyakarta, Indonesia",0,1,0,https://x.com/mariayhuva/status/1814131955673579546,169782354,mariayhuva,https://pbs.twimg.com/media/GS0XZiDaUAAuh3F.jpg
"1,81384E+18",Thu Jul 18 17:50:17 +0000 2024,2,@convomf Paling suka varian yg yasmeen ini pertama kali suka bgt parfum wangi melati grgr ini Wanginya tuh enak &amp; manis aku biasanya nyebut parfum mbak kun wkwk Sayang bgt kenapa brasov gak ngeluarin versi gedenya ini cuma 35ml doang secuil,"1,81399E+18",,jaeminilo,in,,0,0,1,https://x.com/jaeminilo/status/1813994718730346934,2232330704,jaeminilo,
"1,81384E+18",Thu Jul 18 15:31:26 +0000 2024,18,@convomf Alt juga lagi sering pakai. Wanginya unik di awal ada aroma jasmine tea disusul wangi fruity tapi dry downnya sweet creamy. Banyak yg bilang kaya wangi thai tea Ini 4 parfum lokal wanginya paling awet yg ku punya https://t.co/cjNLedoxjs,"1,81396E+18",,convomf,in,,0,1,1,https://x.com/putrisilwii/status/1813959773991379398,"1,54412E+18",putrisilwii,https://pbs.twimg.com/media/GSx6yrMbUAA8FmV.jpg
"1,81396E+18",Thu Jul 18 15:19:51 +0000 2024,15,Aku tuh paling benci bau keringat Mau seganteng apapun klo pas ada d deketnya bau auto ilfil Mknya aku hobi bgt mandi bisa 3-4x sehari tiap mau tidur psti mandi pake deodorant Parfum?koleksi dunk coz aku suka wangi Dn trnyata yg bwt bau itu bakteri plus makanan yg msk perut Malam https://t.co/6rGa8G1Zkv,"1,81396E+18",,,in,di hatimu yank?Ÿ‘©â€çâù?ï¸èâ€ç?Ÿ‘¨?Ÿ’ç,0,1,5,https://x.com/AiraNtieReal/status/1813956859126235185,"1,428E+18",AiraNtieReal,https://pbs.twimg.com/ext_tw_video_thumb/1813956400529436672/pu/img/F9fQoy4t0pmlGy4v.jpg
"1,81392E+18",Thu Jul 18 12:36:35 +0000 2024,0,-- happy mail Hehe akhirnya unboxing parfum kesayangan aku Kenapa kamu wanginya enak banget dan yg paling aku sudah ini parfumnya tahan lama bngt! Dan salting bngt klo ada yg tanya mba parfumnya wangi bngt wanginya enak bngt WKWKWK https://t.co/cmEKkrcv2c,"1,81392E+18",,,in,SHINeeisBACK,1,1,0,https://x.com/ddoun_/status/1813915769857835402,628990924,ddoun_,https://pbs.twimg.com/media/GSxSxa9acAAYQhc.jpg
"1,81378E+18",Thu Jul 18 03:40:04 +0000 2024,0,Tukang parfum yang paling best soalnya wangi,"1,81378E+18",,,in,,1,0,0,https://x.com/liamvanni/status/1813780750816497877,1435151498,liamvanni,
"1,81371E+18",Wed Jul 17 23:18:18 +0000 2024,7,[TRANS] : apa wangi parfum ahyeon yang paling disuka? : aku biasanya jarang pake parfum tapi kalo semprotin sedikit parfum wangi musk menurutku moodnya jadi bagus.. aromanya buat kamu noleh ke belakang pas lewat? #BABYMONSTER #ë? ìù´ë?„ëª¬ì??í„° https://t.co/NcLNkHNv3f,"1,81371E+18",,,in,TRANSLATE = INA,0,0,1,https://x.com/BAEVERSE_ID/status/1813714877594411130,"1,65638E+18",BAEVERSE_ID,https://pbs.twimg.com/media/GSucEaFacAAAjj0.jpg
"1,81364E+18",Wed Jul 17 18:14:05 +0000 2024,0,7 Rekomendasi Parfum Laundry Paling Wangi dan Harganya https://t.co/NiM9NbME8s,"1,81364E+18",,,in,Indonesia,0,0,1,https://x.com/Popbela_com/status/1813638317071867934,1079628559,Popbela_com,
"1,81341E+18",Wed Jul 17 02:59:23 +0000 2024,0,Parfum ini bener2 fresh banget Diawali aroma strawberry dan apple yang manis seger! kemudian ada wangi bunga2 kayak jasmine dan rose yang makin elegan. Nah paling juara itu base notes-nya ada raspberry musk sama sandalwood yang bikin wanginya ada kesan seksi dan soft gituu. https://t.co/L63B6uxnP7,"1,81341E+18",,luvvlexyana,in,"Kota Padang, Sumatera Barat",0,1,0,https://x.com/luvvlexyana/status/1813408127972479007,1386770551,luvvlexyana,https://pbs.twimg.com/media/GSqFEghbYAAtcx1.jpg
"1,81317E+18",Tue Jul 16 10:57:02 +0000 2024,0,Ini wangi paling netral karena aku gak suka parfum yang temen aku pake (biasanya bau bunga buah bahkan strong gitu),"1,81317E+18",,moqchies,in,b,0,0,0,https://x.com/moqchies/status/1813165943260127480,"1,81102E+18",moqchies,
"1,81287E+18",Mon Jul 15 15:26:58 +0000 2024,0,@adorkablejoon ih baru liat tweetnya ko bisa ga wangi sii menurutmu? aku downy paling suka yg ungu malah meskipun skrng ga pake itu lgi tp ungunya tuh yg parfum collection (bkn ungu biasa yg muda),"1,81287E+18",,adorkablejoon,in,my acc my rules.,0,1,0,https://x.com/kookiiemiilk/status/1812871487201906910,"8,57912E+17",kookiiemiilk,
"1,81249E+18",Mon Jul 15 07:14:24 +0000 2024,0,@padangmenfess Vanila ice parfumnya Budiman paling wangiii paling nyaman kalau udah make parfum ini langsung ngerasa wangi sedunia dan walaupun murah tapi ini yang gak bikin bersin2,"1,81275E+18",,padangmenfess,in,,0,0,0,https://x.com/martabackacang/status/1812747527676178472,"1,28475E+18",martabackacang,
"1,8127E+18",Mon Jul 15 03:46:06 +0000 2024,1,Rekomendasi parfum wangi segar manis buah dan bunga. Tahan lama dan pastinya keliatan mewah tapi harga terjangkau Aku selalu beli dan pake sendiri Beli disini yah yang ori dan paling murah https://t.co/GRBleAEKUa https://t.co/RJYCJQET33,"1,8127E+18",,,in,,0,0,1,https://x.com/bieches1/status/1812695108539809808,"1,2419E+18",bieches1,https://pbs.twimg.com/ext_tw_video_thumb/1812695087144370176/pu/img/nol47vhBF-ngZUO2.jpg
"1,8102E+18",Mon Jul 08 06:48:45 +0000 2024,0,Yg pertama ini onix mexicola paling favorit yg aku suka dan sampe di notice juga sama teman aku karena wangi parfum yg katanya enak! https://t.co/MPmMyVsHOZ,"1,8102E+18",,Riska17,in,,0,1,0,https://x.com/Riska17/status/1810204358623236193,311821851,Riska17,https://pbs.twimg.com/media/GR8jPKDboAEGtkA.jpg
"1,81013E+18",Mon Jul 08 02:50:46 +0000 2024,0,@eintice di kulit paling setengah hari tapi di baju awet bgt aku semprot dibaju pagi seharian dipake pulangnya masih wangi parfum bgt,"1,81014E+18",,liiuxiao,in,jura-tempest federation ,0,1,0,https://x.com/evangelilim/status/1810144466352975912,"1,59681E+18",evangelilim,
"1,80993E+18",Sun Jul 07 12:32:36 +0000 2024,1,emng ni parfum wangi bgttt ak dah repurchase entah brp kali sampe botolny bekasny bnyak paling suka yg varian nagita slavina aslii seenak ituuu ,"1,80993E+18",,,in,,0,0,0,https://x.com/ullgan_/status/1809928501560295565,"1,74789E+18",ullgan_,
"1,8099E+18",Sun Jul 07 10:58:36 +0000 2024,236,MY TOP 3 PARFUM TEH MELATI â€?ï¸è aku punya beberapa parfum wangi teh melati tapi menurutku 3 ini yg wanginya paling enak mass pleasing dan blind buy friendly! aku review semua di bawah yaa https://t.co/gNddmucXiw,"1,8099E+18",,,in,dm for inq ?Ÿ’Œ,2,36,118,https://x.com/favobites/status/1809904846310649939,2277362636,favobites,https://pbs.twimg.com/media/GR4S1_2aUAA_Y1k.jpg
"1,80977E+18",Sun Jul 07 09:50:15 +0000 2024,0,@confessyu paling susah lupa tuh wangi parfum,"1,80989E+18",,confessyu,in,Indonesia,0,0,0,https://x.com/anotherherirl/status/1809887647487431122,"1,07536E+18",anotherherirl,
"1,80977E+18",Sun Jul 07 06:40:13 +0000 2024,0,@confessyu Wangi parfum; relapse yg paling gue ga suka tapi paling gue kangen. sampe ini gue msh ingat samar2 bau parfum hndr.,"1,80984E+18",,confessyu,in,,0,0,0,https://x.com/hisslavegurl/status/1809839822162575618,"1,80624E+18",hisslavegurl,
"1,80937E+18",Fri Jul 05 23:36:35 +0000 2024,0,Ini Cara Agar Wangi Parfum Tetap Tahan Lama Semprot ke Bagian Paling Hangat: Menyemprotkan parfum bagi sebagian orang biasanya dilakukan ke seluruh tubuh sebelum bepergian. https://t.co/Wm1mm3IsyZ,"1,80937E+18",,,in,"Kalimantan Timur, Indonesia",0,0,0,https://x.com/KaltimBerita/status/1809370824773890357,1536217758,KaltimBerita,
"1,80915E+18",Fri Jul 05 11:28:54 +0000 2024,9,@ohmy_beautybank Sering dinotice wangi tiap pakai parfum lokal ini. Wanginya semerbak dan tahan lama. Dipakai motoran ga ilang Terutama Saff n co krn extrait wanginya paling tahan lama. Berhari hari masih semerbak dan nempel di baju Onix hmns alt EDP ketiga parfum ini ketahanannya juara https://t.co/EIFBzKi5xt,"1,80919E+18",,ohmy_beautybank,in,,0,0,0,https://x.com/putrisilwii/status/1809187694230344182,"1,54412E+18",putrisilwii,https://pbs.twimg.com/media/GRuGnKsbIAAgcmI.jpg
"1,80879E+18",Thu Jul 04 12:32:40 +0000 2024,0,Soal pertama Pilih 1 parfum yang paling wangi sampai menembus awan? Sampai jam 19.38 https://t.co/5GHG6IKXop,"1,80884E+18",,isaleje,in,2002 ,0,13,0,https://x.com/isaleje/status/1808841356879802716,"7,91683E+17",isaleje,https://pbs.twimg.com/media/GRpLoLSbMAIdMdo.jpg
"1,80849E+18",Wed Jul 03 12:59:06 +0000 2024,1,Pantesan maeng paling wangi.. Ternyata kolektor parfum...,"1,80849E+18",,,in,"Balikpapan, Kalimantan Timur",0,0,0,https://x.com/Aldi_Fahrezaa/status/1808485621901722080,256522401,Aldi_Fahrezaa,
"1,8084E+18",Wed Jul 03 09:08:46 +0000 2024,0,mesti driver paling wangi aku kan pak . ya walupun driver lapangan ya harus wangi to pak mosok dodol parfum kecut ,"1,80843E+18",,piuskristiawan,in,"Semarang, Jawa Tengah",0,0,0,https://x.com/piuskristiawan/status/1808427652862324807,609701736,piuskristiawan,
"1,80841E+18",Wed Jul 03 08:47:52 +0000 2024,0,@tanyakanrl Wangi!!! Kadang bodo amat muka cuma pake sunscreen sama baju apa aja yang keambil yang jelas parfum + body lotion + deodoran nomer satu. Paling takut kalo bau badan :((,"1,80842E+18",,tanyakanrl,in,,0,0,0,https://x.com/Leejiun13/status/1808422393599213997,"1,39137E+18",Leejiun13,
"1,80797E+18",Tue Jul 02 02:36:17 +0000 2024,1,ini parfum dari ONIX yg varian mexicola. sumpah pertama kali sniff ini wanginya enak bgt sopan di hidung lama2 jga wanginya makin unik gitu. dia wanginya sweet tp ada hint seger floral dan fruitynya. wangi vanilla sama coconutnya paling dominan disini. https://t.co/YvGrDN5CW2,"1,80797E+18",,moonlightmoney_,in,"Bekasi, Jawa Barat",0,1,0,https://x.com/moonlightmoney_/status/1807966493428404585,"1,76399E+18",moonlightmoney_,https://pbs.twimg.com/media/GRcv8Aub0AAonW7.jpg
"1,8074E+18",Sun Jun 30 13:24:18 +0000 2024,0,Yang paling aku suka adalah wangi pas dry down nya mulai ada wangi musky nya. Bikin tambah fresh tapi masih tetep manis Sesuai namanya 'flirt' menurutku parfum ini emang sedikit sensual ya. Kesannya auto jadi cewe sexy tapi tetep cute kalau pakai parfum ini ,"1,8074E+18",,hopibeauty,in,,0,1,0,https://x.com/hopibeauty/status/1807404799144636918,"1,34234E+18",hopibeauty,
"1,80732E+18",Sun Jun 30 07:39:43 +0000 2024,0,8 Parfum Indomaret Nih Gais! Paling Banyak di Cari dengan Wangi yang Membandel... https://t.co/j4rhWIElxM,"1,80732E+18",,yudhaipx,in,Indonesia,0,1,0,https://x.com/yudhaipx/status/1807318082161111053,"1,56967E+18",yudhaipx,
"1,80698E+18",Sat Jun 29 15:12:57 +0000 2024,0,@MinisoIndonesia Kalau nyari parfum wangi di Miniso ini juaranya. Serius deh ini parfum paling enakk poll syegerrrr awet wangi pulaaa tau gaa?? Parfum ini tuu bener-bener bikin betah seharian loh #ParfumMiniso https://t.co/gacz0pneKN,"1,80707E+18",,MinisoIndonesia,in,JAKARTA,0,0,0,https://x.com/rysnaryuga/status/1807069750973071495,"9,01995E+17",rysnaryuga,https://pbs.twimg.com/media/GRQAW9DasAAoK4m.jpg
"1,80702E+18",Sat Jun 29 12:13:37 +0000 2024,0,Paling suka kalo udah masuk waktu sholat dan tetanggaku lewat mau ke masjid sambil menyebarkan parfum wangi bunga melatinya itu yang semerbak.,"1,80702E+18",,,in,FUB FREE.,0,2,0,https://x.com/seuyghan/status/1807024621687861372,"1,32326E+18",seuyghan,
"1,80652E+18",Fri Jun 28 02:51:46 +0000 2024,1,Lagi heartwave gini emang paling bener pakai parfum yang wanginya Fresh kayak Ganzi X varian Clingy ini nih Wanginya Floral Woody perpaduan wangi Lemon Grapefruit dan Pink pepper waktu awal semprot. Dipertengahan mulai kecium aroma floral dari bunga mawar dan jasmine https://t.co/sp2gTxdntt,"1,80652E+18",,niacinnanad,in,?Ÿ’Œ DM for any inquiries! ,0,1,0,https://x.com/niacinnanad/status/1806520841083187541,"1,41271E+18",niacinnanad,https://pbs.twimg.com/media/GRINIUhbIAACPoh.jpg
"1,80651E+18",Fri Jun 28 02:24:52 +0000 2024,3,tiap minggu dikirimi seller parfum. Paling suka yang ini. Wangi bgt cola crush https://t.co/BxVocbxiGW,"1,80651E+18",,,in,,0,1,0,https://x.com/ailoveyoukat/status/1806514070524485994,"1,34099E+18",ailoveyoukat,https://pbs.twimg.com/media/GRIG9ExbMAAuQfB.jpg
"1,80631E+18",Thu Jun 27 13:36:53 +0000 2024,0,@todayiscara tim yg gak bisa setia ama satu parfum apalagi milih tipe wangi ganti trus pucelle &amp; vitalis sih paling sering repurchase tapi paling bulan depan ganti lagi ,"1,80632E+18",,todayiscara,in,Taehyung's,0,1,0,https://x.com/lattematchary/status/1806320803212071230,"1,28476E+18",lattematchary,
"1,80629E+18",Thu Jun 27 11:41:25 +0000 2024,0,Parfum Pria Grey Thailand Original Wangi Tahan Lama eau de Link Produk : https://t.co/KMkk0X32x1 Link Produk : https://t.co/tjYSoobdxS https://t.co/AMwu75dN9I,"1,80629E+18",,sipalingrekomm,in,Jakarta,0,0,0,https://x.com/sipalingrekomm/status/1806291744579043583,"1,59619E+18",sipalingrekomm,https://pbs.twimg.com/media/GRE8woyaYAASqpf.jpg
"1,80627E+18",Thu Jun 27 10:39:41 +0000 2024,0,@BanyuSadewa dari semua varian parfum HMNS EON ini yg paling sering di notice orang2 wangi bgt sih ,"1,80628E+18",,BanyuSadewa,in,unknown,0,1,0,https://x.com/Rwlndri/status/1806276208805470397,225664155,Rwlndri,
"1,80614E+18",Thu Jun 27 01:45:17 +0000 2024,118,Sebelum sebelum ni ingatkan edt edp dan parfum tu sama je tau sebab bagi i semua tu tetap minyak wangi?! Lepastu perasanlah juga harganya lain lain dan selalunya parfum ni harga dia lah yang paling + agak mahal. Rupanya sebab % oil concentration parfum tinggi tu mahal,"1,80614E+18",,,in,Ship All Over Malaysia?Ÿ‡??Ÿ‡?,1,1,136,https://x.com/Haneyy__/status/1806141720197050722,990440821,Haneyy__,
"1,80591E+18",Wed Jun 26 10:33:38 +0000 2024,0,dr. thea full sebulan ngerawat gue. setiap ada parfum yg mirip sm wangi dr. thea gue lgsg keinget dia. dan gue jg selalu inget gue yg selalu minta peluk dr. thea. pokonya dimata gue dia cantik bgt baik bgt dan yg paling gue inget wanginya,"1,80591E+18",,noname12345abcd,in,,0,1,0,https://x.com/noname12345abcd/status/1805912297636016551,"1,70055E+18",noname12345abcd,
"1,80562E+18",Tue Jun 25 15:56:24 +0000 2024,1,@luvdduuil suliiidddd jadi kek remaja labil benerrr bgtt tempelin anak2 pinter nan rajin ituu meskipun jatuhnya kita yg paling ngang ngong ya tapi kita bakal wangi kalo temenan sama orang jual parfum tapiii bakal beda cerita kalo pribadinya insecure-an ,"1,80563E+18",,luvdduuil,in,,0,1,0,https://x.com/naneunyuyu/status/1805631136976322591,"1,26764E+18",naneunyuyu,
"1,80556E+18",Tue Jun 25 11:09:34 +0000 2024,4,Yang kupakai sehari2 tuh yg biru soalnya ngasih sensasi dingin yg nyaman buat siang2 Kl wangi paling suka yg item sih tp namanya deodoran wanginya nggak semerbak kek parfum Yeah segitu dulu review random hari ini wkwk semoga bermanfaat~ #FreshUnderPressure #JalanYangKupilih https://t.co/4LLqDTc2YB,"1,80556E+18",,ahnafau,in,Bandung-Jakarta,1,1,0,https://x.com/ahnafau/status/1805558951322567167,"1,25011E+18",ahnafau,https://pbs.twimg.com/media/GQ6iSFdb0AAYG0X.jpg
"1,80528E+18",Mon Jun 24 16:44:34 +0000 2024,0,eh bagus lah. cowok tuh emang paling bagus rawat diri entah pake skincare ( bagus banget ) parfum dan deodorant. nyatanya cewek suka cowok bersih wangi loh...,"1,80528E+18",,,in,Alenâ™¡ã€‚ ,0,0,0,https://x.com/kamisatosunday/status/1805280869621678298,"7,2161E+17",kamisatosunday,
"1,80526E+18",Mon Jun 24 15:09:08 +0000 2024,0,tadi lagi jam istirahat gua istirahat di loker dia dateng gua ngumpet belakang pintu wkwk : ngapain ngumpet disitu wangi lu udah ke cium ay WKWKWKWK si paling apal parfum gua,"1,80526E+18",,,in,?Ÿ?Å?Ÿê¶,0,1,0,https://x.com/wufffxuxi/status/1805256853271773200,"1,08038E+18",wufffxuxi,
"1,80491E+18",Sun Jun 23 16:20:06 +0000 2024,0,parfum @mickeychuu kamu masih paling iconic karena wangi milkita melon,"1,80491E+18",,,in,,0,0,0,https://x.com/tinydinosol/status/1804912324886794266,"1,37476E+18",tinydinosol,
"1,80489E+18",Sun Jun 23 15:05:45 +0000 2024,0,@vlnrnd aku paling suka wangi parfum ibu km ren love it,"1,80489E+18",,vlnrnd,in,,0,1,0,https://x.com/stopnyabu/status/1804893613270409357,1253984678,stopnyabu,
"1,8045E+18",Sat Jun 22 12:57:44 +0000 2024,1,@nonjavenue aku juga paling suka kalo org compliments tentang parfum berasa paling wangi sedunia HAHAH,"1,8045E+18",,nonjavenue,in,?Ÿ“– 4/50,0,1,0,https://x.com/rosesofleur/status/1804499008053760473,"1,75595E+18",rosesofleur,
"1,80444E+18",Sat Jun 22 09:07:31 +0000 2024,130,siapa yang setuju onix mexicola itu punya wangi yang khas bgt?! dibuka tutup botolnya aja tuh udah bisa kecium. waktu itu juga pas di kkv trus sniff sniff parfum dia ini yang paling ngebekas di tangan dan auto bikin keinget sama wanginya #Boostyourday https://t.co/sBTSOzThKN,"1,80444E+18",,,in,dm for any inquiries,2,5,109,https://x.com/cavzil/status/1804441074028691484,"9,25378E+17",cavzil,https://pbs.twimg.com/media/GQqpllWasAA2vP_.jpg
"1,80435E+18",Sat Jun 22 03:24:20 +0000 2024,0,10 Parfum Wangi Paling Enak Sepanjang 2024! Best Seller dan Populer Pastinya Rugi Dong Kalo Belum Coba... https://t.co/lCKb47K29z,"1,80435E+18",,yudhaipx,in,Indonesia,0,1,0,https://x.com/yudhaipx/status/1804354707349213534,"1,56967E+18",yudhaipx,
"1,80435E+18",Sat Jun 22 03:20:39 +0000 2024,0,6 Parfum untuk Cowok Paling Wangi yang Bikin Cewek Cantik Ngelirik Serasa Paling Ganteng Pakai Ini Masbro https://t.co/JvKP0WLjC2,"1,80435E+18",,yudhaipx,in,Indonesia,0,1,0,https://x.com/yudhaipx/status/1804353783130132824,"1,56967E+18",yudhaipx,
"1,80118E+18",Thu Jun 13 09:54:37 +0000 2024,0, Kenapa awal awal tu baunya kuat ya? Minyak wangi jenis parfum ni mengandungi kira-kira 15 hingga 40% concentrated perfume oil menjadikannya sebagai yang paling tinggi dalam semua jenis minyak wangi. Mostly parfum ni harga dia mahal tau tapi ,"1,80119E+18",,DindaAryaHQ,in,,0,1,0,https://x.com/DindaAryaHQ/status/1801191436668346449,"1,41879E+18",DindaAryaHQ,
"1,80119E+18",Thu Jun 13 09:49:08 +0000 2024,0,@beautales_ Paling suka sama parfum yg wangi bunga gini,"1,80119E+18",,beautales_,in,,0,0,0,https://x.com/Riska17/status/1801190056285360476,311821851,Riska17,
"1,80091E+18",Wed Jun 12 15:31:11 +0000 2024,0,Cek Xalanders Parfume Baccarat Rouge 450 Eau De Parfum 30ml - Parfum Le Labo inspired by DIOR | Minyak wangi Tahan Lama 24 jam kualitas premium paling laris ViralEDP Parfum dengan Aroma Wangi Mewah dengan harga Rp29.900. Dapatkan di Shopee sekarang! https://t.co/KcBPtWuB3D https://t.co/zojpi3jNfI,"1,80091E+18",,,in,indonesia,0,0,0,https://x.com/djono50080213/status/1800913747533611497,"1,03642E+18",djono50080213,https://pbs.twimg.com/media/GP4hgZEbgAAUVTb.jpg
"1,80063E+18",Tue Jun 11 21:01:37 +0000 2024,0,aku heran sama cewe yg udah pergi tapi parfumnya masih wangi bahkan bikin wangi satu ruangan kek?? lu pake parfum apa bjir pake parfum brand apa biar bisa sewangi itu aku pake parfum juga paling kecium sama diri sendiri dan cuman nempel di baju aku juga pengen sewangi itu-,"1,80063E+18",,,in,el sayang ndun,0,4,0,https://x.com/terrlucusedunia/status/1800634514764697920,"1,67769E+18",terrlucusedunia,
"1,80045E+18",Tue Jun 11 08:39:49 +0000 2024,20,sebagai pecinta wangi kunti core hint melati di parfum ini tuh paling soft yg pernah aku sniff!! imo ini parfum WANGI YG CANTIK BGT &lt;3 wanginya ga giung darderdor spek nuklir. PLIS WAJIB NOTICE BRAND LOKAL INII NAMANYA MOEN PERFUME https://t.co/TSDfxKf2Rh,"1,80045E+18",,favobites,in,dm for inq ?Ÿ’Œ,0,1,2,https://x.com/favobites/status/1800447834145321325,2277362636,favobites,
"1,80039E+18",Tue Jun 11 04:36:35 +0000 2024,0,kangen yang paling sedih itu ketika lu keinget seseorang karena lewat wangi parfum yang bikin lu keinget orang tersebut,"1,80039E+18",,,in,Brawijaya University,0,3,0,https://x.com/Edgaronggg/status/1800386623676531000,"9,90476E+17",Edgaronggg,
"1,80039E+18",Tue Jun 11 04:36:27 +0000 2024,0,kangen yang paling sedih itu ketika lu keinget seseorang karena lewat wangi parfum yang bikin lu keinget orang tersebut,"1,80039E+18",,,in,,0,2,0,https://x.com/fl1ptzy/status/1800386592605110297,"1,63893E+18",fl1ptzy,
"1,80033E+18",Tue Jun 11 01:10:42 +0000 2024,0,selain wangi parfum dan wangi bayi wangi Apalgi yang paling kamu suka ?,"1,80033E+18",,,in,âœù ,2,38,1,https://x.com/veautiful_taet/status/1800334814312374333,"1,73263E+18",veautiful_taet,
"1,79999E+18",Mon Jun 10 02:00:51 +0000 2024,1,pernah kan baca filosofi beda parfum beda kepribadian? beda orang beda wangi ciri khasnya? nahh ada wangi wangi tersendiri yg udah jadi 'signature scent' kita. aku biasanya paling suka wangi yg dominan manis nah alter ego ku nih cewek yg ceria gak bisa diem! https://t.co/k8kVMxccxH,"1,79999E+18",,lopiedopiee,in,w'r u?,0,1,0,https://x.com/lopiedopiee/status/1799985043315835305,"1,29382E+18",lopiedopiee,https://pbs.twimg.com/media/GPrU2oNbMAAyEDg.jpg
"1,79993E+18",Sun Jun 09 22:12:21 +0000 2024,0,Cek Parfum kualitas premium vanilla cake paling wangi edp 35 ml dengan harga Rp12.950. Dapatkan di Shopee sekarang! https://t.co/SvlBpWVWDN https://t.co/Lu1ypECVhK,"1,79993E+18",,,in,,0,0,0,https://x.com/Indrakhal_e2l/status/1799927540389392413,"1,76591E+18",Indrakhal_e2l,https://pbs.twimg.com/media/GPqgjwqbkAAavje.jpg
"1,79971E+18",Sun Jun 09 14:56:03 +0000 2024,8,@windbrefess Tsubaki Suo Kiryu top 3 paling wangi. Mereka punya grup tukeran sample parfum. Sisanya bau matahari nder.,"1,79982E+18",,windbrefess,in,,0,0,0,https://x.com/iwriteonce/status/1799817744634003800,"1,73959E+18",iwriteonce,
"1,79973E+18",Sun Jun 09 10:08:13 +0000 2024,0,@geoffreyrald cowok bersih ofc. wangi tapi dekil buat apa. kalo masalah parfum aki bisa beliin yang paling mahal hmzzzz,"1,79975E+18",,mussik,in,infp,0,0,0,https://x.com/sweetberriessie/status/1799745305661133218,"1,79965E+18",sweetberriessie,
"1,73782E+18",Sat Jun 08 12:09:34 +0000 2024,0,Beli ini karena keracunan base dan kebetulan aku suka wangi yang fresh. Tapi ini bukan parfum tipeku. Baunya bikin kepalaku sedikit pusing apalagi dipake pas siang. Wangi amber sama cool marine nya menurutku paling menonjol. 6/10 https://t.co/cWcxiMR9FX,"1,79941E+18",,hopemyu_,in,,0,1,0,https://x.com/hopemyu_/status/1799413458099978401,"1,22705E+18",hopemyu_,https://pbs.twimg.com/media/GPjM_vLaEAAIGtV.jpg
"1,7994E+18",Sat Jun 08 11:23:08 +0000 2024,0,wanginya dia itu khas banget. walaupun parfum dia selalu dipake di semua bajunya tapi yang paling aku inget dan terekam adalah wangi parfum dia + hoodie biru mudanya TUH COMBO YANG SANGAT MANTAP!,"1,7994E+18",,,in,,0,1,0,https://x.com/blushnbite/status/1799401774119629032,"1,43253E+18",blushnbite,
"1,79874E+18",Thu Jun 06 15:23:25 +0000 2024,4,Paling suka gw kalo parfum ada wangi woodnya ,"1,79874E+18",,,in,Jakarta Capital Region,0,0,0,https://x.com/ArgentianaA/status/1798737466658300215,"1,13303E+18",ArgentianaA,
"1,79869E+18",Thu Jun 06 12:33:00 +0000 2024,0,@ohmybeautybank Parfum onix paling awet banget. Ini wangi coconut manis nder. https://t.co/LTRS0PNuuC,"1,79869E+18",,ohmybeautybank,in,,0,1,0,https://x.com/rianarsk/status/1798694579245629942,"1,547E+18",rianarsk,
"1,79869E+18",Thu Jun 06 12:25:34 +0000 2024,15,@ohmybeautybank Top 4 parfum favoritku semuanya awet semerbak dan wanginya ketinggalan. Tipe parfum yg selalu dinotice Saff n co SOTB paling awet wangi sweet floral agak warm gitu enak poll Onix FWB &amp; hmns O wangi sweet fruity FWB lebih seger dan awet Alt wangi teh kaya thai tea https://t.co/AkASma7ufU,"1,79869E+18",,ohmybeautybank,in,,0,0,5,https://x.com/putrisilwii/status/1798692709093593531,"1,54412E+18",putrisilwii,https://pbs.twimg.com/media/GPY9e3kbcAAYRfL.jpg
"1,79865E+18",Thu Jun 06 09:43:19 +0000 2024,0,Kalau Hint Fabric tuh emang yang paling keren kain bisa dijadikan wangi parfum Kalau mau cek disini produknya https://t.co/qUii5WornT https://t.co/hOJmXSC0ea,"1,79865E+18",,,in,Indonesia,0,0,0,https://x.com/nvmericx/status/1798651876420022607,3016992783,nvmericx,https://pbs.twimg.com/ext_tw_video_thumb/1798651798993137664/pu/img/FE0FH08KO8uYLiAJ.jpg
"1,7985E+18",Wed Jun 05 23:30:00 +0000 2024,28,Kepoin wangi-wangian Team SeaBank cuss~ Hmmm... gimana ya cara Team SeaBank deksripsiin parfum mereka? Yuk tonton videonya sampai habis siapa tau kamu tergiur beli parfum yang sama Menurut kamu siapa yang paling rapih dan unik? Yuk REPLY! https://t.co/3xCAX7Zq80,"1,7985E+18",,,in,,1,10,8,https://x.com/SeaBankID/status/1798497531003036040,"1,38433E+18",SeaBankID,https://pbs.twimg.com/ext_tw_video_thumb/1798272532153602048/pu/img/qu02qict8q1F9UKa.jpg
"1,79827E+18",Wed Jun 05 08:40:12 +0000 2024,0,dia tetap punya tempatnya dia tetap jadi bunga paling indah dan parfum paling wangi se kabupaten itu sa. Liat dia masih bisa bikin senyum tapi kali ini ditambah rasa sakit dikit sa,"1,79827E+18",,tsaasabila,in,,0,0,0,https://x.com/tsaasabila/status/1798273604993647025,"1,50979E+18",tsaasabila,
"1,79823E+18",Wed Jun 05 05:59:57 +0000 2024,0,di siang yang terik dan otakku yang hanya berfungsi dua puluh persen ini ada salah satu orang di kereta yang pake parfum melati wangi banget dan kecium walau di gerbong paling ujung ,"1,79823E+18",,,in,Malang - Tulungagung,0,0,0,https://x.com/dhwlarasati/status/1798233277322743930,100965235,dhwlarasati,
"1,79819E+18",Wed Jun 05 03:24:29 +0000 2024,4, parfum saff n co yg mnrut kalian paling wangi tu yang mana ya? aku gasuka yg terlalu bold gitu lebih ke manis gitu boleh rekomen ga yg mana? tia!,"1,79819E+18",,,in,Indonesia,0,7,0,https://x.com/tanyarlfes/status/1798194154171965879,1371650588,tanyarlfes,
"1,79791E+18",Tue Jun 04 08:29:02 +0000 2024,3,dari 2 parfum ini paling suka yg loss of innocence wanginya tipeku bgt dan sering dapet compliment dari orang2 meskipun wangi keduanya sama2 awet aku ngerasa kalo yg loss of innocence sedikit lebih awet dan wanginya nempel bgttt ke kulit sama baju https://t.co/TNUVOhDHFL,"1,79791E+18",,senshineey,in,,0,0,0,https://x.com/senshineey/status/1797908408672440732,"1,12072E+18",senshineey,https://pbs.twimg.com/media/GPN0KFyawAA2GJH.jpg
"1,79787E+18",Tue Jun 04 06:14:44 +0000 2024,0,Dua (2) pengalaman paling random saat menyaksikan pelamar kerja berusaha kreatif dan extra mile. ï¸èKirim CV pakai kertas pink. Pas aku keluarin dari amplop coklat kertasnya wangi parfum Apakah aku panggil wawancara? Tidak karena sayangnya kualifikasi nya tidak match.,"1,79787E+18",,,in,Join RemoteReady Community?Ÿ‘‡?Ÿè?,0,0,0,https://x.com/learn_withFarah/status/1797874608252789035,16529960,learn_withFarah,
"1,79759E+18",Mon Jun 03 11:38:45 +0000 2024,0,Paling suka dan salting kalau dibilang wangi pas pake parfum unrosed ,"1,79759E+18",,,in,Indonesia,0,0,0,https://x.com/missjuwita/status/1797593761587036232,221667735,missjuwita,
"1,79751E+18",Mon Jun 03 06:15:04 +0000 2024,1,jb wts want to sell! parfum the body tale yang paling banyak dicari hojicha latte! cocok buat kamu pecinta wangi gourmand like new cuma 130k aja. tunggu apa lagi? minat tanya-tanya sungg ke @palmatcharen yaa https://t.co/V5fJ370nhh,"1,79751E+18",,,in,,0,0,0,https://x.com/JUALAN_AUTOBASE/status/1797512306198548504,354882092,JUALAN_AUTOBASE,https://pbs.twimg.com/media/GPIL4bWaQAAqmP3.jpg
"1,79747E+18",Mon Jun 03 05:35:25 +0000 2024,0,@Jung_Jawa @id_lgk Gw banget nih. Klo nyetadion akan pake parfum yg paling wangi dan tahan lama. Krn ya itu alasannya meminimalisir bau rokok dan keringet. Dan gw jg suka bgt jajanÂ? klo lg nyetadion hahaha...kayanya emng fitrahnya cewe deh suka jajanÂ? gni..,"1,7975E+18",,Jung_Jawa,in,,0,1,0,https://x.com/pokonyaaaang/status/1797502329169854466,1026131826,pokonyaaaang,
"1,79694E+18",Sat Jun 01 16:18:42 +0000 2024,0,Pada akhirnya parfum gue balik lg ke Lanvin wkwk emang udah paling bnr pake summer perfume ga bisa wangi ala2 mba2 strong independent woman. Tp kalo orang lain yg pake enaaak gitu. Gue nyoba sendiri langsung puyeng,"1,79694E+18",,,in,London,0,0,0,https://x.com/sweet_potattoo/status/1796939439744463102,70673383,sweet_potattoo,
"1,79526E+18",Sat Jun 01 00:47:33 +0000 2024,0,@seniorpelangi Samaan gw juga paling lemah klo ama kuli yg kulitnya sawo matang lengan berurat palagi aroma badannya wangi parfum murahan campur keringat &amp; asap rokok beuhh langsung bikin sang* ,"1,79671E+18",,ichandmohamad_,in,,0,0,0,https://x.com/parangjati1991/status/1796705107767398403,180124984,parangjati1991,
"1,79644E+18",Fri May 31 07:56:59 +0000 2024,0,@iHugGoEunhyuk Ikr dompetku menangiiss... mana yg paling aku mau itu parfum tp 50ml 300K lebih njir kek mana lah wangi nya,"1,79645E+18",,iHugLeeHamin,in,,0,0,0,https://x.com/trixxieazh/status/1796450788728070371,"1,61716E+18",trixxieazh,
"1,79641E+18",Fri May 31 05:10:04 +0000 2024,0,jb wts want to sell! parfum the body tale yang paling banyak dicari hojicha latte! cocok buat kamu pecinta wangi gourmand like new cuma 130k aja. tunggu apa lagi? minat tanya-tanya sungg ke @palmatcharen yaa https://t.co/BdCMfnfHAv,"1,79641E+18",,,in,,0,0,0,https://x.com/JUALAN_AUTOBASE/status/1796408782643454391,354882092,JUALAN_AUTOBASE,https://pbs.twimg.com/media/GO4fekhaAAAo2gL.jpg
"1,79639E+18",Fri May 31 04:02:28 +0000 2024,95,Orang gila mana yg beneran penasaran sama wangi parfum fwb nya onix BelaÂ?in sniff di KKV cuma pengen tahu ternyata wanginya beneran enak pantes fwb jadi yg paling best seller. #Boostyourday From this to this. https://t.co/B2Rgrqlsbf,"1,79639E+18",,,in,,2,48,79,https://x.com/Riska17/status/1796391772773642629,311821851,Riska17,https://pbs.twimg.com/media/GO4Qy8wbwAAY12k.jpg
"1,79605E+18",Thu May 30 05:06:23 +0000 2024,0,dejavu paling candu tapi menyakitkan Wangi Parfum dan Lagu ,"1,79605E+18",,,in,"Sulawesi Tengah, Indonesia",0,0,0,https://x.com/EurikaSharon/status/1796045471091237096,"1,11578E+18",EurikaSharon,
"1,79431E+18",Sat May 25 10:12:30 +0000 2024,0,@ohmybeautybank Heuraaâ€?ï¸è Wangi dan awet banget aku sekarang udah punya botol keenam dan yg paling aku suka tuh yg scandal ï¸è sering di notice kalau pake parfum inii https://t.co/utPxHk5Ynh,"1,79431E+18",,ohmybeautybank,in,,0,0,0,https://x.com/hourcruxz/status/1794310568687575044,"1,56422E+18",hourcruxz,
"1,79428E+18",Sat May 25 08:24:57 +0000 2024,0,@ohmybeautybank aku pake ini wangi dan nahan keringet bgt. minus ada sisa sisa putih gtu di keti.. semua variannya enak gk pake parfum tpi pake ini doang udh oke bgt buat badan aku udh coba produk lain kyk deorex dove rexona ttp ini paling nahan keringetttt,"1,79428E+18",,ohmybeautybank,in,,0,0,0,https://x.com/thxsxsncx/status/1794283499945615766,"9,58606E+17",thxsxsncx,
"1,79418E+18",Sat May 25 01:34:43 +0000 2024,29,ANDINSKIN Premium Scent - Nicel - Wangi kombinasi fruity &amp; floral yang fresh. Harganya cuma 40ribuan. Paling tahan lama daripada produk yg lain bisa tahan 15-24 jam. Parfum yang bisa untuk pria / wanita. Cocok untuk outdoor / indoor. ï¸è : https://t.co/ijXyMAIaFo https://t.co/hCDX7vFcY5,"1,79418E+18",,candyull,in,Indonesia,0,0,27,https://x.com/candyull/status/1794180260742967496,"1,4512E+18",candyull,https://pbs.twimg.com/media/GOY1bvTbsAAOPdu.jpg
"1,79397E+18",Fri May 24 11:41:41 +0000 2024,1,yg candy world persis bgt kek eskulin mahkota yg gambarnya princess snow white seger manis floral fruity dikiit yg caramel popcorn hmm... tipikal parfum wangi vanilla yg soft gitu2. b aja sih menurut gw sea salt tetep paling paporit gw so far https://t.co/Coq5npiQPn,"1,79397E+18",,,in,koobiâ™¡,0,0,1,https://x.com/ttriviapril/status/1793970622403576310,"8,13885E+17",ttriviapril,https://pbs.twimg.com/media/GOV2w3QbIAEI75M.jpg
"1,79394E+18",Fri May 24 09:40:13 +0000 2024,0,Aku termasuk salah satu orang yang paling gak suka wewangian sejenis minyak telon kayu putih dsb. Bikin tambah pusing. Makanya kalo pusing saya suka ngambui wangi parfum punya saya ,"1,79394E+18",,,in,Neuvillette's Courts,0,0,0,https://x.com/neuvillattea/status/1793940056790684027,"1,55305E+18",neuvillattea,
"1,79391E+18",Fri May 24 07:30:16 +0000 2024,0,Berani aku emang gak pernah pake deodorant. Pake parfum juga cuma 1/2x semprot parfum oles juga paling ya 3x oles. Karena aku gak suka wangi yang terlalu nusuk hidung bikin pusing,"1,79391E+18",,,in,"Palembang, Indonesia",0,0,0,https://x.com/VeraFby92/status/1793907352518938641,239628822,VeraFby92,
"1,79385E+18",Fri May 24 04:27:28 +0000 2024,1,Parfum ini aku pake pas lebaran kemarin ditanyain sm sepupu pake parfum apa Parfumnya bisa dipake siang-malam paling enak pas cuaca sejuk angin sepoi2 semriwing bgtt wangi bunganya Dipake panas2an jg enak gak enek samsek. Poin plus aku suka sprayernya alus &amp; nyebar https://t.co/mWfIC6QVDg,"1,79386E+18",,goingtoglowing,in,"Kepulauan Riau, Indonesia",0,0,1,https://x.com/goingtoglowing/status/1793861348482507068,460915062,goingtoglowing,https://pbs.twimg.com/ext_tw_video_thumb/1793861335455043584/pu/img/yf411mIQKGgJ3z4x.jpg
"1,78912E+18",Thu May 23 21:54:22 +0000 2024,0,@aerichangs Nanti beli parfum paling wangi ,"1,79376E+18",,aerichangs,in,â”?restâ€” ãƒ›ãƒ ãƒ© Â· ?Ÿ?ç,0,1,0,https://x.com/gowonprakk/status/1793762421531975936,"1,25897E+18",gowonprakk,
"1,7936E+18",Thu May 23 11:19:39 +0000 2024,0,beli octarine varian scandalous (LAGI) ini parfum juara bgt sih aku sampe beli berkali-kali. wangi nya manis fresh yg paling penting ga bikin enek dan cukup tahan lama. setiap pembelian jg dapet free tester ya ampun aku jatuh cinta bgt https://t.co/B6GnB17yav https://t.co/WnSs4WglTp,"1,7936E+18",,,in,,1,0,0,https://x.com/svouths/status/1793602691983430014,"1,75406E+18",svouths,https://pbs.twimg.com/media/GOQoIq8bAAE_Ce4.jpg
"1,79341E+18",Wed May 22 22:17:44 +0000 2024,0,Rekomendasi parfum yang wangi nya tahan lama prennn A Thread https://t.co/ThH6gHbyaB,"1,79341E+18",,,in,Jakarta,0,1,0,https://x.com/txtdronlineshop/status/1793405913686216856,"1,56681E+18",txtdronlineshop,https://pbs.twimg.com/media/GON1LHXbkAAuBKl.jpg
"1,79331E+18",Wed May 22 17:03:59 +0000 2024,0,@ohmybeautybank Iniiii udah paling best bisa req wangi jugaaa dia bibit parfum gituuu dan ketahanannya juga bisa req awet banget banget bangettt,"1,79333E+18",,ohmybeautybank,in,,0,0,0,https://x.com/kualarona/status/1793326958576816197,852809701,kualarona,
"1,79312E+18",Wed May 22 04:33:37 +0000 2024,0,@SandhikaTian Sampe sering dikatain kayak peri kalo di kantor. Soalnya diantara yg lain paling wangi:(( akhrinya jadi jarang pake parfum karena maluu. Tapi sekarang pake lg kwkwkkw bodo amat,"1,79314E+18",,SandhikaTian,in,Yk,0,1,0,https://x.com/pipibak/status/1793138119539413392,"1,69282E+18",pipibak,
"1,79313E+18",Wed May 22 04:10:07 +0000 2024,77,My @hintofyou_ Parfume Collection Cuma punya 5 udah bilang collection Aku mau urutin dari yang paling aku suka ke wangi yang jarang aku pakai dari 5 parfum Hint: 1. Dragon 2. Identity 3. Metaverse 4. Realm 5. Noble https://t.co/R6zoB9F9u0,"1,79313E+18",,,in,,0,9,58,https://x.com/marlpeachy/status/1793132206304764121,"1,58533E+18",marlpeachy,https://pbs.twimg.com/media/GOJ8PBMboAAbNH5.jpg
"1,79307E+18",Wed May 22 01:10:43 +0000 2024,0,@LEO_oyin Kotak nya cuman 4 tapi yang bikin panas nya tu Karan wangi dia nyampur sama keringet itu manly bangt anj lu tau ngk si parfum parfum orng ganteng tu ke gitu anjir wanginya yang paling Kerasa tu pas gw nyolek udel nya demi Allah itu nyata bangt makanya gw jadi gila ,"1,79309E+18",,LEO_oyin,in,,0,0,0,https://x.com/justjayzay_/status/1793087058002710634,"1,74486E+18",justjayzay_,
"1,79289E+18",Tue May 21 12:32:24 +0000 2024,0,yang aku rasain pas awal spray dan after dry down wangi jasminenya yang paling dominan! ada sedikit kecium lavender &amp; vanilla tapi samar bgt. ini jd alasan aku bilang parfum ini layak menyandang gelar TOP TIER kunti-core parfum karna beneran melatinya yg menonjol!!&lt;3 https://t.co/Ri7zYQ2tzC,"1,7929E+18",,putridanny,in,,0,2,0,https://x.com/putridanny/status/1792896224171069763,332865824,putridanny,https://pbs.twimg.com/media/GOGlmz4bUAAui9M.jpg
"1,79244E+18",Mon May 20 12:51:01 +0000 2024,7,@ohmybeautybank Udah sniff semua variant parfum Saffnco paling enak &amp; wanginya unik ga pasaran MINOUET Biasanya Saffnco awal semprot wanginya nyegrak. Tapi ini ga samsek. Wangi kue mix floral yg soft. Dry downnya makin enak https://t.co/1BjfojKThD,"1,79254E+18",,ohmybeautybank,in,"Jakarta Capital Region, Indone",0,1,1,https://x.com/guitalrist/status/1792538519736639693,1062442831,guitalrist,
"1,7925E+18",Mon May 20 10:24:45 +0000 2024,0,Fact : mouth spray atau mouth wash ga bisa bikin nafas kalian wangi kalo gigi kalian ada karang giginya. Ini kaya org bau ketek tp malah pake parfum banyak2 Jadi paling penting rajin scaling dan sikat gigi yg bener,"1,7925E+18",,,in,Surabaya & Kediri,0,1,0,https://x.com/heztealatte/status/1792501711002837246,101124091,heztealatte,
"1,79244E+18",Mon May 20 08:44:13 +0000 2024,3,@ohmybeautybank Udah sniff semua variant parfum Saffnco paling enak &amp; wanginya unik ga pasaran MINOUET Biasanya Saffnco awal semprot wanginya nyegrak. Tapi ini ga samsek. Wangi kue mix floral yg soft. Dry downnya makin enak https://t.co/O08TCIPfk0,"1,79248E+18",,ohmybeautybank,in,"Jakarta Capital Region, Indone",0,0,1,https://x.com/pweetynxi/status/1792476412341059591,"1,71055E+18",pweetynxi,
"1,79242E+18",Mon May 20 05:08:49 +0000 2024,1,Kalo gw disuruh milih 2 parfum aja untuk dipake seumur hidup gw bakal consider 2 parfum ini Dior Sauvage wanginya emang udah pasaran vibes fakboi senoparty tapi paling aman dipake Chanel Allure Home Sport Extreme cocok dipake jadi signature scent. Wangi seger + manis dikit https://t.co/JmSez4zVkG,"1,79242E+18",,,in,"Jakarta Selatan, DKI Jakarta",0,0,0,https://x.com/brive__/status/1792422201431564464,"1,73752E+18",brive__,https://pbs.twimg.com/media/GN_2fShasAAURZf.jpg
"1,79202E+18",Sun May 19 02:47:45 +0000 2024,12,dua ini adalah parfum lokal ganteng yg gak cocok kupake tp ya Allah enak bgt dipake pak popon. pak popon tuh tipe yg cocok pake parfum jenis apa pun tp wangi-wangi berkarakter kaya gini menurutku yg paling gong di beliau. https://t.co/lN1f110XhU,"1,79202E+18",,,in,,0,1,1,https://x.com/halopopon/status/1792024314122064053,"1,15466E+18",halopopon,https://pbs.twimg.com/media/GN6MnCTbUAAVR3K.jpg
"1,79125E+18",Sat May 18 04:35:35 +0000 2024,1,@bleblebleblewah @Serigala_Blue Pas awal2 beli parfum di shp gue gatau wanginya gimana. Paling cuma tau kayak mawar melati jeruk Mandarin gt. Pas baca yg lily of the valley waw kayak keren. Wanginya pasti unik ternyata bjir baunya aneh. Entah parfumnya atau karena kandungan lily itu intinya wangi kuburan gt,"1,79169E+18",,bleblebleblewah,in,,0,0,0,https://x.com/muerlin/status/1791689063965327692,"1,46154E+18",muerlin,
"1,78915E+18",Sat May 18 02:21:15 +0000 2024,0,@Seungmiyin Wangi parfum mana yg paling hyung suka?,"1,79166E+18",,Seungmiyin,in,,0,0,0,https://x.com/etunseok/status/1791655258659356877,1091575062,etunseok,
"1,79144E+18",Fri May 17 11:56:58 +0000 2024,15,another day another try parfum onix setelah nyoba 3 varian yang dia punya senoparty ini parfum yang splnya PALING MANTEPPP even ganti baju dan mandi pun masih nuempel baunya di badan kalian hrs banget coba soalnya emg awet pol ga mandi pun ttp wangi #racuninparfum https://t.co/juFtY8CwhC,"1,79144E+18",,,in,awinahariyanto@gmail.com,0,2,12,https://x.com/dikeyranjang/status/1791437755563872367,"1,15819E+18",dikeyranjang,https://pbs.twimg.com/media/GNx3I3IaYAAoEgK.jpg
"1,7913E+18",Fri May 17 02:39:04 +0000 2024,0,sementara itu lu mau mandi pake sabun paling wangi atau parfum semerbak harum segimanapun gaada yang lebih wangi daripada Mike Conley hari ini,"1,7913E+18",,,in,"Jakarta, Indonesia",0,0,0,https://x.com/CocoGenesis21/status/1791297355624694258,79994154,CocoGenesis21,
"1,79113E+18",Thu May 16 15:16:06 +0000 2024,0,Sering di Puji Wangi Inilah 11 Parfum Isi Ulang Cowok Paling Wangi Tahun 2024 Inceran Pria Kantoran Bro... https://t.co/rvkRu1S915,"1,79113E+18",,yudhaipx,in,Indonesia,0,0,0,https://x.com/yudhaipx/status/1791125478092509268,"1,56967E+18",yudhaipx,
"1,79094E+18",Thu May 16 03:02:31 +0000 2024,258,Gue mau review experience gua selama pake parfum ini Karna ternyata banyak yg bilang ini parfum gimmick menurut gue kalian harus cobain langsung deh. Soalnya gua jg ga expect bakal se worth to buy ini selain wangi nya yg enak juga tahan lama dipake daily So far yg paling gua https://t.co/NLPVY0wz6g,"1,79094E+18",,,in,,7,248,14,https://x.com/jevdraz/status/1790940867785887809,"1,51991E+18",jevdraz,https://pbs.twimg.com/media/GNqzOkgbcAAPLXJ.jpg
"1,79091E+18",Thu May 16 01:23:45 +0000 2024,0,12. Parfum (Extrait de Parfum) memiliki konsentrasi terbesar yaitu antara 20-40% minyak wangi. Ini adalah bentuk yang paling mewah dan tahan lama dari semua jenis parfum. Dapat bertahan hingga 24 jam atau lebih. Sangat cocok untuk acara khusus atau saat ingin wangi sepanjang,"1,79092E+18",,fearlessbarb13,in,,0,1,0,https://x.com/fearlessbarb13/status/1790916010696171783,"1,43302E+18",fearlessbarb13,
"1,7909E+18",Thu May 16 00:26:57 +0000 2024,0,Stop merasa wangi parfum mantan Lo itu yg paling ekslusif sampe cuman dia doang yg pake parfum itu ,"1,7909E+18",,,in,"Karawang, Jawa Barat",0,0,0,https://x.com/Abydzy/status/1790901716873064603,"1,37435E+18",Abydzy,
"1,79087E+18",Wed May 15 22:35:02 +0000 2024,0,Cek Parfum kualitas premium vanilla cake paling wangi edp 35 ml dengan harga Rp12.950. Dapatkan di Shopee sekarang! https://t.co/UBjrmuZqNJ https://t.co/bBcfy8HF3t,"1,79087E+18",,,in,,0,0,0,https://x.com/Baninurus/status/1790873554789257651,"1,75938E+18",Baninurus,https://pbs.twimg.com/media/GNp2AfEa0A8DJuK.jpg
"1,79073E+18",Wed May 15 13:37:19 +0000 2024,0,@strousals aku paling gabisa jelasin wangi parfum pokoknya dia tipe yg woody musky gtt bukan yg manis sama sekali gatau ya tp aku kl pake ini berasa kyk lagi main di pantai (?),"1,79074E+18",,strousals,in,fan acc.,0,0,0,https://x.com/forjinjay/status/1790738230599717204,"1,50406E+18",forjinjay,
"1,79072E+18",Wed May 15 12:40:25 +0000 2024,0,@Ghofur_aja_ @slicepiza Wangi parfum u paling kenceng drpd yg laen ,"1,79072E+18",,Ghofur_aja_,in,"Kota Surabaya, Jawa Timur",0,2,0,https://x.com/RFDorable_/status/1790723912650920272,3233515568,RFDorable_,
"1,7906E+18",Wed May 15 09:11:18 +0000 2024,0,@bellahadip @ohmybeautybank sbnrnya kalo yg buat panas sampe keringetan gt cari parfum yg fresh seger. dari 3 itu gaada yg wangi fresh tp yg paling wearable buat siang menurutku blossom krn dia lebih light antara yg lain. wangi nya super floral cantik anggun putih,"1,79067E+18",,bellahadip,in,23!,0,0,0,https://x.com/serpenoire/status/1790671285808447530,"1,28959E+18",serpenoire,
"1,7903E+18",Wed May 15 08:30:02 +0000 2024,0,@18fesss Ajak nginap di hotel pakai lingeri pakai parfum paling wangi dandan cantik sebelum ke inti acara kasi kecupan dan ciuman yg hot ... Good luck,"1,79066E+18",,18fesss,in,"Sulawesi Selatan, Indonesia",0,0,0,https://x.com/MeyTasarii/status/1790660901361586449,"1,33732E+18",MeyTasarii,
"1,7906E+18",Wed May 15 08:04:58 +0000 2024,2,@ohmybeautybank aku punya senja blossom sama aphrodite. yg paling aku suka senja karna wangi nya sangat bold statement galak untouchable kaya parfum timur tengah. tapi ga wearable buat daily oke buat acara bgt aja. yg blossom jg aku suka oke buat daily sgt white floral,"1,79065E+18",,ohmybeautybank,in,23!,0,1,0,https://x.com/serpenoire/status/1790654594181390763,"1,28959E+18",serpenoire,
"1,79061E+18",Wed May 15 05:25:21 +0000 2024,0,@ohmybeautybank Ini nderr aku udah beli 5 botol parfum otw 6 saking cinta nyaa wangi scandal yang paling enak manis tapi fresh ga bikin eneg sama sekalii https://t.co/b37EZrb3hL,"1,79061E+18",,ohmybeautybank,in,,0,0,0,https://x.com/hourcruxz/status/1790614423041986775,"1,56422E+18",hourcruxz,
"1,79057E+18",Wed May 15 02:22:00 +0000 2024,253,Kalo cuaca lagi panas gini emang paling aman pake parfum yg wanginya fresh/soft aja Jangan sampe wangi parfum kalian bikin orang sekeliling berasa mau pingsan karna aroma yg nyegrak https://t.co/3z7vbRHyT2,"1,79057E+18",,,in,empty room,2,27,216,https://x.com/handsaniteezer/status/1790568284083093523,949885404,handsaniteezer,https://pbs.twimg.com/media/GNlgV8mbIAEwgC6.jpg
"1,79032E+18",Wed May 15 00:19:26 +0000 2024,1,@ohmybeautybank favku parfum Oliver karna paling sering kena Notice! sampe jadi repurchase botol ke-2 emang wanginya makin lama makin enak manis floral dan semerbak sampe orang sekitar muji wangi banget.,"1,79054E+18",,ohmybeautybank,in,,0,1,0,https://x.com/pwetiethings/status/1790537436696821882,"1,40875E+18",pwetiethings,
"1,79043E+18",Tue May 14 17:11:10 +0000 2024,0,Parfum anti mubazir buat yg mau beli online tapi takut salah pilih wangi. Dapat 8 varian wangi yg bisa kalian sniff satu satu buat tau wangi favorit kalian dan paling worth it to buy karna size nya super mini bisa dibawa kemana mana https://t.co/pIgEmCmQ1G https://t.co/Mo4yxxisBZ,"1,79043E+18",,,in,Bandung,0,0,0,https://x.com/RacunTerbaru/status/1790429659659923855,1324613144,RacunTerbaru,https://pbs.twimg.com/media/GNjiR1DacAIqE96.jpg
"1,78996E+18",Mon May 13 17:00:23 +0000 2024,1,@griffinarks Yg g bs ilang paling tempat yg d kunjungi kan g mgkn d musnahkan itu tempat py umum tp kenangan nya udh g da suara tawa wangi parfum sdh g inget..sdh happy dg diri sndr..,"1,79006E+18",,griffinarks,in,,0,0,0,https://x.com/boedi_boe/status/1790064558867894650,"7,99217E+17",boedi_boe,
"1,78998E+18",Mon May 13 14:45:29 +0000 2024,28,Forbidden garden wangi apel! Ini tuh wangi apel paling realistic yg pernah w temuin. Definisi wangi apel merah yg baru dipotong dijadiin parfum. W bener2 lgsg jatuh cinta pd sniff pertama Mayan semerbak sih ini jrg2 kan parfum fresh tp semerbakk https://t.co/zaAxSvy67Y https://t.co/bGG0Y2y4OG,"1,79003E+18",,bittercaffeines,in,,3,2,1,https://x.com/bittercaffeines/status/1790030612897710256,303110323,bittercaffeines,https://pbs.twimg.com/media/GNd3WdYaYAA1Dxj.jpg
"1,78995E+18",Mon May 13 09:16:10 +0000 2024,1,dari dulu paling ga suka parfum wangi vanila kesannya berat dan 'lengket' bikin eneg apalagi di iklim terik tp entah knp di Indo sejak jaman gue sekolah banyak yg suka wangi ini (inget bgt dulu TBS yg pertama ngeluarin) sejak pindah ke JP untungnya jarang ketemu org yg pake,"1,78995E+18",,,in,"Osaka, Japan",0,1,0,https://x.com/nacchanyan/status/1789947735359021542,59078281,nacchanyan,
"1,78994E+18",Mon May 13 08:49:52 +0000 2024,0,Lucu bangeeet packing parfum nyaaa Gemessss dehhh! Wangi nya jug enak dan tahan lam. Yang paling pentiggggg cocok utuk kantong peajar https://t.co/shM0b9kptI,"1,78994E+18",,,in,,0,1,0,https://x.com/immagungjunim/status/1789941115585548455,"1,77715E+18",immagungjunim,https://pbs.twimg.com/media/GNcl7ZfbYAApsXO.jpg
"1,7899E+18",Mon May 13 06:32:11 +0000 2024,0,@IchaVarma Kalo lagi heat wave gini jenis wangi parfum apa yg paling aman buat daily yaa,"1,78991E+18",,IchaVarma,in,wonderland ?Ÿ?€âœ¨,0,1,0,https://x.com/enchantreszzs/status/1789906467505541619,"1,78378E+18",enchantreszzs,
"1,78987E+18",Mon May 13 04:26:02 +0000 2024,0,Ada wangi vanilla &amp; gourmand (manis kue/makanan) Mungkin ada wangi / elemen bau yg lain-lain sesuai di deskripsi produknya tapi di hidung &amp; pengetahuan cetek ku ini akan elemen parfum yg paling ke tangkep yaa segitu. Pas tengah ke ending jg ada wangi familiar kayak wangi-,"1,78987E+18",,susunaaa96,in,,0,1,0,https://x.com/susunaaa96/status/1789874719539265801,"1,34096E+18",susunaaa96,
"1,78237E+18",Mon May 13 01:01:20 +0000 2024,1,@ainhyung Mau seluruh waktumu anjay.. kasih aku parfum termahal plis!! Yang paling wangi pokoknya!,"1,78982E+18",,ainhyung,in,âù?ï¸? â€? Heartloveable: ILLIT! áœ?,0,0,0,https://x.com/minjuparkt/status/1789823208562037182,2395833457,minjuparkt,
"1,78968E+18",Sun May 12 15:26:01 +0000 2024,1,ada crt di balik aku dan parfum. aku dulu sampe smp tuh paling males pake wewangian sampe pas kelas 9 ibuk ngomong kamu kalo bau badan bakal ga punya temen nanti pas sma . AKHIRNYA semenjak saat itu ibuk selalu jengkel krn tiap aku mau keluar selalu wangi ampe bikin sesek ,"1,78968E+18",,,in,ab,0,0,0,https://x.com/agnibrataaa/status/1789678423323123951,"1,26007E+18",agnibrataaa,
"1,78946E+18",Sun May 12 01:36:17 +0000 2024,103,@ohmybeautybank Parfum yang paling wangi manten yg aku coba tu Project 1945 Princess Of Java asliii wangi bunga nya apalagi jasmine sama mawarnya semerbak seger ï¸è,"1,78947E+18",,ohmybeautybank,in,,1,1,7,https://x.com/lilynpeonies/status/1789469615955046692,"1,46793E+18",lilynpeonies,
"1,78059E+18",Sat May 11 14:42:25 +0000 2024,1,Parfum part 2. Yang selalu rame dan banyak yang suka. Yups saff n co. Aku pribadi paling suka yang OMNIA karena wangi floralnya soft dan mewah. Berasa lagi di taman bunga. Cukup awet di aku dan masih kantongable. Ada mini sizenya! Link: https://t.co/VVC1hVPMYH https://t.co/H2ThhpsQzU,"1,78931E+18",,endgamegorgeous,in,"DKI Jakarta, Indonesia",0,1,0,https://x.com/endgamegorgeous/status/1789305064617816471,"1,68554E+18",endgamegorgeous,https://pbs.twimg.com/media/GNTjd0la8AAs_5j.jpg
"1,78923E+18",Sat May 11 09:46:16 +0000 2024,0,Temukan dan dapatkan Parfum kualitas premium vanilla cake paling wangi edp 35 ml hanya Rp12.950 di Shopee sekarang juga! https://t.co/8Rgq8ODlmF #ShopeeID https://t.co/N9MaOfOLnD,"1,78923E+18",,,in,"Jakarta, Indonesia",0,0,0,https://x.com/YZ_Fashion/status/1789230534797017515,575986758,YZ_Fashion,https://pbs.twimg.com/media/GNSfsEyaEAAhpoz.jpg
"1,78895E+18",Fri May 10 15:20:20 +0000 2024,1,@ohmybeautybank Paling suka wangi parfum yg fresh dan juga wangi bunga gitu kayak wangi cewek bangett akuu sukaa ï¸è Sekarang lagi make heura karna wangi nya ga ada yg gagal dan ketahanan nya yg ga perlu lagi diraguin â€?ï¸èï¸è https://t.co/yKFFqPs8vd,"1,78895E+18",,ohmybeautybank,in,,0,0,0,https://x.com/hourcruxz/status/1788952217611039183,"1,56422E+18",hourcruxz,
"1,7889E+18",Fri May 10 12:00:01 +0000 2024,0,Parfum hits anak Jaksel Senoparty dan Mexicola yang mana paling wangi? Marsha Beauty sudah review biar kamu semakin yakin dan tidak salah pilih. Baca di sini https://t.co/MR7x2ckPCN https://t.co/8Ccr24MdZ2,"1,7889E+18",,,in,Jakarta ,0,0,0,https://x.com/marshabeautyid/status/1788901805302177918,"1,34917E+18",marshabeautyid,https://pbs.twimg.com/media/GNNI7wkaQAAul1C.jpg
"1,7889E+18",Fri May 10 11:36:29 +0000 2024,0,Parfum wangi bedak bayi tu emg udh yg paling bener,"1,7889E+18",,,in,Italia,0,0,0,https://x.com/tteokpokixx/status/1788895885285593154,"1,36331E+18",tteokpokixx,
"1,78889E+18",Fri May 10 11:22:27 +0000 2024,0,parfum paling awet yg pernah kalian punya apa moots lagi nyariÂ? parfum yg org ny udah pergi wangi ny masih tinggal WKWK,"1,78889E+18",,,in,akun bebas,0,1,0,https://x.com/tvgirlp/status/1788892353874534853,"1,77259E+18",tvgirlp,
"1,78808E+18",Thu May 09 04:55:50 +0000 2024,0,@alyacholid Gak tahan lama mungkin krn bukan jenis Parfum palingan di tipe eau de toilette or eau de parfum. Kalau jenis nya parfum kayaknya lebih tahan lama wangi nya.,"1,78843E+18",,alyacholid,in,,0,0,0,https://x.com/blegedetz/status/1788432669052969384,1241868618,blegedetz,
"1,78192E+18",Thu May 09 04:18:48 +0000 2024,0,aku paling sering dapet compliments wangi kalau pake parfum ini sih tiap keluar ada aja yang bilang wangi banget soalnya dari jarak jauh juga kecium sizenya 105ml dan untuk tipe yang semprot dikit aja udah nempel sih kata aku ini worth the price!,"1,78842E+18",,22_23c,in,i do give a fork,0,1,0,https://x.com/22_23c/status/1788423347652677671,"8,71483E+17",22_23c,
"1,78824E+18",Wed May 08 16:34:47 +0000 2024,0,Body mist dr victoria secret ini 4 variant yg paling ok kalo kataku ((yg lain nya jg enak tp aku lupa wanginya apa)) - love spell ((wangi awalnya kayak parfum mobil tp lama lama jd wangi bubblegum gitu enak skli ini freshh bgt)) Sek lanjut part 2!! https://t.co/30OFT3nkFx,"1,78825E+18",,11262008K,in,rumah,0,1,0,https://x.com/11262008K/status/1788246178976637180,"1,60993E+18",11262008K,https://pbs.twimg.com/media/GNEgZppbQAAhq6g.jpg
"1,7882E+18",Wed May 08 13:46:33 +0000 2024,0,Pecinta floral scent terutama mawar pasti suka bgt sama ini dari first sniffnya langsung wangi mawar buket bunga lily paling dominant kyk scent buket bunga jenis parfum yg compliment getter bgt pas pertama pake salah satu bestieku sampe compliment ini wanginya enak https://t.co/8nEXPB5IPF,"1,7882E+18",,bedazzlingyou,in,,0,1,0,https://x.com/bedazzlingyou/status/1788203840745206130,"1,5631E+18",bedazzlingyou,https://pbs.twimg.com/media/GND56WOacAAKThu.jpg
"1,78811E+18",Wed May 08 07:36:52 +0000 2024,1,@ohmybeautybank favku parfum Oliver karna paling sering kena Notice! sampe jadi repurchase botol ke-2 emang wanginya makin lama makin enak manis floral dan semerbak sampe orang sekitar muji wangi banget.,"1,78811E+18",,ohmybeautybank,in,,0,1,0,https://x.com/pwetiethings/status/1788110808733643045,"1,40875E+18",pwetiethings,
"1,78806E+18",Wed May 08 04:06:57 +0000 2024,6,Part paling aku suka sih ya pake parfum Selain kemasannya lusyu parfum ini wanginya tuh aku bangetâ€çï¸è Kaya wangi habis mandi jadi seger terusssss! https://t.co/Mhjy62MB6O,"1,78806E+18",,la_lalijah,in,"DKI Jakarta, Indonesia",0,1,0,https://x.com/la_lalijah/status/1788057979868291446,"1,18218E+18",la_lalijah,https://pbs.twimg.com/media/GNB1PSgbcAEhXah.jpg
"1,78803E+18",Wed May 08 02:14:23 +0000 2024,0,Paling suka kalau dibilang wangi. Wangi banget kamu eh wangi apa ini enak banget kamu pake parfum apa kok wangi banget kamu hehehehehe ,"1,78803E+18",,,in,,0,0,0,https://x.com/justguu_/status/1788029649517490603,"1,71612E+18",justguu_,
"1,78781E+18",Tue May 07 11:27:45 +0000 2024,0,Cek Parfum kualitas premium vanilla cake paling wangi edp 35 ml dengan harga Rp12.950. Dapatkan di Shopee sekarang! https://t.co/mo0DzWijRe,"1,78781E+18",,,in,,0,0,0,https://x.com/Rafi99726299/status/1787806524372607343,"1,34183E+18",Rafi99726299,
"1,78776E+18",Tue May 07 08:23:22 +0000 2024,1,tiap ada yang bilang parfum HMNS mass-pleasing aku selalu jadi sadar kalau bukan akulah massa tersebut wangi yg paling bisa kuterima cuma unrosed sisanya leaning to cloying menurutku (mungkin inilah alasan aku prefer airy-green scent),"1,78776E+18",,,in, â˜? ,0,1,0,https://x.com/pramdzzr/status/1787760121315234275,"1,01311E+18",pramdzzr,
"1,78732E+18",Mon May 06 12:01:13 +0000 2024,0,@arbuttin mamaku selalu yang paling merhatiin kebersihanku. mama suka bantu waxing keti bantu bersihin telinga bantu bersihin daki dll pas aku lagi suka sama seseorang orang itu harum dan rapi bersih. aku bilang ke ortu kalo aku mau wangi juga. besoknya langsung dibeliin parfum baru,"1,78745E+18",,inicherryyyyyyy,in,officially JARS (Aku yupi?Ÿ¥º),0,0,0,https://x.com/inicherryyyyyyy/status/1787452557276876907,"1,30399E+18",inicherryyyyyyy,
"1,78745E+18",Mon May 06 12:00:01 +0000 2024,0,Marshalova saat kamu belanja di minimarket mungkin kamu pernah melihat parfum Pucelle terpajang di etalase. Terdapat banyak pilihan sebelum kamu membelinya kamu wajib tau dulu apa saja parfum Pucelle yang paling wangi. Baca reviewnhya di sini: https://t.co/D41YDtFA9f https://t.co/4zRZZhvbuS,"1,78745E+18",,,in,Jakarta ,0,0,0,https://x.com/marshabeautyid/status/1787452255584624873,"1,34917E+18",marshabeautyid,https://pbs.twimg.com/media/GM4kqPQbEAAY7g5.jpg
"1,78744E+18",Mon May 06 11:04:24 +0000 2024,0,paket yg paling gua suka dan paling gua tunggu' tuh pasti parfum/sejenisnya KAYA PLSS AKU SUKA BGT SAMA YG WANGI WANGII,"1,78744E+18",,,in,?“ç¢Ö´à»‹?ŸŒ·Í™Ö’ â™¡åê‰æ?—å¸‚â‚?Ë? ?Ÿ?¢`âœ§,0,0,0,https://x.com/yellowboyie/status/1787438260282905034,"1,51633E+18",yellowboyie,
"1,78705E+18",Mon May 06 06:04:12 +0000 2024,1,@ibas404 Rekomendasi parfum paling wangi dong,"1,78736E+18",,Febipurnamazaka,in,,0,2,0,https://x.com/sepi_yon/status/1787362709258076298,"1,08295E+18",sepi_yon,
"1,78711E+18",Sun May 05 13:55:12 +0000 2024,0,@binaahong Trus selama ini nyoba beragam parfum di kkv sama sociolla kaya dikit bgt ya yang nggak ada hint manis.... Paling kalo mau dolce gabbana yang light blue vibes fresh wanginya kaya pake dettol. Vibesnya doang tanpa wangi maskulin,"1,78712E+18",,hunderwerr,in,JKT-Seoul aminin plis,0,1,0,https://x.com/hunderwerr/status/1787118855351120230,840930091,hunderwerr,
"1,78705E+18",Sun May 05 09:51:33 +0000 2024,0,@ibas404 infokan parfum yang paling wangi,"1,78706E+18",,Febipurnamazaka,in,akun ini dikelola 2 admin,0,1,0,https://x.com/firzadwp/status/1787057537906610475,"1,05566E+18",firzadwp,
"1,78699E+18",Sun May 05 05:16:15 +0000 2024,173,Dua yang paling gak bisa aku skip tiap pagi biar muka lembap dan badan wangi seharian Tapiiii parfum se-WANGI dan se-AWET ini ternyata GAK DIJUAL?? Ngadi-ngadi nih @skingameofc gimana cara dapetinnya... https://t.co/I429o3jJhl,"1,78699E+18",,,in,NO REPOST KONTEN!!!!,2,19,283,https://x.com/sunfloliz/status/1786988256183332877,"1,44793E+18",sunfloliz,https://pbs.twimg.com/media/GMyoVjyacAA02K0.jpg
"1,78697E+18",Sun May 05 03:47:57 +0000 2024,0,6 Parfum untuk Cowok Paling Wangi yang Bikin Cewek Cantik Ngelirik Serasa Paling Ganteng Pakai Ini Masbro https://t.co/JvKP0WLjC2,"1,78697E+18",,,in,Indonesia,0,0,0,https://x.com/yudhaipx/status/1786966032755876103,"1,56967E+18",yudhaipx,
"1,78678E+18",Sat May 04 15:38:57 +0000 2024,0,Rekomendasi Parfum Indomaret ter paling-paling paling wangi paling murah paling bikin candu pacar paling enak a thread https://t.co/tn9YW6KTUq,"1,78678E+18",,,in,Indonesia,0,2,0,https://x.com/yudhaipx/status/1786782573877936635,"1,56967E+18",yudhaipx,
"1,78657E+18",Sat May 04 02:06:55 +0000 2024,0,@ri_gerimissenja Tapi bersyukurnya ada di lingkungan dominan perempuan (paling yang laki-laki cuma anak kecil) jadi bebas wangi wangi pake parfum gapapa engga kak?,"1,78658E+18",,ri_gerimissenja,in,,0,0,0,https://x.com/thebloomjourne/status/1786578219606704489,1021461649,thebloomjourne,
"1,78641E+18",Fri May 03 14:49:30 +0000 2024,0,Las pozas wangi parfum paling enak sedunia Sayang cuma ready yg 50ml Yuk bisa yuk saffnco upgrade jadi 100ml ,"1,78641E+18",,,in,Indonesia,0,0,0,https://x.com/ristrax/status/1786407742024122787,"1,11382E+18",ristrax,
"1,78411E+18",Fri May 03 03:59:54 +0000 2024,0,@its_098 Saffnco tahan lama bgt si. Sejauh ini parfum lokal paling tahan lama di aku. Di baju bisa berhari2 even jaketku udah 2 Minggu pake masih wangi,"1,78624E+18",,its_098,in,"Jakarta Capital Region, Indone",0,1,0,https://x.com/pweetynxi/status/1786244266630770927,"1,71055E+18",pweetynxi,
"1,78601E+18",Thu May 02 12:33:55 +0000 2024,0,di dunia ini wangi paling wangi adlh wangi pacarku tp bukan wangi parfum??? trs ditambah wangi parfum??? WANGIII,"1,78601E+18",,,in,aunu's,0,0,0,https://x.com/skyykeepfallin/status/1786011235659772271,"9,18994E+17",skyykeepfallin,
"1,78599E+18",Thu May 02 10:59:18 +0000 2024,0,soalnya dia bukan tipe yang pake2 parfum kalopun ada wangi paling dari cucian pakaiannya,"1,78599E+18",,deoisy,in,,0,1,0,https://x.com/deoisy/status/1785987421747950040,"8,62235E+17",deoisy,
"1,78529E+18",Wed May 01 16:53:28 +0000 2024,0,@tanyarlfes 5 parfum evaangeline yang ku pakai * Paling the best tuh yang Oren dia wanginya tahan lama dan kek wangi orang alim gitu wkwkwk * Yang Dahlia itu wanginya kalem manis gitu * Yang garden wanginya soft nygerin *Klo yang tutup putih itu wangin kek bayi _ https://t.co/cjK1Eb3o0i,"1,78571E+18",,tanyarlfes,in,,0,1,0,https://x.com/shezaayyana/status/1785714166415970764,"1,31674E+18",shezaayyana,https://pbs.twimg.com/media/GMghh1MbMAEE_L-.jpg
"1,78568E+18",Wed May 01 14:33:33 +0000 2024,0,hari ini aku pake parfumku yang lama ternyata emang wangi ini yang paling aku inget. paling bisa dibayangin kenangan-kenangannya kayanya mau balik ke parfum ini lagi tapi ini bukan soal parfum,"1,78568E+18",,,in,gamavo,0,0,0,https://x.com/bunnerins/status/1785678951828054457,"1,61928E+18",bunnerins,
"1,78536E+18",Tue Apr 30 17:22:11 +0000 2024,0,Mengantongi banyak tester parfum karena ternyata parfum langganan w udah diskontinu. Mbaknya ditanya wangi yg serupa gatau.. Alhasil disodorin beberapa wangi hasil dr kesotoyan gue terhadap parfum yg biasa w pake. Dapet yg paling enak. Pas ditanya harga ternyata 1 9 https://t.co/4hMhi10b4d,"1,78536E+18",,,in,,0,1,0,https://x.com/atananta/status/1785359002408571071,92944660,atananta,https://pbs.twimg.com/media/GMbeij0bUAAq311.jpg
"1,78515E+18",Tue Apr 30 03:41:15 +0000 2024,0,Parfum ini paling cocok untuk blindbuy! Satu hal yang terbesit di pikiran aku waktu sniff parfum ini tuh wangi good boy yang kepribadiannya bagus https://t.co/YOD4FAZKas,"1,78515E+18",,heavenliblessed,in,Bandung,0,0,0,https://x.com/heavenliblessed/status/1785152409003852148,"1,46241E+18",heavenliblessed,
"1,78494E+18",Mon Apr 29 13:31:44 +0000 2024,0,emg paling bener parfum rose gourmand ampe besok jg masih wangi,"1,78494E+18",,,in,,0,0,0,https://x.com/agithiiii/status/1784938620006322604,"1,14622E+18",agithiiii,
"1,78478E+18",Mon Apr 29 03:06:14 +0000 2024,2, Naisday Dance Floor https://t.co/MMw6QkAR2A Ini parfum Naisday yang paling aku suka! ï¸è Wanginya fresh clean dan sedikit manis. Kalau kalian ga begitu suka wangi yang manis bisa banget pilih varian ini. https://t.co/M1GGNOJXsz,"1,78478E+18",,Mawrcellaa,in,Jawa Timur,0,1,1,https://x.com/Mawrcellaa/status/1784781208532246909,"1,513E+18",Mawrcellaa,https://pbs.twimg.com/media/GMTRC7iaAAAyBGp.jpg
"1,78477E+18",Mon Apr 29 02:43:14 +0000 2024,0,dari semuanya aku paling suka yg creame karena wanginya tuh enak dan kalem banget dan plusnya kalian bisa dapet free sample parfum lainnya jd bisa tau wangi varian lain,"1,78478E+18",,mynameis_g72,in,Indonesia,0,0,0,https://x.com/mynameis_g72/status/1784775421227343944,2564689218,mynameis_g72,
"1,78477E+18",Mon Apr 29 02:28:28 +0000 2024,0,Yang paling awal kecium dari parfum ini itu perpaduan wangi fresh floral sama fruity berry yang manis tapi masih soft Base nya mungkin kedenger wangi yang warm aromatic berat. Tapi irl ngga guys ini tuh blend perfectly antara fresh floral-sweet fruity-aromatic https://t.co/IDSUhO7CRg,"1,78477E+18",,heavenliblessed,in,Bandung,0,1,0,https://x.com/heavenliblessed/status/1784771703132061922,"1,46241E+18",heavenliblessed,https://pbs.twimg.com/media/GMTIZopaQAAC0bL.jpg
"1,78459E+18",Sun Apr 28 16:57:45 +0000 2024,8,@alyacholid sebagai yg bukan anak parfum tapi dalam misi mencari wangi cewe cakep abis mandi the body tale plain jane tuh penemuan paling akbyarr untukku krn wanginya bener2 kayak cewe cakep habis mandi: seger citrus-y lemon kayak sabun mandi tapi ada wangi bedak bayinya jg. UGH cintak,"1,78463E+18",,alyacholid,in,ngayogyakarta hadiningrat,0,0,1,https://x.com/vividasmin/status/1784628077592805381,1349062742,vividasmin,
"1,78454E+18",Sun Apr 28 11:33:57 +0000 2024,4,@ohmybeautybank parfum!! siapapun pls harus beliii 60ml cuma 90k bahkan aku dapet di 70k karena shopee live. Wanginya tahan lama dan nyebar gitulooh enak bgtt dia juga nyediain versi travel size jadi bisa nyoba dulu wangi yg paling cocok. Super love! https://t.co/l216UmsV8M,"1,78455E+18",,ohmybeautybank,in,,0,4,0,https://x.com/separuhjuni/status/1784546593615782176,"1,02751E+18",separuhjuni,https://pbs.twimg.com/media/GMP7phDawAA1TjC.jpg
"1,78454E+18",Sun Apr 28 11:24:18 +0000 2024,0,@ohmybeautybank Parfum banquet awet bgt wangi melati gitu. Pernah aku dibilang wangi abis umroh trs yg paling parah bau minyak bantenganemg se strong itu sih jujur padahal menurutku ini wanginya kayak di lobby hotel2,"1,78454E+18",,ohmybeautybank,in,,0,0,0,https://x.com/yolmeidina/status/1784544165432627335,402531232,yolmeidina,
"1,78371E+18",Sun Apr 28 04:38:37 +0000 2024,0,@mohiams @salshaindr Prindavan emang punya bau badan khas wkwk semenyengat itu anjir puyeng mual paling wangi itu orang Arab aduh beuh toko parfum berjalan apalagi dr emirat qatar quwait atau saudi semprotnya itu sebadan badan,"1,78444E+18",,mohiams,in,,0,0,0,https://x.com/_sijuna/status/1784442069974704187,621708142,_sijuna,
"1,78443E+18",Sun Apr 28 04:25:19 +0000 2024,0,3. Parfum Nah ini juga paling penting bete gak sih klo samping kita bau keti atau bau matahari jangan sampe kita kaya gitu yaa. Parfum/bodymist dlm kemasan kecil banyak kok. Masa mau ketemu member gak wangi nanti kalo disamperin Haruto gimana? #REBOOT_IN_JAKARTA,"1,78444E+18",,dudududidumps,in,,0,1,0,https://x.com/dudududidumps/status/1784438721363976510,"1,65144E+18",dudududidumps,
"1,78419E+18",Sat Apr 27 14:22:12 +0000 2024,10,Sisca dulu station sebelah Shani. Shani member JKT48 paling wangi. Habis nari kita ngap. Shani semprot perfume. Dah ngerasain dari hirup parfum mulut kena parfum sampai menerima. Shani lewat wangi ci Shani. Sisca lewat wah ini wangi apa #JKT48SHANILASTVOYAGE,"1,78423E+18",,edrickojn,in,"ÃœT: -6.1627716,106.8765991",0,1,3,https://x.com/edrickojn/status/1784226546787795149,48356655,edrickojn,
"1,78419E+18",Sat Apr 27 14:22:12 +0000 2024,3,Sisca : Kejadian yang menjadi kebiasaan. Sering sesi sebelahan Ama Shani. Shani paling wangi semprotin parfum banyak sampai ketelan parfumnya #JKT48SHANILASTVOYAGE,"1,78423E+18",,sancai_damri,in,,0,1,0,https://x.com/sancai_damri/status/1784226546733269382,2821890812,sancai_damri,
"1,78421E+18",Sat Apr 27 13:15:16 +0000 2024,1,Utk Indonesia lebih prefer pakai deo &amp; sejenisny ketimbang parfum. Sebabnya krn cuacanya tropis dan makanannya penuh rempah. Parfum hny compliment. France terkenal parfumnya krna sejarah habitnya jorok makana mereka berlomba bikin parfum paling wangi &amp; heels setinggi mungkin.,"1,78421E+18",,,in,,0,0,0,https://x.com/naapenaa/status/1784209701263323290,"1,52713E+18",naapenaa,
"1,78419E+18",Sat Apr 27 11:40:14 +0000 2024,1,Tapi ini parfum buat yang gak kebiasa sama wangi woody Kayu Cendana (Sandalwood) emang bakal ngira kaya wangi sajen alias wangi dukun Paling ngakak tuh @crezative pernah dikatain kaya bau sajen karna pake ni parfum. Tapi justru ini wangi unik yg gak semua orang punya https://t.co/S0P7leDzEC,"1,78419E+18",,BanyuSadewa,in,Jakarta Capital Region,2,2,2,https://x.com/BanyuSadewa/status/1784185786860281990,55108943,BanyuSadewa,https://pbs.twimg.com/media/GMKzgmhbYAAevUU.jpg
"1,7841E+18",Sat Apr 27 08:45:18 +0000 2024,0,@lovemoshiu My konos (Enchanted) https://t.co/cAbp9O5VrZ (Cuddle) Jo Malone (English pear) sama Saff &amp; co (Ostara) ini yang paling sering aku pake terus kalo ketemu orang pasti ditanyain wangi banget pake parfum apa? ,"1,78414E+18",,lovemoshiu,in,she/her ; 21,0,1,0,https://x.com/chip_sahoyy/status/1784141763403522148,"1,24753E+18",chip_sahoyy,
"1,78412E+18",Sat Apr 27 07:01:49 +0000 2024,2,Cewek kalo lagi ngerumpi ngomonginnya eh parfum lu wangi deh pake parfum apa eh lipstik lu cakep itu merk apa paling berat sama temen gue ya ngomongin politik dan culture. Boro-boro mau ngomongin lu pada ,"1,78412E+18",,,in,France,0,0,0,https://x.com/annisaandn/status/1784115720403439849,587315798,annisaandn,
"1,78408E+18",Sat Apr 27 04:48:32 +0000 2024,2,Pas awal semprot parfum ini wangi strawberry nya yang paling kecium bener benerr wangi yang manis dan bikin seger!! Makin lama wanginya makin soft fruity gituu https://t.co/0hk5KHU90S,"1,78408E+18",,jeesweeties,in,,0,1,0,https://x.com/jeesweeties/status/1784082178781126888,"1,73896E+18",jeesweeties,https://pbs.twimg.com/ext_tw_video_thumb/1784082145176379392/pu/img/3cR-C1KwQJZYyyc2.jpg
"1,78405E+18",Sat Apr 27 03:53:03 +0000 2024,0,@piuskristiawan @SmgMenfess2 oalah wkwk ternyata mas wangi ni si kang parfum paling hits se smg ,"1,78407E+18",,piuskristiawan,in,à?êà?‚ à??à¥çà?°à¥€à?‚ à?¶à¥çà?°à¥€à?‚,0,1,0,https://x.com/valeriemanov/status/1784068215142060389,"1,6448E+18",valeriemanov,
"1,78405E+18",Sat Apr 27 03:39:38 +0000 2024,0,@ohmybeautybank https://t.co/hNvqrcsy4X Parfume beautiful women dibawah 100rbn. Ini tuh tipe parfum paling cocok dipake pas malem. Wanginya lebih keluar. Wangi tipe cewek cantik bgt sesuai namanya,"1,78406E+18",,ohmybeautybank,in,Indonesia,0,0,0,https://x.com/do_okiim/status/1784064840027492500,3047479065,do_okiim,
"1,78388E+18",Fri Apr 26 15:37:20 +0000 2024,0,PERNAH. Satu box isinya buku ada empat: tiga preloved satu masih baru terbungkus rapi. Yang ngasih abang rp orangnya sekarang udah sibuk jadi dokter (i think). Yang paling berkesan tuh preloved dia bagus semua walau berat. Dan semua bukunya tuh wangi parfum dia anjir.,"1,78388E+18",,,in,Nazareth.,0,1,0,https://x.com/scemicolon/status/1783883064797802990,"1,69179E+18",scemicolon,
"1,78385E+18",Fri Apr 26 13:26:12 +0000 2024,0,Penasaran deh tingkat kepedean cwk2 ini dtgnya drmn sampe bisa mikir dunia seisinya berporos ke mereka ketika perempuan kl ngerumpi yg diomongin merk liptint dgn stain paling ok wangi parfum yg gabikin pusing di krl varian mie yg enak dicampur indomie goreng dllâ€çâ†”ï¸èâ€çâ†”ï¸è,"1,78385E+18",,,in,Depan Air Biru,0,0,0,https://x.com/bayiterbalik/status/1783850064760512736,178663405,bayiterbalik,
"1,78382E+18",Fri Apr 26 11:15:48 +0000 2024,0,Projection: dari 3 Layr yang aku punya ini yang paling mantab projectionnya tapi tetep bukan yg lebay (kayanya emg layr nih projectionnya ga terlalu kenceng deh? Wkwk). Dan kayanya dari parfum sebelumnya ini yang bisa bikin 'wangi ketinggalan' wkwk,"1,78382E+18",,dproffair,in,,0,1,0,https://x.com/dproffair/status/1783817247255035945,"9,83201E+17",dproffair,
"1,78381E+18",Fri Apr 26 10:44:17 +0000 2024,4, yg pake parfum evangeline varian ini paling enak wangi yg mana? https://t.co/13HodHTUw2,"1,78381E+18",,,in,,0,7,0,https://x.com/convomf/status/1783809316010824103,"1,31498E+18",convomf,https://pbs.twimg.com/media/GMFdHjCaIAAPeHx.jpg
"1,78347E+18",Fri Apr 26 10:07:27 +0000 2024,0,@Hyunjvn nitip parfum yg paling wangi,"1,7838E+18",,leevnow,in,A boyâ€™s ?Ÿ©¶,0,1,0,https://x.com/jaevman/status/1783800046187913678,"1,59218E+18",jaevman,
"1,78376E+18",Fri Apr 26 08:10:09 +0000 2024,0,Jo Malone Wood Sage and Sea Salt. Pakai dari 2017-2022 Parfum unisex yg paling versatile dan cocok segala lini meski blind bgt sama parfum. Wangi sejuk di pantai yg rindang. Dry down nya tuh wangi kayu yg hangat segar entah bagaimana terasa unik sekaligus akrab dan nyaman. https://t.co/kK5w3kHGcA,"1,78377E+18",,Cakebukankue,in,"Tangerang, Indonesia",0,1,0,https://x.com/Cakebukankue/status/1783770530174345488,248562349,Cakebukankue,https://pbs.twimg.com/media/GME51vMaoAAA-3m.jpg
"1,78374E+18",Fri Apr 26 06:06:49 +0000 2024,0,PARFUM MYKONOS YG WANGI NYA PALING ENAK APAAAA MAU BUAT KADOOOOO,"1,78374E+18",,,in, @senjupedia,0,1,0,https://x.com/976eovil/status/1783739488998772845,"1,44527E+18",976eovil,
"1,7835E+18",Thu Apr 25 14:28:53 +0000 2024,0,@tanyarlfes spill parfum kamu yg paling wangi itu,"1,7835E+18",,tanyarlfes,in,bulan,2,2,0,https://x.com/rflyyprm_/status/1783503452515205198,"1,63499E+18",rflyyprm_,
"1,78345E+18",Thu Apr 25 11:02:46 +0000 2024,1,Dia punya tipe notes yg soft fresh floral Nah body odorku paling yg cocok sama notes lily pear rose patchouli jadi parfum nempel nyaman di hidungku dan awet Kalo kalian sama kyk aku pasti bakalan cocok sama tipe wangi dia ini https://t.co/FBmSZmQfIA,"1,78345E+18",,bedazzlingyou,in,,0,1,0,https://x.com/bedazzlingyou/status/1783451579028545780,"1,5631E+18",bedazzlingyou,
"1,78308E+18",Wed Apr 24 10:10:48 +0000 2024,1,parfum ini paling notice ke wangi citrus dan orange blossom. aroma jasmine yang sedikit manis tapi warm dan drydown nya lebih dominan vanilla jasmine caramel. sekilas wanginya mirip thai tea dan wanginya lebih ke gourmand bukan wangi ke buah-buahan. https://t.co/LNT3rqcHty,"1,78308E+18",,tarochococookie,in,,0,1,0,https://x.com/tarochococookie/status/1783076114916896955,"1,15547E+18",tarochococookie,https://pbs.twimg.com/media/GL7CRf_asAE3R33.jpg
"1,78296E+18",Wed Apr 24 02:21:08 +0000 2024,0,Gue paling seneng sm ukhtiÂ? yg bau bersih wkwkw bukan bau wangi parfum tp kaya bau lemari udah agak lama tp agak wangi dikit gt lah susah jelasinnya,"1,78296E+18",,,in,"Central Java, Indonesia",0,0,0,https://x.com/lailanhd_/status/1782957920902377488,"7,84639E+17",lailanhd_,
"1,78279E+18",Tue Apr 23 15:02:16 +0000 2024,0,Total di box ini ada 8 parfum masing2 ukuran 3ml dengan wangi yang berbeda sudah tersedia notes card juga Kalo aku paling suka sama varian garden of eden dan night demon sering aku bawa di dalem tas https://t.co/na7pZyAklT,"1,78279E+18",,leyxmun,in,,0,1,0,https://x.com/leyxmun/status/1782787078046322714,"8,95124E+17",leyxmun,https://pbs.twimg.com/media/GL27ZASbwAAonbS.jpg
"1,7826E+18",Tue Apr 23 02:27:21 +0000 2024,1,Si paling paham parfum ceunah tiap gajian beli mlu ngasi tau rekomen wangi parfum harga2 nya si dibawah 100 tp pdhl dirinya sendiri dh pake parfum ttp bawu wkwkk maap,"1,7826E+18",,,in,Planet,0,1,0,https://x.com/onlyulita/status/1782597097755459793,270203031,onlyulita,
"1,78255E+18",Mon Apr 22 23:29:03 +0000 2024,0,Ls hp pb uang cash dah Makeup pun aku gak kepake paling parfum sih biar ttp wangi,"1,78255E+18",,,in,,0,0,0,https://x.com/PeachJaehyunn_/status/1782552225359032481,"1,24892E+18",PeachJaehyunn_,
"1,78226E+18",Mon Apr 22 15:55:29 +0000 2024,2,@ipb_menfess Makan permen kiss cuci tangan pake sabun habis tu tangan dipakein handsanitizer. Opsi paling gampang nge-vape/pod ajah biar wangi kaya parfum.,"1,78244E+18",,ipb_menfess,in,,0,1,0,https://x.com/ruthharll/status/1782438083411202310,"1,16302E+18",ruthharll,
"1,78243E+18",Mon Apr 22 15:17:10 +0000 2024,0,Noo. Aku bukan gen z dan selalu well dressed. Ga harus stand out minimal rapih pake makeup kuku bersih dan yang paling penting WANGI. Beneran dah gapapa banget invest di parfum mahal &amp; bagus kalo masih belum mampu/belum ada budget treatment estetika krn sengaruh itu.,"1,78243E+18",,,in,Bumi Nusantara,0,0,0,https://x.com/Nuryyyyy/status/1782428441184526633,75204493,Nuryyyyy,
"1,7824E+18",Mon Apr 22 13:42:15 +0000 2024,0,mykonos wangi parfum paling aneh. gamasuk di hidung gweh skippp,"1,7824E+18",,,in,luar planet,0,0,0,https://x.com/tantrumka/status/1782404552815452560,"1,13299E+18",tantrumka,
"1,78231E+18",Mon Apr 22 07:43:24 +0000 2024,1,Wibu boleh bego jangan. Lu kan pd bisa mandi dulu yg bersih. Baju di-laundry yg wangi. Pake deodorant sama parfum (EDP -eau de perfume- yg lamaan kalo EDT -eau de toilette- ya paling 4 jam ilang) jenisnya Sport/ Outdoor supaya awet wangi. Gigilu disikat apalagi yg behelan.,"1,78231E+18",,,in,"Jakarta Capital Region, Indone",0,0,0,https://x.com/Aldyris23/status/1782314245499351526,60872572,Aldyris23,
"1,78226E+18",Mon Apr 22 04:18:51 +0000 2024,0,@NaisdayOfficial kak ini wanginya gimana deh? ã…¡ ini termasuk parfum yg wanginya manis fresh ya pas pertama semprot tuh kecium wangi citrus tapi lama kelamaan wangi manis dari base notes kecium semua. Yang paling ketara di aku vanilla dan almond wanginya pngn sniff terus https://t.co/RlMVIzJi3c,"1,78226E+18",,hotdeestuffs,in,DM me for business inquiries â™¡,0,1,0,https://x.com/hotdeestuffs/status/1782262769011802268,"1,38217E+18",hotdeestuffs,https://pbs.twimg.com/media/GLvehQpbYAAKjAt.jpg
1934331649485148201,Sun Jun 15 19:26:18 +0000 2025,0,Cek Nony Perfume - Parfum Aigner Blue Emotion - Parfum Pria Tahan Lama Aroma Fresh Cool Maskulin dengan harga Rp48.950. Dapatkan di Shopee sekarang! https://t.co/xFwhak8Emr https://t.co/K8lzTi2RrA,1934331649485148201,https://pbs.twimg.com/media/GtggYZabUAE0FY4.jpg,,in,,0,0,0,https://x.com/undefined/status/1934331649485148201,1760197266181414912,,
1934156918651793504,Sun Jun 15 07:51:58 +0000 2025,0,Cek PARFUM PRIA TAHAN LAMA AIGNER BLUE EMOTION MIRIP ORIGINAL | EXTRAIT DE FARFUM INSPIRED BY UNO dengan harga Rp104.900. Dapatkan di Shopee sekarang! https://t.co/f9YLQTyUv2 https://t.co/vVay7o7Yt5,1934156918651793504,https://pbs.twimg.com/media/GteBdsYaMAAuz3Z.jpg,,in,,0,0,0,https://x.com/undefined/status/1934156918651793504,1430809070030659585,,
1933604078581657642,Fri Jun 13 19:15:11 +0000 2025,0,Cek Nony Perfume - Parfum Aigner Blue Emotion - Parfum Pria Tahan Lama Aroma Fresh Cool Maskulin dengan harga Rp48.950. Dapatkan di Shopee sekarang! https://t.co/L93x5XOFse https://t.co/gzDUusRIfl,1933604078581657642,https://pbs.twimg.com/media/GtWKqblbMAIAK36.jpg,,in,,0,0,0,https://x.com/undefined/status/1933604078581657642,1920442783321714688,,
1933175468087509013,Thu Jun 12 14:52:02 +0000 2025,1,Cek PARFUM PRIA TAHAN LAMA AIGNER BLUE EMOTION MIRIP ORIGINAL | EXTRAIT DE FARFUM INSPIRED BY UNO dengan harga Rp105.000. Dapatkan di Shopee sekarang! https://t.co/DD38Nha5yk https://t.co/Bv5xDHnO2M,1933175468087509013,https://pbs.twimg.com/media/GtQE18fboAAGKRN.jpg,,in,,0,0,0,https://x.com/undefined/status/1933175468087509013,1797821909171937280,,
1932861478652276788,Wed Jun 11 18:04:21 +0000 2025,0,Cek PARFUM PRIA TAHAN LAMA AIGNER BLUE EMOTION MIRIP ORIGINAL | EXTRAIT DE FARFUM INSPIRED BY UNO dengan harga Rp105.000. Dapatkan di Shopee sekarang! https://t.co/kvzEeUBRsH https://t.co/AZ4NzN0VYV,1932861478652276788,https://pbs.twimg.com/media/GtLnRIKbMAElxeq.jpg,,in,,0,0,0,https://x.com/undefined/status/1932861478652276788,1879282861544734720,,
1932608477052248095,Wed Jun 11 01:19:01 +0000 2025,0,Cek PARFUM PRIA TAHAN LAMA AIGNER BLUE EMOTION MIRIP ORIGINAL | EXTRAIT DE FARFUM INSPIRED BY UNO dengan harga Rp105.000. Dapatkan di Shopee sekarang! https://t.co/F6Kh8VZBmM https://t.co/PjKu2z1pyN,1932608477052248095,https://pbs.twimg.com/media/GtIBKwxbMAAf722.jpg,,in,,0,0,0,https://x.com/undefined/status/1932608477052248095,1154176156330946560,,
1932353760074051782,Tue Jun 10 08:26:52 +0000 2025,0,Cek PARFUM PRIA TAHAN LAMA AIGNER BLUE EMOTION MIRIP ORIGINAL | EXTRAIT DE FARFUM INSPIRED BY UNO dengan harga Rp105.000. Dapatkan di Shopee sekarang! https://t.co/5476D5pHNb https://t.co/YtLPKj4G1e,1932353760074051782,https://pbs.twimg.com/media/GtEZgRuagAAkA7n.jpg,,in,,0,0,0,https://x.com/undefined/status/1932353760074051782,1909499032269185024,,
1932353442040922140,Tue Jun 10 08:25:36 +0000 2025,0,Cek Nony Perfume - Parfum Aigner Blue Emotion - Parfum Pria Tahan Lama Aroma Fresh Cool Maskulin dengan harga Rp48.950. Dapatkan di Shopee sekarang! https://t.co/NnErUhKr2K https://t.co/RJFUOkPxOV,1932353442040922140,https://pbs.twimg.com/media/GtEZNyFa0AAMVNd.jpg,,in,,0,0,0,https://x.com/undefined/status/1932353442040922140,1909499032269185024,,
1931969625119658034,Mon Jun 09 07:00:27 +0000 2025,0,Cek Nony Perfume - Parfum Aigner Blue Emotion - Parfum Pria Tahan Lama Aroma Fresh Cool Maskulin dengan harga Rp48.950. Dapatkan di Shopee sekarang! https://t.co/Rhk9nTOifs https://t.co/21yMJ3t8Vd,1931969625119658034,https://pbs.twimg.com/media/Gs-8Iroa8AE5Bni.jpg,,in,,0,0,0,https://x.com/undefined/status/1931969625119658034,1492064766768353285,,
1931256463764111441,Sat Jun 07 07:46:36 +0000 2025,0,Cek Nony Perfume - Parfum Aigner Blue Emotion - Parfum Pria Tahan Lama Aroma Fresh Cool Maskulin dengan harga Rp48.950. Dapatkan di Shopee sekarang! https://t.co/S7tZj3eFZu https://t.co/09MMkuW8o1,1931256463764111441,https://pbs.twimg.com/media/Gs0yMXDaoAAXIpb.jpg,,in,,0,0,0,https://x.com/undefined/status/1931256463764111441,1907205381325262848,,
1931006752809693432,Fri Jun 06 15:14:20 +0000 2025,0,Cek Nony Perfume - Parfum Aigner Blue Emotion - Parfum Pria Tahan Lama Aroma Fresh Cool Maskulin Woody dengan harga Rp48.950. Dapatkan di Shopee sekarang! https://t.co/p3IbAWV2iI https://t.co/GpnC42bI35,1931006752809693432,https://pbs.twimg.com/media/GsxQZ91awAAMVRU.jpg,,in,,0,0,0,https://x.com/undefined/status/1931006752809693432,1779721811514802176,,
1930584261939319011,Thu Jun 05 11:15:31 +0000 2025,0,Cek Nony Perfume - Parfum Aigner Blue Emotion - Parfum Pria Tahan Lama Aroma Fresh Cool Maskulin dengan harga Rp48.950. Dapatkan di Shopee sekarang! https://t.co/msblweOy2s https://t.co/ozUN8B60fN,1930584261939319011,https://pbs.twimg.com/media/GsrQJ7HaEAAYrLo.jpg,,in,,0,0,0,https://x.com/undefined/status/1930584261939319011,1154176156330946560,,
1930287386514338304,Wed Jun 04 15:35:50 +0000 2025,0,Cek Nony Perfume - Parfum Aigner Blue Emotion - Parfum Pria Tahan Lama Aroma Fresh Cool Maskulin Woody dengan harga Rp33.000. Dapatkan di Shopee sekarang! https://t.co/T9ChhzZGYP https://t.co/Rsw6Hx0Zad,1930287386514338304,https://pbs.twimg.com/media/GsnCJIzasAQr3Um.jpg,,in,,0,0,0,https://x.com/undefined/status/1930287386514338304,1708401939892117504,,
1930287334605631628,Wed Jun 04 15:35:38 +0000 2025,0,Cek Nony Perfume - Parfum Aigner Blue Emotion - Parfum Pria Tahan Lama Aroma Fresh Cool Maskulin Woody dengan harga Rp33.000. Dapatkan di Shopee sekarang! https://t.co/T9ChhzZGYP https://t.co/n9ETWIb7qz,1930287334605631628,https://pbs.twimg.com/media/GsnCGBxacAAgr6_.jpg,,in,,0,0,0,https://x.com/undefined/status/1930287334605631628,1708401939892117504,,
1929981120864760297,Tue Jun 03 19:18:51 +0000 2025,0,Cek PARFUM PRIA TAHAN LAMA AIGNER BLUE EMOTION MIRIP ORIGINAL | EXTRAIT DE FARFUM INSPIRED BY UNO dengan harga Rp104.900. Dapatkan di Shopee sekarang! https://t.co/oGEIuZJXeK https://t.co/YIuPLWrXtK,1929981120864760297,https://pbs.twimg.com/media/GsirmgZasAATd0r.jpg,,in,,0,0,0,https://x.com/undefined/status/1929981120864760297,1154176156330946560,,
1929960705102631352,Tue Jun 03 17:57:43 +0000 2025,0,Cek Nony Perfume - Parfum Aigner Blue Emotion - Parfum Pria Tahan Lama Aroma Fresh Cool Maskulin Woody dengan harga Rp48.950. Dapatkan di Shopee sekarang! https://t.co/0ayrCnL7Aq https://t.co/bo6XnYY59P,1929960705102631352,https://pbs.twimg.com/media/GsiZCIGasAMqYrU.jpg,,in,,0,0,0,https://x.com/undefined/status/1929960705102631352,1850194729327378432,,
1929136056680813044,Sun Jun 01 11:20:52 +0000 2025,0,Cek Nony Perfume - Parfum Aigner Blue Emotion - Parfum Pria Tahan Lama Aroma Fresh Cool Maskulin dengan harga Rp33.000. Dapatkan di Shopee sekarang! https://t.co/2K7Zw2j4kd https://t.co/2vXhRdwS1y,1929136056680813044,https://pbs.twimg.com/media/GsWrBQ0agAAbs11.jpg,,in,,0,0,0,https://x.com/undefined/status/1929136056680813044,1154176156330946560,,
1929017460524519682,Sun Jun 01 03:29:36 +0000 2025,0,Nony Perfume - Parfum Aigner Blue Emotion - Parfum Pria Tahan Lama Aroma Fresh Cool Maskulin Woody dengan harga Rp33.000 https://t.co/KXK1LzdxY7,1929017460524519682,https://pbs.twimg.com/media/GsU_FctaMAA4jLJ.png,,in,,0,1,0,https://x.com/undefined/status/1929017460524519682,1507734706208473102,,
1928394629486989322,Fri May 30 10:14:42 +0000 2025,0,Cek PARFUM PRIA TAHAN LAMA AIGNER BLUE EMOTION MIRIP ORIGINAL | EXTRAIT DE FARFUM INSPIRED BY UNO dengan harga Rp104.989. Dapatkan di Shopee sekarang! https://t.co/hpYGNTnXxb https://t.co/IXdA22aCAF,1928394629486989322,https://pbs.twimg.com/media/GsMIsi8bgAAigdP.jpg,,in,,0,0,0,https://x.com/undefined/status/1928394629486989322,1154176156330946560,,
1928358333632684120,Fri May 30 07:50:28 +0000 2025,0,Cek Nony Perfume - Parfum Aigner Blue Emotion - Parfum Pria Tahan Lama Aroma Fresh Cool Maskulin dengan harga Rp33.000. Dapatkan di Shopee sekarang! https://t.co/BFvlgjq8PS https://t.co/nqP2Lq9oXI,1928358333632684120,https://pbs.twimg.com/media/GsLnrpNbsAA7W-v.jpg,,in,,0,0,0,https://x.com/undefined/status/1928358333632684120,1177924107553275908,,
1927843953618915389,Wed May 28 21:46:30 +0000 2025,0,Cek Nony Perfume - Parfum Aigner Blue Emotion - Parfum Pria Tahan Lama Aroma Fresh Cool Maskulin dengan harga Rp33.000. Dapatkan di Shopee sekarang! https://t.co/QgtnmGqbJw https://t.co/oDSpUE4v8A,1927843953618915389,https://pbs.twimg.com/media/GsET2gtaUAAjUEO.jpg,,in,,0,0,0,https://x.com/undefined/status/1927843953618915389,1896545078891745280,,
1926960533237870901,Mon May 26 11:16:06 +0000 2025,0,#PersibJuara Cek PARFUM PRIA TAHAN LAMA AIGNER BLUE EMOTION MIRIP ORIGINAL | EXTRAIT DE FARFUM INSPIRED BY UNO dengan harga Rp104.900. Dapatkan di Shopee sekarang! https://t.co/dWjU2Z73gK https://t.co/Qi2EyyoBz8,1926960533237870901,https://pbs.twimg.com/media/Gr3wY73W8AA7dLq.jpg,,in,,0,0,0,https://x.com/undefined/status/1926960533237870901,1710206150418006016,,
1926582455231803495,Sun May 25 10:13:46 +0000 2025,0,Cek PARFUM PRIA TAHAN LAMA AIGNER BLUE EMOTION MIRIP ORIGINAL | EXTRAIT DE FARFUM INSPIRED BY UNO dengan harga Rp104.900. Dapatkan di Shopee sekarang! https://t.co/xfOywmossz https://t.co/yWMKe3ZM64,1926582455231803495,https://pbs.twimg.com/media/GryYiG8WEAAHv4A.jpg,,in,,0,0,0,https://x.com/undefined/status/1926582455231803495,1485992435759329284,,
1925150482697421271,Wed May 21 11:23:37 +0000 2025,0,Cek PARFUM PRIA TAHAN LAMA AIGNER BLUE EMOTION MIRIP ORIGINAL | EXTRAIT DE FARFUM INSPIRED BY UNO Lemon dengan harga Rp104.900. Dapatkan di Shopee sekarang! https://t.co/AsOimu4KlZ https://t.co/0x9xyWnV4E,1925150482697421271,https://pbs.twimg.com/media/GreCKRuaoAAoV2k.jpg,,in,,0,0,0,https://x.com/undefined/status/1925150482697421271,1655139690868244481,,
1924666622859727135,Tue May 20 03:20:56 +0000 2025,0,Cek Nony Perfume - Parfum Aigner Blue Emotion - Parfum Pria Tahan Lama Aroma Fresh Cool Maskulin dengan harga Rp33.000. Dapatkan di Shopee sekarang! https://t.co/t629us1ahy https://t.co/43sDMw6z41,1924666622859727135,https://pbs.twimg.com/media/GrXKF2JbAAEepIK.jpg,,in,,0,0,0,https://x.com/undefined/status/1924666622859727135,1436677561526804484,,
1915416852680917012,Wed May 07 05:05:36 +0000 2025,0,@BaseBDG Aigner Blue teh kadang banyak yg pakai parfum buat cowok juga yg wanginya seger gitu. Btw kalo mau jastip In Parfume bisa di aku yaa teh ,1919981920915517589,,BaseBDG,in,,0,0,0,https://x.com/undefined/status/1919981920915517589,144764103,,
1919241710724604372,Mon May 05 04:04:16 +0000 2025,0,Cek Nony Perfume - Parfum Aigner Blue Emotion - Parfum Pria Tahan Lama Aroma Fresh Cool Maskulin dengan harga Rp48.950. Dapatkan di Shopee sekarang! https://t.co/jooLpVfBls https://t.co/IPPVdB3f9P,1919241710724604372,https://pbs.twimg.com/media/GqKEKZ8agAAPWJl.jpg,,in,,0,0,0,https://x.com/undefined/status/1919241710724604372,1826296336733609984,,
1917979436605116810,Thu May 01 16:28:26 +0000 2025,0,Cek Nony Perfume - Parfum Aigner Blue Emotion - Parfum Pria Tahan Lama Aroma Fresh Cool Maskulin dengan harga Rp48.950. Dapatkan di Shopee sekarang! https://t.co/eKQ9JKoVUr https://t.co/9v3HUpqroY,1917979436605116810,https://pbs.twimg.com/media/Gp4IIQ5bUAAr-VP.jpg,,in,,0,0,0,https://x.com/undefined/status/1917979436605116810,1542921484720431105,,
1917514458869686471,Wed Apr 30 09:40:47 +0000 2025,0,Nony Perfume - Parfum Aigner Blue Emotion - Parfum Pria Tahan Lama Aroma Fresh Cool Maskulin dengan harga Rp48.950. Dapatkan di Shopee sekarang! Yukk buruan di checkout! #RacunShopee https://t.co/sDvyf5LU8F https://t.co/e0E7dcguh3,1917514458869686471,https://pbs.twimg.com/media/GpxhPMnaYAAq7Y8.jpg,,in,,0,0,0,https://x.com/undefined/status/1917514458869686471,1900817847485644801,,
1917089212039618688,Tue Apr 29 05:52:37 +0000 2025,0,@sbyfess Ak wingi tuku sesuai rekom mas e aigner blue,1917094651611484553,,sbyfess,in,,0,0,0,https://x.com/undefined/status/1917094651611484553,1356907209939054592,,
1916158678379729353,Sat Apr 26 15:53:24 +0000 2025,0,Cek Nony Perfume - Parfum Aigner Blue Emotion - Parfum Pria Tahan Lama Aroma Fresh Cool Maskulin dengan harga Rp48.950. Dapatkan di Shopee sekarang! https://t.co/CbvDEwKxfv https://t.co/o5r8Xj9OtY,1916158678379729353,https://pbs.twimg.com/media/GpeQKdNacAAU1VL.jpg,,in,,0,0,0,https://x.com/undefined/status/1916158678379729353,1743183057690234880,,
1914316965251870885,Mon Apr 21 17:40:36 +0000 2025,5,@jembermfs Pasar tanjung Kalo aku biasanya Dunhill blue x vanilla Aigner blue x vanilla Dunhill blue x scandal Baccarat x moonlight Biasanya perbandingan yg manis sama yg seger 60 : 40. Nanti bibit pake 2:1 dijamin dah walaupun keringetan tambah wangi,1914373718291439876,,jembermfs,in,,0,1,0,https://x.com/undefined/status/1914373718291439876,1100943107690917888,,
1913160260761669795,Sat Apr 19 20:56:07 +0000 2025,0,@qyyuniverse Aigner blue John varvatos - artisan acqua bvlgari Jasmine noir. Pokonya yg udah kenal lama pasti apal bgt kalo ada gue pasti wanginya salah satu dari itu Tp percaya deh parfum tuh enak gk nya tergantung keringet kita bro.... Gue gk cocok pake parfum yg manis baunya jadi aneh,1913698147446223267,,qyyuniverse,in,,0,0,0,https://x.com/undefined/status/1913698147446223267,1572885553439453185,,
1911401773673095591,Sun Apr 13 12:51:09 +0000 2025,0,Lagi demen pakai parfum wangi aigner blue ntar juga ganti lagi ke Kahf beda wangi,1911401773673095591,,,in,,0,0,0,https://x.com/undefined/status/1911401773673095591,1682590120212570116,,
1910963104919273543,Sat Apr 12 07:48:02 +0000 2025,0,Cek Deluxe Inspired Parfum Aigner Blue Emotion Parfume Farfum Minyak Wangi Tahan Lama Pria Cowok dengan harga Rp200.000. Dapatkan di Shopee sekarang! https://t.co/9NLtWyptuz https://t.co/42nCAlOLam,1910963104919273543,https://pbs.twimg.com/media/GoUa0RiW8AAI4QV.jpg,,in,,0,0,0,https://x.com/undefined/status/1910963104919273543,1796812685537079296,,
1909815793790980300,Wed Apr 09 03:49:02 +0000 2025,0,Kaum adam penyuka aigner blue wajib merapat simak 4 rekomendasi parfum mix untuk aigner dengan wangi tahan meski di cuaca panas. https://t.co/FkJwIovmwE,1909815793790980300,,,in,,0,0,0,https://x.com/undefined/status/1909815793790980300,1404018642,,
1908544866881294435,Sat Apr 05 15:42:35 +0000 2025,0,@AminHijra Halo! Untuk parfum pria murah tapi tahan lama di Indonesia coba Sultan Al Oud by Al-Rehab (IDR 50-100K) tahan lama dan cocok untuk iklim tropis ada di Shopee/Tokopedia. Pilihan lain Nony Perfume - Aigner Blue Emotion (IDR 47K) wangi segar dan awet atau Bali Surfers Perfume,1908545812436574216,,AminHijra,in,,0,0,0,https://x.com/undefined/status/1908545812436574216,1720665183188922368,,
1908135289039859751,Fri Apr 04 12:31:19 +0000 2025,0,Cek Nony Perfume - Parfum Aigner Blue Emotion - Parfum Pria Tahan Lama Aroma Fresh Cool Maskulin dengan harga Rp47.023. Dapatkan di Shopee sekarang! https://t.co/T4rTIa3y7J https://t.co/nH4pCQc94w,1908135289039859751,https://pbs.twimg.com/media/GnsO7cJbMAACiqM.jpg,,in,,0,0,0,https://x.com/undefined/status/1908135289039859751,1677941905974513665,,
1903822419984519417,Mon Mar 24 13:12:54 +0000 2025,0,@nicecatto Kalau yang wanginya mirip itu ada aigner blue dng blue sama aigner black kak. Tapi aku pernah pake yang dunhill blue mix vanilla enak banget! Wangi unisexnya dapet dan nggak bikin eneeek,1904159489923916245,,nicecatto,in,,0,0,0,https://x.com/undefined/status/1904159489923916245,1859026287865851905,,
1903285056707367257,Sat Mar 22 06:32:24 +0000 2025,1,@CRMSNCHR yg murmer bisa beli di tukang parfume biasa aigner blue,1903333923721196030,,CRMSNCHR,in,,0,0,0,https://x.com/undefined/status/1903333923721196030,2551379593,,
1900680133524255187,Fri Mar 14 22:47:11 +0000 2025,0,Cek Nony Perfume - Parfum Aigner Blue Emotion - Parfum Pria Tahan Lama Aroma Fresh Cool Maskulin dengan harga Rp49.495. Dapatkan di Shopee sekarang! https://t.co/HhQiEUPVkQ,1900680133524255187,,,in,,0,0,0,https://x.com/undefined/status/1900680133524255187,1857668889670524928,,
1893904959839600705,Mon Feb 24 06:05:04 +0000 2025,0,parfum cowo enak tuh aigner blue emotion soale bapakku pake itu,1893904959839600705,,,in,,0,0,0,https://x.com/undefined/status/1893904959839600705,1349523443604090880,,
1535183850204463104,Mon Feb 17 09:17:50 +0000 2025,0,@anggaftrn @ohmybeautybank Aigner blue salsavage dior jaguat blue sama Paris pasport yang terakhir parfum cwek tapi recomend buat di pake sama cowok.,1891416758830960720,,anggaftrn,in,,0,1,0,https://x.com/undefined/status/1891416758830960720,981993040532271104,,
1891055117836620113,Sun Feb 16 09:49:28 +0000 2025,0,@anragraf Ga pake alkohol ya? Setiap aku beli kenapa beda2 ya.. Padahal udh bilang aigner blue,1891062328826720726,,anrabara,in,,0,1,0,https://x.com/undefined/status/1891062328826720726,1614621574451318784,,
1888959885435441265,Mon Feb 10 16:55:23 +0000 2025,4,@jembermfs Kalo aku biasanya Dunhill blue x vanilla Aigner blue x vanilla Dunhill blue x scandal Baccarat x moonlight Biasanya perbandingan yg manis sama yg seger 60 : 40. Nanti bibit pake 2:1 dijamin dah walaupun keringetan tambah wangi,1888995189362204736,,jembermfs,in,,0,0,1,https://x.com/undefined/status/1888995189362204736,1100943107690917888,,
1888959885435441265,Mon Feb 10 14:35:06 +0000 2025,16,/jbrfess/ ntah ini hidden gem atau bukan parfume Aigner blue di mix vanila buat aktivitas yg lumayan aktif wanginya makin keluar co ,1888959885435441265,,,in,,0,2,0,https://x.com/undefined/status/1888959885435441265,1188692236172578816,,
1871862288086393264,Thu Dec 26 06:02:48 +0000 2024,0,@tanyakanrl ada yang pake aigner blue ga gais rekomend gasi,1872161117239382141,,tanyakanrl,in,,0,0,0,https://x.com/undefined/status/1872161117239382141,1781609694525849601,,
1871862288086393264,Wed Dec 25 13:18:46 +0000 2024,0,@tanyakanrl Suka yg strong tp enak Bisa dovidoff cool water Dunhil blue Aga menengah aigner blue Bacarat Scandal Parfum non alkohol kasturi kijang Malaikat subuh,1871908446314074202,,tanyakanrl,in,,0,0,0,https://x.com/undefined/status/1871908446314074202,106955655,,
1830599133134033275,Mon Sep 02 16:11:30 +0000 2024,13,@tanyakanrl Biasanya sih : 1.Aigner Black (paling sering refill ini) 2. Versace Blue Jeans (buat hangout/jalan) 3. 1 Million Paco Robbane (biasanya buat acara kyk kondangan gitu) Honorable : 1. Polo Red (Paling laris di tmpt langganan) 2. Dior Sauvage (namanya ada 2 tp beda wanginya),1830639697875566624,,tanyakanrl,in,,0,0,3,https://x.com/undefined/status/1830639697875566624,1702873477991325696,,
1826517387367309632,Thu Aug 22 07:10:54 +0000 2024,0,PARFUM PRIA AROMA AIGNER BLUE EMOTION - LE AMOR PARFUM MAN- INSPIRED - BEST SELLER - BEST QUALITY dengan harga Rp50.000. Dapatkan di Shopee sekarang! https://t.co/dA7IazUC20 https://t.co/6oENDjcyGm,1826517387367309632,https://pbs.twimg.com/media/GVkX4lXbsAAh2cO.jpg,,in,,0,0,0,https://x.com/undefined/status/1826517387367309632,2420790121,,
1825195503811752056,Sun Aug 18 15:38:13 +0000 2024,0,Sebagai cewe yang suka wangi parfum cowo akhirnya beli deh varian aigner blue ini. Awalnya coba-coba ehh ternyata enak banget wanginya. Wanginya seger gitu lho vibes nya kek abis mandi. Size mini ini cocok buat dibawa kemana-mana cuma 20k an aja https://t.co/wsGhyq8Dng https://t.co/68Mydw4muT,1825195503811752056,https://pbs.twimg.com/media/GVRlgzXbcAEc_tZ.jpg,,in,,0,0,0,https://x.com/undefined/status/1825195503811752056,2378369714,,
1824700477688217740,Sat Aug 17 06:51:09 +0000 2024,0,Segarkan harimu dengan parfum refill 30ml hanya 8 ribuan! Wangi mewah harga hemat! Aroma parfum nya banyak banget yang suka wangi segar strong bisa pilih varian AIGNER BLUE! Best seller banget wanginya cocok buat cowok https://t.co/cLxx1xCwtB https://t.co/aNnKHCpzqP,1824700477688217740,https://pbs.twimg.com/media/GVKjZiIaUAAV7_Q.jpg,,in,,0,0,0,https://x.com/undefined/status/1824700477688217740,2378369714,,
1821918825191026822,Fri Aug 09 14:37:52 +0000 2024,0,Cek Aigner Blue Emotion Man - 100 ML dengan harga Rp748.000. Dapatkan di Shopee sekarang! https://t.co/cbbbFxwAo4 https://t.co/aQ6bTCgSD8,1821918825191026822,https://pbs.twimg.com/media/GUjBg-iWcAEC92v.jpg,,in,,0,0,0,https://x.com/undefined/status/1821918825191026822,278049313,,
1817566601958580365,Mon Jul 29 04:44:08 +0000 2024,0,@hrvp_ Iya mmg tp blue seduction kayak seger aja gitu aromanya. Asem2 sengak gitu. Iya davidoff intense water yg ada scent kelapa gurih. Dunhill/Aigner cocok buat outdoor. Klo indoor pusying.. Waktu itu aku cobain apa ya tuh enak gitu baunya manis bubble gum floral. Lupa merknya,1817783141060563363,,mas_h_p,in,,0,0,0,https://x.com/undefined/status/1817783141060563363,861604781869092864,,
1817566601958580365,Mon Jul 29 04:22:28 +0000 2024,0,@hrvp_ Iya yg woody powdery citrus amber gitu. Jadi meski soft tp ga pasaran. Dulu pernah nyoba Libre ga suka. Kalo burberry her nih rada tertarik karena manisnya enak. Davidoff intense water blue seduction Aigner blue emotion dunhill blue ini jg oke.,1817777689211932828,,mas_h_p,in,,0,0,0,https://x.com/undefined/status/1817777689211932828,861604781869092864,,
1815957487151206890,Wed Jul 24 03:49:38 +0000 2024,0,Aku nemu promo menarik di Lazada nih. Yuk coba lihat! Nama Produk: AIGNER BLUE parfum pria NON ALKOHOL/MINYAK WANGI REFILL PREMIUM nadira parfum Harga Produk: Rp55.000 Harga Diskon: Rp25.000 | https://t.co/tL4RyFR10U,1815957487151206890,,,in,,0,0,0,https://x.com/undefined/status/1815957487151206890,1711019667148697600,,
1815956735162736889,Wed Jul 24 03:46:39 +0000 2024,0,Aku nemu promo menarik di Lazada nih. Yuk coba lihat! Nama Produk: PARFUM TERLARIS AIGNER BLUE EMOTION / PARFUM COWOK TERPOPULER SUPER TAHAN LAMA / PARFUM PRIA TAHAN LAMA 24 JAM / FARFUM REFILL NON ALKOHOL Harga Produk: Rp75.000 Harga Diskon: Rp15.000 | https://t.co/eiZm6ys85O,1815956735162736889,,,in,,0,0,0,https://x.com/undefined/status/1815956735162736889,1711019667148697600,,
1802505111371157908,Mon Jun 17 01:26:27 +0000 2024,0,@noL__koma Cobain Bvlgari Aqua/davidoff intense water om. Kalo mau lebih strong ke Aigner/Dunhill blue yg cocok buat outdoor. Aqua di gio sama l'homme jg enak. Kl mau yg manis bs black opium. Tp aku lebih recommended ke Burberry her.,1802513101755142614,,noL__koma,in,,0,2,0,https://x.com/undefined/status/1802513101755142614,861604781869092864,,
1800137746725654794,Mon Jun 10 12:07:38 +0000 2024,0,Parfum londri clarissa parfum aigner blue pilihanmu bakal tak nggo teko somben ngasi pabrike tutup bakal nganggo kui terus ,1800137746725654794,,,in,,0,0,0,https://x.com/undefined/status/1800137746725654794,1549056983357345792,,
1799029906510414235,Fri Jun 07 10:45:28 +0000 2024,7,menurut gue parfum homo kabupaten itu adalah aigner blue dicampur vanilla,1799029906510414235,,,in,,0,1,0,https://x.com/undefined/status/1799029906510414235,1235432831758688257,,
1797880217505325251,Tue Jun 04 09:17:44 +0000 2024,0,@akeongg jakanya mencium ulun aja bau Aigner Blue,1797920662583124075,,akeongg,in,,0,1,0,https://x.com/undefined/status/1797920662583124075,1770615607115087872,,
1796951131907821614,Sat Jun 01 17:05:10 +0000 2024,0,yg wanginya mcm aigner black dunhill blue atau black opium,1796951131907821614,,,in,,0,0,0,https://x.com/undefined/status/1796951131907821614,1454250186335686656,,
1796164327000482289,Thu May 30 17:08:24 +0000 2024,0,@vav0uritee Aigner blue E-motion CK bee . Ini refilan yg klo lg di bandung beli ini . Cm klo gak di bandung n udh hbs dsni ya pake yg ada aja hehehe,1796227169905164577,,vav0uritee,in,,0,0,0,https://x.com/undefined/status/1796227169905164577,55157911,,
1795825100115333379,Wed May 29 14:30:43 +0000 2024,4,Untuk blue point ini wanginya emang aigner blue emotion banget sihh notes2 citrus oceanic yg aman untuk panas2an tp gw suka dry downnya agak muskyy SPL so so aja di 6jam an next beli yg festival layangan sama papan selancar kali yaa,1795825100115333379,,,in,,1,0,1,https://x.com/undefined/status/1795825100115333379,133689372,,
1793953482837516723,Fri May 24 10:42:09 +0000 2024,0,@convomfs Scandal lovely romanwish pink siffon love pink avril so sexy ni buat cwe Dunhil blue aigner blue soft hugo xx dunhil london ni buat cwo Klo yg mix bisa unisex dunhil blue sama scandal dunhil blue sama romanwish,1793955640949547469,,convomfs,in,,0,0,0,https://x.com/undefined/status/1793955640949547469,1426110747105398790,,
1790598991668797833,Wed May 15 06:56:55 +0000 2024,0,@zwrgnfrnd @HLCruises Blue Curacao mit Sekt - als Aperitif,1790637469081186534,,,in,,0,0,0,https://x.com/undefined/status/1790637469081186534,37270128,,
1790598991668797833,Wed May 15 06:56:22 +0000 2024,1,@ThomasPoebel @HLCruises Blue Curacao mit Sekt - als Aperitif,1790637330379714979,,ThomasPoebel,in,,0,1,0,https://x.com/undefined/status/1790637330379714979,37270128,,
1786658818505736464,Sun May 05 05:02:29 +0000 2024,0,@convomf in parfum enak2 kenzo batang kenzo daun tbs moringa chloe d&amp;g light blue (ini enak bgt gila) aigner debut dior savage semua varian burbery. sama ada parfum andalan guehh tp gate keep ahhhh WKWKWKWKWK,1786984791814046186,,convomf,in,,0,0,0,https://x.com/undefined/status/1786984791814046186,1342338583328256001,,
1786869523926426043,Sat May 04 21:24:27 +0000 2024,0,sekarang lebih sering mix scandal+ aigner blue manis seger manjaahhh,1786869523926426043,,,in,,0,1,0,https://x.com/undefined/status/1786869523926426043,2271177804,,
1786658818505736464,Sat May 04 11:52:10 +0000 2024,0,@convomf Aigner blue sumpah baunya segerrr bgt,1786725502906216684,,convomf,in,,0,0,0,https://x.com/undefined/status/1786725502906216684,1544194740827983874,,
1785884427073323495,Thu May 02 04:12:02 +0000 2024,0,@fwbbasesby3 dunhill blue x vanilla indoor/outdoor apalagi keringetan malah wangi / aigner blue x vanilla..gw make 22 nya,1785884932516266494,,fwbbasesby3,in,,0,0,0,https://x.com/undefined/status/1785884932516266494,1750933779093553154,,
1785291291267575857,Tue Apr 30 12:53:07 +0000 2024,0,Ge aku lupa ini uda pernah ditanya apa belum. Tapi gege pake perfum apa ya? Aku mau tau notesnya :( Aigner pour Homme Blue Emotion. Art Derora SWINGS. https://t.co/iwopPHG8nX,1785291291267575857,,,in,,0,0,0,https://x.com/undefined/status/1785291291267575857,511817796,,
1774438196514017381,Sun Mar 31 14:06:48 +0000 2024,2,gawaaat skrg gw bucin bgt sama parfum aigner blue dibanding eros ,1774438196514017381,,,in,,0,0,0,https://x.com/undefined/status/1774438196514017381,1165687986526158848,,
1771864587463258286,Sun Mar 24 11:40:19 +0000 2024,1,Dapet dua tester dan dua duanya wangii. Carolina Herrera Good Girl : wanginya nenangin fresh melati (menurutku) enakk Aigner Blue Emotion : lebih strong klo kalian pernah nyium wangi sampo Zinc men wanginya persis kyak gtu https://t.co/OmibXuKL8f,1771864620174659850,https://pbs.twimg.com/media/GJbterwagAAyCDD.jpg,lavenzysft,in,,0,1,0,https://x.com/undefined/status/1771864620174659850,1388983002009464832,,
1770358969430650983,Wed Mar 20 08:06:35 +0000 2024,1,oh this is interesting! si Taajour kayaknya dupe Aigner Blue. sementara si Ciseaoux ini rupanya Sauvage,1770361277853938156,,djenanggulo,in,,0,0,0,https://x.com/undefined/status/1770361277853938156,123527341,,
1765214635832258602,Wed Mar 06 03:15:39 +0000 2024,0,Cek PARFUM PRIA AROMA AIGNER BLUE EMOTION - LE AMOR PARFUM MAN- INSPIRED - BEST SELLER - BEST QUALITY dengan harga Rp50.000. Dapatkan di Shopee sekarang! https://t.co/BWeQxlAtlU https://t.co/PY1XQNaJuO,1765214635832258602,https://pbs.twimg.com/media/GH9NWz_b0AAtdCG.jpg,,in,,0,0,0,https://x.com/undefined/status/1765214635832258602,1514742094891429903,,
1761026901982777499,Sat Feb 24 03:24:01 +0000 2024,2,@FirmanNew8 @tanyakanrl aku juga suka fav ku tuh jaguar vision kekk ganteng banget itu aromanyaa. bisa tandingin sama bvlgari extreme atau aigner blue/black,1761230474469614012,,FirmanNew8,in,,0,1,1,https://x.com/undefined/status/1761230474469614012,1475304858710249473,,
1761026901982777499,Sat Feb 24 00:32:58 +0000 2024,1,@siiianaktunggal @tanyakanrl Aigner blue campur apalagi ya yang enak?,1761187425743700037,,siiianaktunggal,in,,0,1,0,https://x.com/undefined/status/1761187425743700037,1167689935,,
1761079286801543588,Fri Feb 23 17:23:15 +0000 2024,1,Refill yg muter2 sesuai keadaan : 212 VIP Armand Basi Night Blue Maher Zain Eternity for men dan tentunya si pasaran idaman di lapangan yaitu Aigner Black,1761079286801543588,,,in,,0,0,0,https://x.com/undefined/status/1761079286801543588,104504334,,
1761026901982777499,Fri Feb 23 16:31:26 +0000 2024,10,@dabeellyuu @tanyakanrl tergantung mau nya kamu gmn? kalo aku 20%vanilla 80%aigner blue,1761066246425166181,,dabeellyuu,in,,0,1,1,https://x.com/undefined/status/1761066246425166181,1475304858710249473,,
1761026901982777499,Fri Feb 23 14:56:18 +0000 2024,15,@Masyaallah77 @tanyakanrl cobain aigner blue emotion x vanilla cake dehhh. aromanya manis bikin candu,1761042303966478534,,Masyaallah77,in,,0,0,6,https://x.com/undefined/status/1761042303966478534,1475304858710249473,,
1726954521333838027,Tue Nov 21 13:57:43 +0000 2023,0,@tanyakanrl Kalo suka yg seger seger : 1. Aigner blue 2. Dunhill blue Yg ku tau itu aja sih soalnya seringnya itu. Ada lagi D&amp;G light blue. 3 ini aja yg sering ku pake.,1726963102766518469,,tanyakanrl,in,,0,0,0,https://x.com/undefined/status/1726963102766518469,2288254405,,
1726766414693077163,Tue Nov 21 13:53:23 +0000 2023,7,@Mulutbayu @tanyarlfes kalau untuk cowo bisa ini : black opium versace eros man dunhill blue (strong) aigner in leather man ,1726962011437941117,,pooobay,in,,0,0,1,https://x.com/undefined/status/1726962011437941117,335072229,,
1726766414693077163,Tue Nov 21 10:23:21 +0000 2023,0,@tanyarlfes Gw beli sekali 3 botol kmren. Dunhill blue Baccarat Aigner black,1726909153166434541,,tanyarlfes,in,,0,0,0,https://x.com/undefined/status/1726909153166434541,97256643,,
1726766414693077163,Tue Nov 21 04:49:39 +0000 2023,3,@judee_5 @tanyarlfes black opium atau one direction our moment tipe wangi yang manis bang kebanyakan parfum cowok itu lebih ke strong kaya dunhill blue atau aigner blue bang ,1726825175432544307,,dhixxdi,in,,0,1,0,https://x.com/undefined/status/1726825175432544307,335072229,,
1726766414693077163,Tue Nov 21 04:41:28 +0000 2023,0,@tanyarlfes Ada yg pake varian aigner blue? Ripiw dunggg,1726823117367185524,,tanyarlfes,in,,0,0,0,https://x.com/undefined/status/1726823117367185524,3301160927,,
1726420576149876834,Mon Nov 20 02:01:55 +0000 2023,0,Indah Parfum Inspired by AIGNER BLUE EMOTION kualitas Prrmium 30ml IOFULPK https://t.co/5d9Mdo8nX8 https://t.co/VglE3uhnAb,1726420576149876834,https://pbs.twimg.com/media/F_V6WzxXcAAXm5F.jpg,,in,,0,0,0,https://x.com/undefined/status/1726420576149876834,1587266176333258753,,
1724203218664861930,Mon Nov 13 23:45:41 +0000 2023,3,Silakan kalo mau po ada: bulgari extreme bulgari black bulgari rose 212 vip black opium chanel d'hermes ck blue emporio armani giorgio armani burberry victoria secreet aigner black dior jaguar zara hugo boss etc,1724211967026712586,,discreet_banget,in,,1,3,0,https://x.com/undefined/status/1724211967026712586,928815685026725890,,
1722570772940800101,Fri Nov 10 16:57:49 +0000 2023,0,@lomlmrks parfumku aigner blue cari aja di bibit parfum terdekat dan dapatkan promonya kak:),1723022157783957977,,lomlmrks,in,,0,1,0,https://x.com/undefined/status/1723022157783957977,1565329914324480000,,
1721148205046673713,Tue Nov 07 03:45:35 +0000 2023,1,@Pramudya777 @aldapstsr Menurut aku sih vanilla body soap Aigner blue E dunhile blue ,1721735622254330087,,Pramudya777,in,,0,0,0,https://x.com/undefined/status/1721735622254330087,1456186724963418114,,
1721401619164942841,Mon Nov 06 05:38:22 +0000 2023,0,Versace eros or Creed? Yg pernah/sedang pakai mbok dibantu rekomendasikan pilih sek mana Skrg baru pakai dunhill blue sama aigner black. Semuanya ok sih menurutku. Pengen coba lainnya takut zonk haha,1721401619164942841,,,in,,0,0,0,https://x.com/undefined/status/1721401619164942841,1603777884782727169,,
1719227257368248731,Tue Oct 31 05:38:14 +0000 2023,0,Adakah perfume brand lokal yg baunya mirip blue aigner?,1719227257368248731,,,in,,0,0,0,https://x.com/undefined/status/1719227257368248731,1669896480,,
1718910013828379122,Mon Oct 30 08:37:53 +0000 2023,7,Btw aku juga dapet 3 testernya mereka - Dior Sauvage: wangi fresh citrus elegant cocok buat cowo2 - Chanel Coco: wangi fresh sexy tapi ada wangi sweet mix powdery - Aigner Blue Emotion: wanginya ingetin bgt sama parfum papaku haha seger bgt wanginya kyk laut dan ada aroma woody,1718910080874353137,,kanyaamrs,in,,0,1,0,https://x.com/undefined/status/1718910080874353137,1497219314004656129,,
1718840341561057575,Mon Oct 30 04:14:17 +0000 2023,5,Setiap pembelian parfum itu dapet tester gratis Ku dapet 3 Chanel Coco : citrus woody patchouli sweet Fresh lembut Aigner Blue Emotion : Citrus Aromatic Fresh Dior Sauvage : bergamots mandarin orange fresh https://t.co/Hq5cSk2ZD8 https://t.co/ywMRucJEsJ,1718843741388288355,https://pbs.twimg.com/media/F9qPRB0agAAO7nO.jpg,sviadersa,in,,0,0,3,https://x.com/undefined/status/1718843741388288355,870288354897678336,,
1717062399260537265,Wed Oct 25 06:15:52 +0000 2023,1,Cek PARFUM PRIA AIGNER BLUE EMOTION AROMA TAHAN LAMA MINYAK WANGI COWOK | PARFUME FARFUM PERFUME. Dapatkan di Shopee sekarang! https://t.co/8MwBXJr12t https://t.co/NFSAVoEche,1717062399260537265,https://pbs.twimg.com/media/F9Q7Jx0aoAA2nD1.jpg,,in,,0,0,0,https://x.com/undefined/status/1717062399260537265,1671493056561020931,,
1710842219333324996,Sun Oct 08 02:22:06 +0000 2023,0,1. aigner blue emotion pertama kali nyoba perfume ini wanginya cukup bold tapi ga nyampe nyelekit... ibaratnya minta disniff tiap saat sekali aja ga cukup sensasinya bikin seger sepanjang hari apalagi buat anak lapangan kayak gue cuma karena produk lama susah nemunya,1710842978137407512,,fayeisnotgarcon,in,,0,1,0,https://x.com/undefined/status/1710842978137407512,1569833378635218945,,
1707034154175762587,Fri Sep 29 12:25:06 +0000 2023,0,@ohmybeautybank Pake dunhill blue atau aigner black aja ka https://t.co/N3NsZ9qyek disini lg promo dia,1707733239048397288,,ohmybeautybank,in,,0,0,0,https://x.com/undefined/status/1707733239048397288,3743054294,,
1706460375489867868,Tue Sep 26 02:26:27 +0000 2023,0,@ohmybeautybank Ndeer coba aigner blue emotion. Atau gak bvlgari aqua,1706495417758966034,,ohmybeautybank,in,,0,0,0,https://x.com/undefined/status/1706495417758966034,1556490783402106880,,
1702468761759154337,Thu Sep 14 23:45:57 +0000 2023,0,Temukan SWEET MEMORIES - Parfum Pria &amp; Wanita Aroma Tahan Lama Inspired By AIGNER BLUE EMOTION - Eau De Parfum dengan potongan 50%! Hanya Rp25.000. Dapatkan segera di Shopee! https://t.co/PO4xMY2b03 #ShopeeID https://t.co/ad9isUqn2o,1702468761759154337,https://pbs.twimg.com/media/F6BiUOFagAAnC6k.jpg,,in,,0,0,0,https://x.com/undefined/status/1702468761759154337,90359323,,
1698248120499622231,Sun Sep 03 08:14:38 +0000 2023,1,diantara 4 extrait perfume yg plg top dikalangan pria (dior sauvage versace eros aigner blue ch 212 sexy man) gw plg suka aigner blue si. LAKIKny tu dapet tpi kek yg gentleman gtu. tpi ttep fav gw bvlgari extreme ehheheh wangi ala ala LAKIK yg bold spicy hot n fearless gtu deh,1698248120499622231,,,in,,0,0,0,https://x.com/undefined/status/1698248120499622231,1301581675223105536,,
1696183386212372966,Mon Aug 28 15:36:38 +0000 2023,0,terus parfum gue sekarang selang-seling dolce &amp; gabbana - light blue zara - gardenia dan aigner - starlight. melenceng jauh dari bau-bau gue yang dulu wkwk,1696185026545947130,,carb_onara,in,,0,0,0,https://x.com/undefined/status/1696185026545947130,765247016,,
1695946454781882551,Mon Aug 28 07:25:03 +0000 2023,2,@ohmybeautybank Refill parfum bibit 90% udh paling mantebb berhari hari disangkutin jg masih nempel aku suka pake zara red vanilla klo kamu suka wangi strong elegan baccarat klo suka agak manis sama paris hilton klo suka manis feminim kadang pake aigner blue klo lg pengen parfum cowo mntb,1696061313729040592,,ohmybeautybank,in,,0,0,0,https://x.com/undefined/status/1696061313729040592,1234392824671428608,,
1695715566370320601,Sun Aug 27 08:31:10 +0000 2023,0,wangi aigner blue emotion enak bgt bjir,1695715566370320601,,,in,,0,0,0,https://x.com/undefined/status/1695715566370320601,1644332991681036289,,
1693461321055183172,Mon Aug 21 03:13:36 +0000 2023,0,Versace eros atau aigner blue guysss yg ok,1693461321055183172,,,in,,0,0,0,https://x.com/undefined/status/1693461321055183172,454590978,,
1693350803799756950,Sun Aug 20 19:54:27 +0000 2023,0,dior sauvage sama aigner black sih juara kalo buat ngedate atau jalan sama pacar tapi kalo kerja atau ngegym bakal lebih milih coach blue sih.,1693350803799756950,,,in,,0,0,0,https://x.com/undefined/status/1693350803799756950,1661364230606696449,,
1692821428205416830,Sat Aug 19 09:38:42 +0000 2023,0,@teletubiezzzz Cowo mah biasanya pake Baccarat Aigner Blue Bulgaria Extreme (isi ulang),1692833459650388350,,teletubiezzzz,in,,0,0,0,https://x.com/undefined/status/1692833459650388350,424125482,,
1692097544963396009,Thu Aug 17 08:54:27 +0000 2023,0,hmm kata gw aigner blue emotion wanginy rda mirip bvlgari extreme cuma klo a blue di lbih kalem klo b extreme dia lbih bold,1692097544963396009,,,in,,0,0,0,https://x.com/undefined/status/1692097544963396009,1301581675223105536,,
1691701938373730423,Thu Aug 17 01:44:26 +0000 2023,0,@tanyarlfes Aigner blue emotion nder. Wanginya gak mainstream. Kaya lemon2 gitu mungkin. Bukan wangi manis kaya parfum pasaran,1691989327990214960,,tanyarlfes,in,,0,0,0,https://x.com/undefined/status/1691989327990214960,1189961936177229826,,
1689933430296039424,Fri Aug 11 09:39:52 +0000 2023,0,@JUALAN_BASE dom bandung sisa aigner blue sama jomal https://t.co/abdfRC4W5Q,1689934649299292160,https://pbs.twimg.com/media/F3Pam4xbkAEdtLC.jpg,JUALAN_AUTOBASE,in,,0,0,0,https://x.com/undefined/status/1689934649299292160,796685582873272320,,
1689644918833340416,Thu Aug 10 14:28:35 +0000 2023,0,yg mau beli parfum refill bisa ke shopee irrenkim yapss sisa zr orchid (1) aigner blue (1) jomal peony blush (1) ada tambahan lovillea yg kemasan ungu (1) jadi 5k pake vc live wts shopee live parfum,1689644918833340416,,,in,,0,1,0,https://x.com/undefined/status/1689644918833340416,796685582873272320,,
1689526295179468800,Thu Aug 10 06:37:13 +0000 2023,0,gais yg mau parfum refill free boleh dm aja terus mention aku yaa biar kebuka dm nya masih ready zr gardenia (1) zr orchid (1) aigner blue (1) jomal peony blush (1) sistemnya co di 40k nanti di tfb 20k setelah resi keluar,1689526295179468800,,,in,,0,1,0,https://x.com/undefined/status/1689526295179468800,796685582873272320,,
1689457793978474496,Thu Aug 10 02:18:35 +0000 2023,0,@JUALAN_BASE aku ada refill parfum gtu yg aigner blue zara orchid zara gardenia free ya sekali co dapet 1 botol isinya 30ml,1689461210692079617,,JUALAN_AUTOBASE,in,,0,3,0,https://x.com/undefined/status/1689461210692079617,796685582873272320,,
1689432627948945408,Thu Aug 10 02:16:19 +0000 2023,0,@JUALAN_BASE nder aku ada refill parfum gtu yg aigner blue zara orchid zara gardenia free ya sekali co dapet 1 botol isinya 30ml,1689460636609359872,,JUALAN_AUTOBASE,in,,0,0,0,https://x.com/undefined/status/1689460636609359872,796685582873272320,,
1686662945957466112,Wed Aug 02 09:15:52 +0000 2023,0,nah yang terakhir ada dari brand aigner lagi warnanya blue pastinya authentic 100% dengan harga Rp 9 5jt. #wtsaignerbag #wtsaigner https://t.co/VdUW7vw75i,1686667119415746560,https://pbs.twimg.com/media/F2g-zW_a4AAHWVG.jpg,shaams108,in,,0,0,0,https://x.com/undefined/status/1686667119415746560,1141655730342072320,,
1681686903291281410,Wed Jul 19 15:43:26 +0000 2023,0,@halukankamu @ohmybeautybank Aku ada aigner black dunhil blue 212 men,1681691223059501057,,halukankamu,in,,0,0,0,https://x.com/undefined/status/1681691223059501057,609701736,,
1681618178672312320,Wed Jul 19 10:56:58 +0000 2023,1,@ohmybeautybank Bulgari aqva nder segerr buat outdoor atau indoor menurut ku fav kedua selain Aigner blue,1681619132213772289,,ohmybeautybank,in,,0,0,0,https://x.com/undefined/status/1681619132213772289,1591625097038954496,,
1679741569765888001,Fri Jul 14 06:36:13 +0000 2023,0,octarine aigner blue emotion 6/10 - pertama kali semprot spt bau minyak angin (kek tanaman dicampur² jd agak nyengit dikit) surprisingly lama² kalem dan enak ga kek minyak angin .. manis tapi ga manis bgt agak cowok baunya [emg parfum cowo si],1679741572299255808,,chocoteahyung,in,,0,0,0,https://x.com/undefined/status/1679741572299255808,1066909544939286530,,
1670283961292165120,Sun Jun 18 04:30:21 +0000 2023,18,@sbyfess aku demen pake parfum bibit nder dan gonta ganti yg fave menurutku. bau manis : scandalous pink chiffon (wenakk) honey vanilla bau cowo : aigner blue dunhil blue hugo boss dior sauvage bau seger : sweet poppy (ky hbs mandi) aquakiss romanwish,1670287810526613504,,sbyfess,in,,0,3,3,https://x.com/undefined/status/1670287810526613504,1263856835477504000,,
1667406705154727936,Sat Jun 10 12:16:27 +0000 2023,0,@urlovelymeow dah pernah nyium baunya aigner blue emotion blm?,1667506008426692608,,urlovelymeow,in,,0,0,0,https://x.com/undefined/status/1667506008426692608,1511675716592889861,,
1666091322191777793,Tue Jun 06 14:36:35 +0000 2023,0,@tanyakanrl Siapapun cowok nya aku kasih blue emotion nya aigner,1666091721393070080,,tanyakanrl,in,,0,0,0,https://x.com/undefined/status/1666091721393070080,1519802073180565504,,
1665273670770782208,Sun Jun 04 08:36:42 +0000 2023,0,@ohmybeautybank parfum bibitan! aigner blue terus apalagi ya aigner black! please itu mereka berdua enak banget baunya. selengkapnya coba lihat foto okay! https://t.co/YrwHVMTZ5w,1665276378315382784,https://pbs.twimg.com/media/FxxACQtakAcxq6N.jpg,ohmybeautybank,in,,0,0,0,https://x.com/undefined/status/1665276378315382784,1229978169882693633,,
1664331725055602689,Thu Jun 01 18:02:59 +0000 2023,0,Ga terlalu demen parfum tpii kalo ada cowok pake ini kek iwiiww wangii bett dahh :) Dior souvage bvlgari aqua d&amp;g light blue aigner blue,1664331725055602689,,,in,,0,0,0,https://x.com/undefined/status/1664331725055602689,1479424742511636481,,
1661226477566787585,Wed May 24 04:23:51 +0000 2023,0,Indah Parfum Inspired by AIGNER BLUE EMOTION kualitas Prrmium 30ml IY2KBSW https://t.co/mrd3BDg8Nl https://t.co/IM5dheZtME,1661226477566787585,https://pbs.twimg.com/media/Fw3cq38XoAEChCV.jpg,,in,,0,0,0,https://x.com/undefined/status/1661226477566787585,1575681868032155648,,
1625159156427816962,Wed Feb 15 13:49:22 +0000 2023,0,@posisisambat @Be_TED @sbyfess Tak jajal om aquadi x jaguar rela meninggalkan aigner blue demi bibit campuran https://t.co/jrUIHxamZZ,1625854785013575682,https://pbs.twimg.com/media/FpAyTNvaMA4Eta3.jpg,posisisambat,in,,1,1,0,https://x.com/undefined/status/1625854785013575682,1081813436508467200,,
1625159156427816962,Wed Feb 15 05:34:47 +0000 2023,1,@posisisambat @sbyfess ih benerr pas lagi keluar bareng sama temen cowo bawaannya pengen nempel terus tak tanyain parfumnya aigner blue,1625730318782304257,,posisisambat,in,,0,1,0,https://x.com/undefined/status/1625730318782304257,2175062767,,
1625159156427816962,Tue Feb 14 14:49:08 +0000 2023,0,@sbyfess aigner blue nder kek pny e cowoku wkwk,1625507439524339712,,sbyfess,in,,0,0,0,https://x.com/undefined/status/1625507439524339712,1368768643354427392,,
1625159156427816962,Tue Feb 14 13:16:19 +0000 2023,0,@Xxtamicho @posisisambat @sbyfess aigner blue nde tempatku 49.999 kualitas premium,1625484078874238977,,Xxtamicho,in,,0,1,0,https://x.com/undefined/status/1625484078874238977,609701736,,
1625159156427816962,Tue Feb 14 10:43:45 +0000 2023,6,@posisisambat @sbyfess aku cewe pengguna aigner blue jek jomblo ganok sg nempel. hoaxxx ,1625445686736203777,,posisisambat,in,,0,3,0,https://x.com/undefined/status/1625445686736203777,1210365405673345024,,
1625159156427816962,Tue Feb 14 01:48:55 +0000 2023,2,@posisisambat @sbyfess Mas bro Aigner blue e dicampur opo btw lek tuku e dek shopee,1625311092133212160,,posisisambat,in,,0,2,0,https://x.com/undefined/status/1625311092133212160,2984062878,,
1624049133328777218,Fri Feb 10 14:14:21 +0000 2023,0,kalo boleh saran si ini aigner blue lebih cocok dipake malem hari dah,1624049133328777218,,,in,,0,0,0,https://x.com/undefined/status/1624049133328777218,1385263552257134598,,
1622438500166680576,Mon Feb 06 14:42:14 +0000 2023,28,@infobdg Klo tiap ke Bandung beli di inn parfume buat cewek jo Malone buat cowok Aigner blue Emotion sama ck bee,1622606597926305794,,infobdg,in,,0,0,3,https://x.com/undefined/status/1622606597926305794,55157911,,
1622023608397713409,Sun Feb 05 00:05:38 +0000 2023,0,Bibit Parfum Murni Aigner Blue 250gr segel pabrik by LBM IXN0FFQ https://t.co/lcUD5VtRqs https://t.co/cGdhPf1ss0,1622023608397713409,https://pbs.twimg.com/media/FoKV3elXgAEDCks.jpg,,in,,0,0,0,https://x.com/undefined/status/1622023608397713409,1578694610305617920,,
1621159021989470209,Fri Feb 03 06:22:20 +0000 2023,0,@convomfs - ysl black opium - aigner starlight - dolce&amp;gabanna light blue - channel coco - estee lauder modern muse - zara gardenia - zara twilight - bbw mad about you - vs angel gold - zara lily pad - zara tuberose dan masi banyak lg itu aj yg ku spill karena ak sering pake,1621393633785290754,,convomfs,in,,0,1,0,https://x.com/undefined/status/1621393633785290754,1506611849395326985,,
1621159021989470209,Thu Feb 02 16:09:50 +0000 2023,0,@Iky20_ @convomfs Bisa di deskripsiin ga nder parfum aigner Blue tuh wanginya kek mana?,1621179094477193220,,Iky20_,in,,0,1,0,https://x.com/undefined/status/1621179094477193220,1320947291667091456,,
1619330422999220226,Sat Jan 28 13:43:53 +0000 2023,0,Nyuci baju jan lupa pakein downy mystique parfum kalo pagi-siang aigner blue kalo malem 212 sexy aigner first class,1619330422999220226,,,in,,0,0,0,https://x.com/undefined/status/1619330422999220226,4107803606,,
1618825590769065985,Fri Jan 27 04:17:51 +0000 2023,0,Jumat berkah Aroma yang pas buat jumatan nanti - aigner blue - bulgari extrem - wardatul khalij - casturi - dalal Mantap nihh #apparel #apparelparfum,1618825590769065985,,,in,,0,0,0,https://x.com/undefined/status/1618825590769065985,1324761742778359816,,
1610656633839063043,Fri Jan 06 12:54:58 +0000 2023,0,@jeyislamiah hahahahanjir gw juga sedikit trauma sama kenangan mantan grgr pas sama dia gw pakenya aigner blue terus ,1611345582102306817,,jeyislamiah,in,,0,1,0,https://x.com/undefined/status/1611345582102306817,363673536,,
1610459203185020928,Wed Jan 04 03:28:27 +0000 2023,0,@unnesmenfess dari semua orang yg aku kenal paling memorable itu mantan gebetan baunya soft manis khas dan awet bgt. Tiap balik ngedate ampe berhari-hari nempel di baju. ampe sekarang ya ada yg ngalahin . Dia ngakunya sih pake Aigner yg blue emotion.,1610478236651094019,,unnesmenfess,in,,0,0,0,https://x.com/undefined/status/1610478236651094019,3489049157,,
1607537483704832000,Tue Dec 27 00:43:41 +0000 2022,0,@convomfs Lupa merk tpi aroma nya aigner blue,1607537670628212736,,convomfs,in,,0,0,0,https://x.com/undefined/status/1607537670628212736,1319228068381118464,,
1606501958378192896,Sat Dec 24 06:25:20 +0000 2022,1,@hrdbacot Ngomongin soal parfume man teman ada yang punya botol bekas aigner blue emotion gak ya? Punya ku hilang kepala semprotan nya dimainin bocah Jadi gak bisa dipake lagi padahal masih banyak. https://t.co/m4PLTT54af,1606536484856942599,https://pbs.twimg.com/media/FkuQaU7UEAEgFq0.jpg,hrdbacot,in,,0,0,0,https://x.com/undefined/status/1606536484856942599,440976730,,
1603354221335564289,Thu Dec 15 11:45:40 +0000 2022,0,@Askrlfess blue aigner enakkk bgttt baunyaa kakkk,1603355608912039936,,Askrlfess,in,,0,0,0,https://x.com/undefined/status/1603355608912039936,2864354848,,
1600473743289384960,Wed Dec 07 12:54:10 +0000 2022,5,Manzone Alpha Linn Young Just For Me Naomi Triumph La Rive Cash Saff n Co SOTB Saff n Co Troupe Colonial Club Ashley Lillian Night Dive Master Kidz Superman Aigner Blue Emotions Lelido Winner tergantung mood dan acara kadang suka di mix juga biar baunya ga ada yg samain wkwkwk,1600473743289384960,,,in,,0,2,0,https://x.com/undefined/status/1600473743289384960,1182148112963387393,,
1599036986656186369,Sat Dec 03 18:57:59 +0000 2022,0,@Winterusgasih @tanyarlfes Aigner blue. Sama parfum kahf yg ijo sama biru.,1599115750798954496,,,in,,0,0,0,https://x.com/undefined/status/1599115750798954496,1450946710440583171,,
1596673509366775809,Sun Nov 27 10:06:30 +0000 2022,0,@DraftAnakUnpad Kalo gue pernah pake 3 varian parfum dari merk lokal namanya parfe. Wangi + tahan lama buat dipake seharian. Di antara tiga parfum ini cewe gue bilang varian aigner blue emotion (yang sebelah kanan) paling enak karena ga terlalu nyengat di idung jadi bikin nyaman pas lagi bareng https://t.co/c8wK8i1oaD,1596807670375550977,https://pbs.twimg.com/media/FikAG7CaMAArJhw.jpg,DraftAnakUnpad,in,,0,0,0,https://x.com/undefined/status/1596807670375550977,1074336048908357632,,
1596330558358884352,Sat Nov 26 08:04:04 +0000 2022,0,@ohmybeautybank Aigner blue isi ulang aja awet ampe seharian,1596414470250979328,,ohmybeautybank,in,,0,0,0,https://x.com/undefined/status/1596414470250979328,1537633846019379200,,
1596220184649662464,Fri Nov 25 19:12:03 +0000 2022,0,DAHHHH AKHIRNYA GUE BELI PARFUM AIGNER BLUE EMOTION WISHLIST GWEEEEEE YA ALLAHHH,1596220184649662464,,,in,,0,0,0,https://x.com/undefined/status/1596220184649662464,1344992706800410624,,
1593839101563707393,Sat Nov 19 18:14:33 +0000 2022,93,@ohmybeautybank Rekomen aku nder aku beli di refill in parfum bdg - pacco rabbane olympea - aigner debut - twilly hermes - lancome tresor la nuit - dng the only one - dng light blue - gucci guilty - bulgari jasmine noir - lv ombre nomade Dijamin mantep dan ga pasaran ,1594031387170209792,,ohmybeautybank,in,,0,7,14,https://x.com/undefined/status/1594031387170209792,1151129665697792001,,
1591353242776002561,Sat Nov 12 09:26:17 +0000 2022,0,@BoyzFess_ channel Allure Sport buat luar ruangan Dunhill blue Aigner blue Dior sauvage buat dalam ruangan,1591361732970426371,,BoyzFess_,in,,0,0,0,https://x.com/undefined/status/1591361732970426371,1541630149510443008,,
1588347041217855488,Sun Nov 06 04:59:27 +0000 2022,0,@sbyfess Cewe: vanilla coconut &amp; scandalous krn aku suka yg manis Cowo: aigner blue (gatau krn suka aja sama cowo yg pake nih parfum karena seger2 gimana gitu &amp; sama kayak wanginya mas ex),1589120253866692609,,sbyfess,in,,0,0,0,https://x.com/undefined/status/1589120253866692609,1058689607745757184,,
1585951006570868738,Sat Oct 29 05:48:32 +0000 2022,0,@AREAJULID Lebih enak ysl Y sama aigner blue. Lebih mematikan,1586233503603036161,,AREAJULID,in,,0,0,0,https://x.com/undefined/status/1586233503603036161,83138798,,
1581583297519362048,Mon Oct 17 08:35:04 +0000 2022,0,@ohmybeautybank Gonta ganti sih tapi lebih sering Aigner blue emotion atau ga BVLGARI extreme four home sama black opiun tapi lebih sering ke Aigner blue emotion,1581926757174693890,,ohmybeautybank,in,,0,0,0,https://x.com/undefined/status/1581926757174693890,1533717864540434432,,
1581583297519362048,Sun Oct 16 14:17:00 +0000 2022,0,@ohmybeautybank Kalo aku sih biasanya pake Bvlgari Homme GA Homme sama Aigner Blue. Pada kalem dan cool banget wanginya.,1581650419394424833,,ohmybeautybank,in,,0,0,0,https://x.com/undefined/status/1581650419394424833,290989318,,
1581583297519362048,Sun Oct 16 13:52:44 +0000 2022,7,@ra_archive Mjb kakaknya bisa coba d&amp;g light blue bulgari extreme romantic wish aigner black jaguar blue/vision. Tp menurutku Aigner black lebih manly,1581644314526220290,,ra_archive,in,,0,0,1,https://x.com/undefined/status/1581644314526220290,1390577695507898370,,
1581583297519362048,Sun Oct 16 13:31:18 +0000 2022,0,@ohmybeautybank Aigner blue emotion parfum cowo tapi wanginya enak banget. Gue suka pake itu...,1581638920869380096,,ohmybeautybank,in,,0,0,0,https://x.com/undefined/status/1581638920869380096,1039330458352275456,,
1581198956368777216,Sat Oct 15 08:23:03 +0000 2022,0,Hmm mungkin karena emg pada sukanya bau yang begitu?? Karena ku ada d&amp;g light blue.. tp tetep pakenya yang notesnya ada amber bergamot vanilla patchouli woody musk n a bit jasmine = TM alien hugo deep red aigner femme ysl elle(ni fav sih),1581198956368777216,,,in,,0,0,0,https://x.com/undefined/status/1581198956368777216,1641697644,,
1581198146503598080,Sat Oct 15 08:19:50 +0000 2022,0,Bvlgari aqua sama aigner blue emotion hadeh itu lagi itu lagi,1581198146503598080,,,in,,0,0,0,https://x.com/undefined/status/1581198146503598080,117084319,,
1580213083699441664,Wed Oct 12 21:09:33 +0000 2022,0,@bogorfess_ tergantung budget. kl ada rejeki prefer ke aigner blue sama white shadow kl soft gt,1580304690947899392,,bogorfess_,in,,0,0,0,https://x.com/undefined/status/1580304690947899392,1310121623622578177,,
1578981094732361728,Sun Oct 09 05:53:19 +0000 2022,0,@FWBESS lagi pake yg aigner blue.. harga 600rb 125ml,1578986949569703937,,FWBESS,in,,0,0,0,https://x.com/undefined/status/1578986949569703937,1194432532168630272,,
1577490972665319425,Wed Oct 05 03:42:58 +0000 2022,0,@ohmybeautybank - dg light blue (her him sama2 enak) - aigner debut - bvlgari omnia - kenzo bali (ini enak) - parfum refill shoft,1577504595395633152,,internedz,in,,0,0,0,https://x.com/undefined/status/1577504595395633152,159758084,,
1575176685716021248,Wed Sep 28 17:32:41 +0000 2022,0,Banyak yang paling sering vanilla Allison sama YSL black opium Dunhill desire blue sama Aigner juga sering eh bvlgari juga dah yang omnia https://t.co/mPHWZPaIF0,1575176685716021248,https://pbs.twimg.com/media/Fdwm2RRUAAA3wmu.jpg,,in,,0,0,0,https://x.com/undefined/status/1575176685716021248,1502297540057714692,,
1574467898206130176,Tue Sep 27 01:10:17 +0000 2022,1,@ohmybeautybank Aigner blue sumpah aaaa wanginya bikin pengen ndusel lama-lama,1574567067738525696,,ohmybeautybank,in,,0,0,0,https://x.com/undefined/status/1574567067738525696,1263912822947213312,,
1571481559139758083,Sun Sep 18 13:01:50 +0000 2022,0,@Ignor_e Itu belom semua botol di fotoin soalnya ada yg pecah dan ada yg udh kebuang botolnya tp yg paling aku suka yg refill aigner blue giorgio armani sauvage dior trus sama oriflame glacier rock pernah pake miniso juga yg forest spring agak sweet tp lumayan tahan lama..,1571484644805312512,,Ignor_e,in,,0,0,0,https://x.com/undefined/status/1571484644805312512,246069349,,
1569498273005858816,Tue Sep 13 07:33:22 +0000 2022,38,@ohmybeautybank aku cewe suka parfum cowo modelan aigner blue aigner black dunhill blue aigner blue paling fave si. krn emang baunya tu bau2 pgn peyuk gitu alias candu https://t.co/nml83smfJK,1569590044457074689,https://pbs.twimg.com/media/FchN04_agAIQA_3.jpg,ohmybeautybank,in,,0,1,4,https://x.com/undefined/status/1569590044457074689,1263856835477504000,,
1568103786585157633,Fri Sep 09 05:24:27 +0000 2022,3,@SoloMenfess Parfum cowo yg enak ttp versace eros sama dior sauvage sih juarakkkk. Aigner blue emotion jg ,1568108049029804036,,SoloMenfess,in,,0,0,0,https://x.com/undefined/status/1568108049029804036,1157049145,,
1567489596367450112,Wed Sep 07 12:26:56 +0000 2022,0,gua main asal pilih wangi parfum aja.. tau-tau gua malah beli yang wangi cowo.. untung ni aigner blue wangi,1567489596367450112,,,in,,0,0,0,https://x.com/undefined/status/1567489596367450112,1309090130888732679,,
1564942451768365056,Wed Aug 31 11:45:30 +0000 2022,0,Lagi benci banget hirup bau aigner blue!!!!!,1564942451768365056,,,in,,0,0,0,https://x.com/undefined/status/1564942451768365056,1466262442112024581,,
1562953048871149569,Fri Aug 26 07:29:37 +0000 2022,0,@terserahentelah @hrdbacot Beli 2 aigner kemaren cuma jarang kepake juga. Yg satu aigner blue,1563066118058942466,,akumakmu,in,,0,0,0,https://x.com/undefined/status/1563066118058942466,4107803606,,
1563012425041211395,Fri Aug 26 05:27:47 +0000 2022,0,@_Lotusbloem @convomf ini mah di tempat refill ada kok bilang aja aigner blue emotion,1563035458686226432,,_Lotusbloem,in,,0,1,0,https://x.com/undefined/status/1563035458686226432,591676550,,
1562474804485451782,Wed Aug 24 16:19:57 +0000 2022,1,Saya menjual AIGNER BLUE EMOTION 1KG BY PARFAROME ORIGINAL seharga Rp600.000. Ayo beli di Shopee! https://t.co/4mm4JQPEL5,1562474804485451782,,,in,,0,0,0,https://x.com/undefined/status/1562474804485451782,1234157086210002944,,
1557241428132401157,Wed Aug 10 05:44:23 +0000 2022,0,aigner blue sama ysl y wanginya gaada obat ,1557241428132401157,,,in,,0,1,0,https://x.com/undefined/status/1557241428132401157,1310121623622578177,,
1554980673387364352,Thu Aug 04 00:00:57 +0000 2022,0,Mathor Aroma Collection Kode : #4 Nama: AIGNER BLUE EMOTION Harga &amp; Aroma Dijamin Tidak Kalah dari yang Lain!!!. Tersedia kemasan 1 kg dan 500 gr. Format pemesanan: Nama : No Hp: Kode : Jumlah Pesanan : Untuk pemesanan dapat melalui DM atau WhatsApp ke : +62851 5896 7745 https://t.co/SabPbvasRC,1554980673387364352,https://pbs.twimg.com/media/FZRmrOLaIAACX8A.jpg,,in,,0,1,0,https://x.com/undefined/status/1554980673387364352,1549891998408409088,,
1551854868897230848,Tue Jul 26 09:07:45 +0000 2022,0,@ohmybeautybank Parfum cowo? We terngiang ngiang aigner blue emotion sih. Gak spicy yg ada seger bgt ato Hmns farhampton ,1551856791650127873,,ohmybeautybank,in,,0,0,0,https://x.com/undefined/status/1551856791650127873,1157049145,,
1548308739207225349,Sat Jul 16 14:10:50 +0000 2022,0,@bdngfess Saya mah ti baheula pake Aigner Blue Emotion :),1548309184252641282,,BaseBDG,in,,0,0,0,https://x.com/undefined/status/1548309184252641282,46059893,,
1545268253244567553,Fri Jul 08 04:59:01 +0000 2022,0,@noobmasters96 Aigner blue emotion kak cek bio atau dm bisa kak,1545271212661608449,,noobmasters96,in,,0,1,0,https://x.com/undefined/status/1545271212661608449,609701736,,
1541467225957466112,Mon Jun 27 17:03:20 +0000 2022,17,Bismillahirrohmanirrahim Selamat kepada 1. Sdri. @RofiqohAnita 2. Sdri. @Nurulkjo1 Yang berhak atas Parfume Elizabeth Arden SunFlowers Summer Bloom &amp; Aigner Ladies Day. Silahkan DM alamat kirim. Bagi yg belum beruntung jgn berkecil hati karena masih ada kesempatan lain https://t.co/HLsKh58PcF,1541467225957466112,https://pbs.twimg.com/media/FWRkRN2aAAAb-Vz.jpg,,in,,0,9,8,https://x.com/undefined/status/1541467225957466112,134362641,,
1540544994154774528,Sat Jun 25 03:58:43 +0000 2022,1,TRAVEL PACK FOR HIM Mur mur jak 1 box dapat 3 perfume berlainan. Berikut adalah wangian yang diinspirasikan dalam Travel Pack for Him ini &gt; Citrus Insanity - Aigner Pour Homme Blue Emotion &gt; Aromatic Eternity - Calvin Klein Eternity &gt; Aromatic Illusion - Aigner Black https://t.co/IbuOp2gJod,1540544994154774528,https://pbs.twimg.com/media/FWEdgNYacAIJxQt.jpg,,in,,1,0,1,https://x.com/undefined/status/1540544994154774528,1500845089077477381,,
1540305109707800576,Fri Jun 24 12:05:30 +0000 2022,0,Dari sekian banyak parfum yg pernah gw coba cuma aigner blue emotions yang cocok banget sama aroma badan,1540305109707800576,,,in,,0,0,0,https://x.com/undefined/status/1540305109707800576,1165225267427606529,,
1538364160752631808,Fri Jun 24 04:01:19 +0000 2022,0,paling sempoyongan sm yg pake aigner blue sih ,1540183260692893696,,heaveanilla,in,,0,0,0,https://x.com/undefined/status/1540183260692893696,1466262442112024581,,
1538491937023565827,Sun Jun 19 12:12:59 +0000 2022,0,@bdngfess Aigner blue intinya mah tapi urg juga lagi hmns sih teu beak2,1538495056088539136,,BaseBDG,in,,0,0,0,https://x.com/undefined/status/1538495056088539136,1422672215472889860,,
1536605683130372096,Tue Jun 14 07:08:48 +0000 2022,0,@ohmybeautybank mas ku pake dri aigner yg blue emotion enak bgt sumpah wanginya,1536606562873069569,,ohmybeautybank,in,,0,0,0,https://x.com/undefined/status/1536606562873069569,1184205362,,
1535992852752134145,Tue Jun 14 06:13:41 +0000 2022,0,@ohmybeautybank Aigner Blue Emotion gatau kalo cewek masuk apa ngga tapi buat cowok ini ga sharp aromanya ke hidung dan cenderung disukai cewek-cewek. Aromanya juga tahan lama dan ga rusak karena keringrtan,1536592695543549952,,ohmybeautybank,in,,0,0,0,https://x.com/undefined/status/1536592695543549952,2991434795,,
1532644935207616512,Fri Jun 03 08:46:42 +0000 2022,1,aigner blue ga pernah gagal cok peluk able bgt aaaa,1532644935207616512,,,in,,0,1,0,https://x.com/undefined/status/1532644935207616512,1115144563084021760,,
1530708510807236609,Sun May 29 00:33:32 +0000 2022,1,@reneshine_ Aigner blue merk nya lupa apaan,1530708884888821760,,reneshine_,in,,0,0,0,https://x.com/undefined/status/1530708884888821760,1319228068381118464,,
1529706531347804160,Thu May 26 06:10:32 +0000 2022,0,satu2nya parfum cowo yg bisa diterima hidungku the one and only aigner blue emotion,1529706531347804160,,,in,,0,0,0,https://x.com/undefined/status/1529706531347804160,793015020,,
1527234657904828417,Thu May 19 10:32:36 +0000 2022,1,@threadshopee Kalo di rumah gatsby kalo keluar rumah aigner blue emotion,1527235768376508416,,threadshopee,in,,0,0,0,https://x.com/undefined/status/1527235768376508416,623396736,,
1524743705399541760,Thu May 12 18:51:56 +0000 2022,0,@inikajeeee @tanyakanrl VS night parfum cewek tp maskulin. Aigner blue emotion,1524824716376100865,,inikajeeee,in,,0,0,0,https://x.com/undefined/status/1524824716376100865,1493461943910158339,,
1518583641638539264,Mon Apr 25 21:27:27 +0000 2022,0,@sbyfess aigner blue jaguar lamborgini mbo opo ngunu,1518703256666779648,,sbyfess,in,,0,0,0,https://x.com/undefined/status/1518703256666779648,1115144563084021760,,
1515990187868037120,Mon Apr 18 09:51:06 +0000 2022,0,@sbyfess aigner blue enak bgt mampus,1515991298804957188,,sbyfess,in,,0,0,0,https://x.com/undefined/status/1515991298804957188,1115144563084021760,,
1513654689316843521,Tue Apr 12 02:06:08 +0000 2022,0,@convomfs Giorgio Armani Acqua Gucci guilty black Bvlgari man extreme Inchanto shine Aigner Blue Emotion Angel heart Hugo boss Adidas Udeh bolak-balik itu aja dari sekolah Sampai sekarang,1513699959975329793,,convomfs,in,,0,0,0,https://x.com/undefined/status/1513699959975329793,1369292032259235840,,
1508665743436840965,Tue Mar 29 04:48:46 +0000 2022,0,@Askrlfess Pacorabanne invictus yg refill. Harumnya soft tahan lama. Klo mau yg agak nonjok bisa dior sauvage a/ aigner blue.,1508667457913114627,,Askrlfess,in,,0,0,0,https://x.com/undefined/status/1508667457913114627,422653016,,
1507707037345792004,Sat Mar 26 13:18:03 +0000 2022,0,@convomf Savage Dior Dunhill blue blue emotion Aigner Parfum rekom bgt menurut ku ,1507708460628344836,,convomf,in,,0,0,0,https://x.com/undefined/status/1507708460628344836,1349813162577563650,,
1506585149672423424,Wed Mar 23 11:14:01 +0000 2022,0,@shnqueenn Lupa merknya aigner blue wangii banget,1506590082773692418,,shnqueenn,in,,0,1,0,https://x.com/undefined/status/1506590082773692418,1319228068381118464,,
1506470633290739717,Wed Mar 23 06:22:02 +0000 2022,0,Aigner Blue ini parfum cowok yang wanginya fresh banget. Wanginya kayak wangi aa aa sholeh yang baru pulang dari masjid hehe. Cocok buat yang suka wangi cool gitu https://t.co/MNMmsq5BPi,1506516601172299777,https://pbs.twimg.com/media/FOg4gybaIAgsarZ.jpg,abbyquoise,in,,0,0,0,https://x.com/undefined/status/1506516601172299777,1504721782636306438,,
1506512989029277697,Wed Mar 23 06:10:59 +0000 2022,0,@18fesss Aigner blue enak sih,1506513823859048450,,18fesss,in,,0,0,0,https://x.com/undefined/status/1506513823859048450,1229646011661877251,,
1506479770703646725,Wed Mar 23 04:01:51 +0000 2022,0,@ohmybeautybank Aigner blue.. wanginya seger banget kayak aa aa sholeh,1506481324239962120,,ohmybeautybank,in,,0,0,0,https://x.com/undefined/status/1506481324239962120,1504721782636306438,,
1501987742489923585,Fri Mar 11 05:07:12 +0000 2022,0,@ohmybeautybank aigner blue emotion pake dari SMA mulai yang beli refil nya sampe sakarang bis ke beli ori nya . gila sih berkelas banget ini parfume .,1502149115068645382,,ohmybeautybank,in,,0,1,0,https://x.com/undefined/status/1502149115068645382,1169865533879025665,,
1500508134062047232,Mon Mar 07 15:15:00 +0000 2022,0,@musyafka_abdul @ohmybeautybank Ini aigner blue kayanya,1500852523372281857,,musyafka_abdul,in,,0,0,0,https://x.com/undefined/status/1500852523372281857,873919525,,
1500508134062047232,Mon Mar 07 14:35:14 +0000 2022,0,@ohmybeautybank bvlgari aqua sama aigner blue udah paling enak,1500842513615101955,,ohmybeautybank,in,,0,0,0,https://x.com/undefined/status/1500842513615101955,62809726,,
1495246621466324994,Sun Feb 20 09:48:50 +0000 2022,0,@romeogadungan gimana nih tim 212 Carolina Herrera sama Aigner Blue @fikahamzah_? tapi Polo Black sama Aigner Black juga boleh lah yaaa. :))))),1495334623894654976,,romeogadungan,in,,0,0,0,https://x.com/undefined/status/1495334623894654976,61739000,,
1492867512790564865,Mon Feb 14 01:07:04 +0000 2022,0,@jggukie_s uuuuu wanginya si aigner blue ini dia lebih yg kyk apa yo?,1493028989849726979,,jggukie_s,in,,0,1,0,https://x.com/undefined/status/1493028989849726979,1429398831578320901,,
1492867512790564865,Sun Feb 13 18:56:12 +0000 2022,6,@veeeetrbl Kalo aku suka sama aigner blue. Kayak bikin nangis baunya saking enaknya. Manly bgt ,1492935654153490434,,veeeetrbl,in,,0,1,0,https://x.com/undefined/status/1492935654153490434,1407411906294423552,,
1491311085923991552,Wed Feb 09 12:23:48 +0000 2022,0,@kindacute555 aigner blue sih yang paling best,1491387352878825474,,urcrazygirl555,in,,0,0,0,https://x.com/undefined/status/1491387352878825474,1291327793054113792,,
1491310553050279938,Wed Feb 09 09:24:32 +0000 2022,0,@hourlycrazel @Sylooman @rlgxg kalo suka aigner blue coba dunhill London atau pacoraban black xs,1491342241595486208,,,in,,0,0,0,https://x.com/undefined/status/1491342241595486208,909027612999090176,,
1489766280575926272,Sun Feb 06 22:25:37 +0000 2022,0,@Cwk_pendek Aigner black / blue lumayan sih,1490451640561795072,,ayam_krispie,in,,0,1,0,https://x.com/undefined/status/1490451640561795072,1165727104727576576,,
1489826077602025472,Sat Feb 05 05:07:49 +0000 2022,0,@tegalfess Baccarat Acqua Di Gio Men Jaguar Vision Aigner Blue Davi Dove Cool Water Oriflame for Him Paco Rabbana Kenzo Dunhill Blue 212 VIP Man. Sejauh ini sih gitu.,1489828085742837763,,tegalfess,in,,0,0,0,https://x.com/undefined/status/1489828085742837763,1151198584974405632,,
1930779537773879547,Fri Jun 06 03:48:40 +0000 2025,1,@ambalabupink boleh sniff aja dlu kak jangan blind buy yaa hehe coba aja cek cek hmns farhampton saff and co las pozas victoria secret body mist sih tp seger bgt yg aqua kiss (minusnya paling reapply mulu kak),1930834195972301245,,ambalabupink,in,,0,1,0,https://x.com/undefined/status/1930834195972301245,1892049381278482432,,
1928412325993705841,Fri May 30 11:53:11 +0000 2025,0,@sourchipm Fresh = aqua kiss victoria secret (tapi boikot) Manis = heaven scent santal or scandalous. moroccan sunset by alt juga enak kayak thai tea gitu Nah kalo fresh coba zara wonderose,1928419416334610560,,sourchipm,in,,0,1,0,https://x.com/undefined/status/1928419416334610560,1927554816542208000,,
1925225094978400470,Wed May 21 16:20:06 +0000 2025,1,Beli yg ini juga Superduper wangi seger banget sumpah Mirip wanginya Give brand bath soap Ini termasuk 2 dari 6 parfum cwe yg aku suka Salah satu nya aqua blue aqua kiss Victoria secret &amp; dunhill blue Klo yg buat cwo itu pastinya Romano biru https://t.co/XOf7sb1mKm,1925225094978400470,https://pbs.twimg.com/media/GrfGA87aoAAVJ2M.jpg,,in,,0,0,0,https://x.com/undefined/status/1925225094978400470,1855927890145382400,,
1918270259720577051,Fri May 02 11:44:04 +0000 2025,0,Gue pake aqua kiss by victoria secret. Wanginya awet bisa berhari-hari wkwkwkw,1918270259720577051,,,in,,0,0,0,https://x.com/undefined/status/1918270259720577051,1859026287865851905,,
1916342696886894933,Sun Apr 27 04:04:44 +0000 2025,1,Aku beli yang varian Scandalous dan Aqua Kiss tau dong 2 varian ini dari brand apa? yaak betuull Victoria s Secret Suprisinglyy wanginya tuh mirip bgtt sama yang aslii https://t.co/tTNffPuc1f,1916342726817419762,https://pbs.twimg.com/media/Gpg3jFubEAA5HUI.jpg,glazeshine_,in,,0,1,0,https://x.com/undefined/status/1916342726817419762,1729395345317306368,,
1902685431361400924,Thu Mar 20 11:35:31 +0000 2025,0,body mist victoria s secret yang wanginya manis seger selain aqua kiss yg mana guys? pls enlighten me ,1902685431361400924,,,in,,0,1,0,https://x.com/undefined/status/1902685431361400924,1247825816773226498,,
1889679959649632386,Wed Feb 12 14:23:36 +0000 2025,0,@ohmy_beautybank Ini ori body mist Victoria Secret yang Aqua kiss Enak bangetttttt kaya abis mandi pake sabun mahal tahan lama kalo di indoor kalo dipake outdoor lebih enak lagi soalnya ga jadi apek malah tambah seger. Yang suka wangi2 fresh wajib coba sihh https://t.co/vp6ayeZBvV https://t.co/0mjWYVxc6K,1889681765314245071,https://pbs.twimg.com/media/Gjl_jSJaIAIxogV.jpg,ohmy_beautybank,in,,1,0,1,https://x.com/undefined/status/1889681765314245071,1651256804045893633,,
1888876067160555783,Mon Feb 10 09:02:02 +0000 2025,0,Berikut ini adalah beberapa rekomendasi parfum Wanita Ada Aqua Kiss Victoria s Secret hingga Chanel Coco Mademoiselle https://t.co/zPCqxUVYlI,1888876067160555783,,,in,,0,0,0,https://x.com/undefined/status/1888876067160555783,1404018642,,
1861672846440964417,Wed Nov 27 13:39:45 +0000 2024,0,@evenfoll lu pake parfum apa sekarang? gue juga suka yang begitu wanginya. dulu sempet nyium victoria secret yang aqua kiss enak bgt jirt tp belum gue beli sampe skrg,1861766866689298609,,evenfoll,in,,0,1,0,https://x.com/undefined/status/1861766866689298609,804549031103852544,,
1844904969285271949,Sat Oct 12 03:07:28 +0000 2024,2,@ohmy_beautybank biasanya aku beli parfum refill awet murah. paling suka si avril lavigne forbidden love aqua kiss victoria secret romantic wish,1844937905355227637,,ohmy_beautybank,in,,0,1,0,https://x.com/undefined/status/1844937905355227637,1823926572841361409,,
1838187405674951028,Mon Sep 23 12:16:57 +0000 2024,0,@MythiaVTuber Aku pakenya victoria's secret yang aqua kiss wkwk adem ja gitu pake sehari hari,1838190818005598672,,MythiaVTuber,in,,0,0,0,https://x.com/undefined/status/1838190818005598672,1309337229999759360,,
1832728051748360559,Sun Sep 08 10:32:20 +0000 2024,0,@atmabadui aqua kiss victoria secret blackopium banyaakk siii kaakkk tp aku suka yg itu,1832728673356743049,,atmabadui,in,,0,0,0,https://x.com/undefined/status/1832728673356743049,1572784218371133442,,
1832012195481211293,Fri Sep 06 16:58:43 +0000 2024,0,@sbyfess Kalo cowo dunhill london Kalo cewe Victoria secret aqua kiss,1832101134393319742,,sbyfess,in,,0,0,0,https://x.com/undefined/status/1832101134393319742,1286237588227989505,,
1830599133134033275,Tue Sep 03 06:26:17 +0000 2024,0,@tanyakanrl Victoria secret aqua kiss. baunya kalem enak feminim gituu,1830854810121457699,,tanyakanrl,in,,0,0,0,https://x.com/undefined/status/1830854810121457699,1415491989231988736,,
1830673855528202269,Mon Sep 02 18:27:14 +0000 2024,0,daily yang nggak bikin pusing + seger tuh menurutku ada Victoria secret Aqua kiss Dunhill blue. Tapi misal mau nyari yang di tengah tengah antara seger sama manis mungkin bisa ambil Taylor Swift,1830673855528202269,,,in,,0,0,0,https://x.com/undefined/status/1830673855528202269,699006025026777088,,
1817828832155668751,Mon Jul 29 07:45:41 +0000 2024,2,VICTORIA SECRET AQUA KISS SEBAGAI MANUSIA SENSITIF DAN GAMPANG PUSING GEGARA BAU INI WANGI KESUKAANKU YG GABAKAL BIKIN PUYENG Floral dan seger banget buat aku.. Minesnya ini perfume mist jadi cepet ilang baunya BUT STILL WORTH IT https://t.co/drEdYVSt0Q,1817828832155668751,https://pbs.twimg.com/media/GTo5rqYaAAAdCam.jpg,,in,,0,1,0,https://x.com/undefined/status/1817828832155668751,1808169497179873280,,
1761206261545329015,Sat Feb 24 01:47:49 +0000 2024,0,Victoria Aqua kiss Japanese cherry blossom dan victoria secret bombshell yang aqua kiss fav aku huhuu dh lama gak pakai lagi karena menghemat ,1761206261545329015,,,in,,0,0,0,https://x.com/undefined/status/1761206261545329015,1334279048344739841,,
1761026901982777499,Fri Feb 23 23:04:00 +0000 2024,3,@vwxyzais @tanyakanrl Aqua kiss sama victoria secret no debat wanginya enak bannget https://t.co/9ST6twjY6n,1761165036989641119,,vwxyzais,in,,0,0,0,https://x.com/undefined/status/1761165036989641119,1737027812220194816,,
1761026901982777499,Fri Feb 23 23:01:37 +0000 2024,6,@tanyakanrl Parfum yang enak buat cewe wangi victoria secret scandalous kalo buat cowo yang aqua kiss wanginya enak banget https://t.co/9ST6twjY6n,1761164438877716511,,tanyakanrl,in,,0,0,1,https://x.com/undefined/status/1761164438877716511,1737027812220194816,,
1761163441543454943,Fri Feb 23 22:57:39 +0000 2024,9,️ paefum refill aqua kiss parfum refill victoria secret aqua kiss water bloom aroma segar yang tahan lama PARFUM 70% CAMPURAN 30% https://t.co/R8wZoChA0z,1761163441543454943,,,in,,2,1,4,https://x.com/undefined/status/1761163441543454943,1737027812220194816,,
1736880213139824844,Tue Dec 19 00:49:40 +0000 2023,0,@ohmybeautybank bright itu fresh bgt si mirip aqua kiss nya Victoria secret,1736911644276797801,,ohmybeautybank,in,,0,0,0,https://x.com/undefined/status/1736911644276797801,814447447174848512,,
1722626123853598755,Thu Nov 09 14:44:07 +0000 2023,0,sisa 1pcs aja per variant ygy victoria s secret body mist dr yg awalnya 369k jd tinggal 170k aja!! dijamin ori 100% krn belanjanya di store. sisa variant: aqua kiss amber romance $ velvet petals bisa lewat oren ya biar gratis ongkir #zonauang #zonajajan https://t.co/ZSS7jQUwhk,1722626123853598755,https://pbs.twimg.com/media/F-f_UYqa4AAd8fY.jpg,,in,,0,1,0,https://x.com/undefined/status/1722626123853598755,846908564098592768,,
1722050173227122971,Wed Nov 08 04:18:49 +0000 2023,0,@ohmybeautybank bright seger gada manisnya kayak wangi aqua kiss nya Victoria secret,1722106374979768332,,ohmybeautybank,in,,0,0,0,https://x.com/undefined/status/1722106374979768332,814447447174848512,,
1717574243347829108,Thu Oct 26 16:09:45 +0000 2023,0,dulu dari sd-smp-awal sma pake parfum Victoria secret. aku lupa nyoba yg mana aja tapi yg aku Inget pure seduction trs yg biru kalo gasalah Aqua kiss sama yg ungu lupa namanya abis itu gatau yg mana lagi. jujur ya wanginya jauh dari ekspektasi aku ga sesuai sama brandingnya,1717574243347829108,,,in,,0,1,0,https://x.com/undefined/status/1717574243347829108,1678068185432719361,,
1707042671980912775,Wed Sep 27 16:19:43 +0000 2023,0,@convomfs Victoria's secret yang aqua kiss sama CK escape. Tp lebih sering pake yang VS karena baunya lebih soft.,1707067505406292285,,convomfs,in,,0,0,0,https://x.com/undefined/status/1707067505406292285,1582301068901220352,,
1698190615203426339,Sun Sep 03 05:19:52 +0000 2023,0,@ohmybeautybank Victoria secret yg aqua kiss. Segerrrr bgt normal pricenya 360 kalo ga salah,1698204137161429050,,ohmybeautybank,in,,0,0,0,https://x.com/undefined/status/1698204137161429050,1509143377366855681,,
1695946454781882551,Sun Sep 03 01:57:15 +0000 2023,0,@pecintacitos @ohmybeautybank aqua kiss victoria secret kak baunya kayak air seger bgt,1698153147246805192,,pecintacitos,in,,0,0,0,https://x.com/undefined/status/1698153147246805192,1696692036316114944,,
1691429324505890816,Tue Aug 15 12:55:06 +0000 2023,0,@convomf Bukan perfume tapi body mist Victoria Secret Aqua Kiss.,1691433332058599424,,convomf,in,,0,0,0,https://x.com/undefined/status/1691433332058599424,1405464736133632003,,
1684344704211746816,Wed Jul 26 23:27:25 +0000 2023,1,Body Mist Perfume: Bath &amp; Body Works Mad About You Victoria Secret Aqua Kiss Eu De Toilette: The Body Shop Japanesse Cherry Blossom itu BBW sm VS walaupun cm mist tp lumayan tahan lama nempel di baju loh (aku suka pakein ke jilbab jg) ditangan jg lumayan tahan lama.,1684344704211746816,,,in,,0,1,1,https://x.com/undefined/status/1684344704211746816,290410974,,
1678318586400763904,Mon Jul 10 09:30:09 +0000 2023,0,@obliviatedly Ihhh aku juga pake mist victoria secret!!!! Tapi yg aqua kiss. ,1678335790802436096,,lavienlunet,in,,0,1,0,https://x.com/undefined/status/1678335790802436096,1495000316441284608,,
1669908990657204225,Sat Jun 17 03:25:03 +0000 2023,0,READYYY 1 box gift set Victoria secret yang aqua kiss aja ya jual harga 180k yukkks yang mauu gercepin jb ori vs https://t.co/xaBbyvd40q,1669908990657204225,https://pbs.twimg.com/media/Fyy065daIAEXkxq.jpg,,in,,0,1,0,https://x.com/undefined/status/1669908990657204225,354882092,,
1666843771672334336,Fri Jun 09 16:00:23 +0000 2023,0,Setelah gua cium cium ternyata mirip aqua kiss nya victoria's secret,1667199972725637120,,ph0spheneus,in,,0,0,0,https://x.com/undefined/status/1667199972725637120,3125108297,,
1665196011428655104,Sun Jun 04 10:35:31 +0000 2023,0,@ohmybeautybank victoria secret yg aqua kiss,1665306280594907138,,ohmybeautybank,in,,0,0,0,https://x.com/undefined/status/1665306280594907138,821134244,,
1663071965450731520,Mon May 29 06:37:09 +0000 2023,0,Wts body mist Victoria secret Aqua kiss baru dipake 2 kali karna gak cocok wanginya sama aku.. kurang lebih 98% isinya ku jual 100k aja.. Bisa co via shopee freeong dom jakarta https://t.co/lQVaQiTBvN,1663071965450731520,https://pbs.twimg.com/media/FxRrI6kaEAAiQp-.jpg,,in,,0,1,0,https://x.com/undefined/status/1663071965450731520,1001598302280826881,,
1658266125267013633,Mon May 22 13:42:16 +0000 2023,0,@cantigiunguu @ohmybeautybank Mjb kakk ini namanya apa yah klau mau request? Aqua kiss atau Victoria Secret?,1660642236017823744,,nfshtp,in,,0,1,0,https://x.com/undefined/status/1660642236017823744,1122762069298667520,,
1643991953347088388,Thu Apr 06 15:00:00 +0000 2023,0,lip products: emina implora hanasui (tergantung mood) perfume: evageline black vanilla victoria secret aqua kiss jhonson baby happy berry (tergantung mood juga) face wash: st. Ives yg kuning,1643991953347088388,,,in,,0,0,0,https://x.com/undefined/status/1643991953347088388,1090293536979709952,,
1630363959487340545,Tue Feb 28 00:42:04 +0000 2023,4,@ohmybeautybank aqua kiss nya victoria secret sih aku suka banget sama wanginya yang fresh powdery tapi ga too much ga eneg dan bikin jadi berasa good vibes gituu. selalu beli di shopee krn vs atau toko offline nya dmn klo di kotaku ehehe https://t.co/DOb1Gc6Lb5,1630367699540000768,https://pbs.twimg.com/media/FqA6xoUaUAIyCqz.jpg,ohmybeautybank,in,,1,2,1,https://x.com/undefined/status/1630367699540000768,1629450062219853827,,
1623302137416675328,Sun Feb 26 12:05:14 +0000 2023,0,VICTORIA'S SECRET BODY LOTION Aqua Kiss ORIGINAL Harga asli 189k Preti jual: Rp 90 000 Boleh nego https://t.co/cDkKGtoqtv https://t.co/6gPZjfqsGu,1629814846039687168,https://pbs.twimg.com/media/Fp5D9hDaAAAqAud.jpg,prettyfess,in,,0,1,0,https://x.com/undefined/status/1629814846039687168,186372387,,
1625025228115177475,Mon Feb 13 06:53:00 +0000 2023,0,Cek Parfum Wanita Tahan Lama Inspired Victoria Secret Aqua Kiss Eau de perfume dengan harga Rp30.000 - Rp60.000. Dapatkan di Shopee sekarang! https://t.co/bvBlr3BgrG https://t.co/cMlYaZ9KUm,1625025228115177475,https://pbs.twimg.com/media/Fo0_1Q8aYAEfhf7.jpg,,in,,0,0,0,https://x.com/undefined/status/1625025228115177475,397863484,,
1623666776952430593,Fri Feb 10 08:59:20 +0000 2023,0,@tanyakanrl Kalo yang di foto Zwitsal kadang juga make body mist Victoria Secret yang Aqua Kiss,1623969855052615683,,tanyakanrl,in,,0,0,0,https://x.com/undefined/status/1623969855052615683,1211924986585214977,,
1619317302050328576,Sat Jan 28 13:20:28 +0000 2023,6,@convomf yang cinderella mirip sama wangi victoria's secret yang aqua kiss,1619324529607860226,,convomf,in,,0,0,0,https://x.com/undefined/status/1619324529607860226,1562303613631729664,,
1597167807929536512,Mon Nov 28 09:57:34 +0000 2022,0,Aqua Kiss sold yaa. Masih ada body mist VS Victoria's secret Coconut Passion Love Spell sama Velvet Petals. Yuk diorder yuk lewat tokopedia bisa langsung tf biasa juga bolee,1597167807929536512,,,in,,0,1,0,https://x.com/undefined/status/1597167807929536512,493854285,,
1591761580655398915,Sun Nov 13 13:08:25 +0000 2022,1,@ohmybeautybank victoria secret yang aqua kiss atau johnson yang warna hijau nder segeeer!,1591780019051065345,,ohmybeautybank,in,,0,0,0,https://x.com/undefined/status/1591780019051065345,2288113735,,
1581583297519362048,Fri Nov 04 16:21:40 +0000 2022,0,@ZeerBad @ohmybeautybank Beda kak. Kalo Aqua Kiss ini inspired nya victoria'secret aromanya manis segar. Kalo cuddle+Jo Malone itu mixing perfume inspired brand besar juga cuma aromanya bedak bayi+buah berry gitu kak,1588567162473840641,,ZeerBad,in,,0,0,0,https://x.com/undefined/status/1588567162473840641,703958162047672320,,
1582777716255776774,Wed Oct 19 16:56:28 +0000 2022,0,parfum victoria's secret yang varian aqua kiss tuh agak kayak balsem gitu ga si aromanya???,1582777716255776774,,,in,,0,0,0,https://x.com/undefined/status/1582777716255776774,1329167280,,
1582690564780093441,Wed Oct 19 11:16:38 +0000 2022,1,@ohmybeautybank Victoria secret yg aqua kiss seger enakk!,1582692194536034304,,ohmybeautybank,in,,0,1,0,https://x.com/undefined/status/1582692194536034304,1165295198177390592,,
1578295043881738242,Fri Oct 07 08:10:43 +0000 2022,0,@ohmybeautybank Nagita Victoria secret yg Aqua kiss. Tp biasanya lain pabrik lain nama nder,1578296750112022528,,ohmybeautybank,in,,0,0,0,https://x.com/undefined/status/1578296750112022528,1004213398878343168,,
1578159532098060288,Fri Oct 07 04:33:07 +0000 2022,0,@ohmybeautybank Victoria secret aqua kiss baunya kek aquatic seger gt tapi ada manisnya dikit,1578241990747033600,,ohmybeautybank,in,,0,0,0,https://x.com/undefined/status/1578241990747033600,99424089,,
1573380714640318466,Fri Sep 23 18:36:09 +0000 2022,0,Cek PARFUM WANITA VICTORIA SECRET AQUA KISS MINYAK WANGI WANITA TAHAN LAMA DIJAMIN by BYZAAR PERFUME dengan harga Rp50.000 - Rp150.000. Dapatkan di Shopee sekarang! https://t.co/9TlbWRbfIw https://t.co/l7af0daEaj,1573380714640318466,,,in,,0,0,0,https://x.com/undefined/status/1573380714640318466,816322421527486465,,
1563464243390734337,Sat Aug 27 10:11:12 +0000 2022,0,@ohmybeautybank gue pake victoria secret yang aqua kiss awet banget ,1563469168422563841,,ohmybeautybank,in,,0,0,0,https://x.com/undefined/status/1563469168422563841,870739165519921153,,
1559818996634882048,Wed Aug 17 17:22:40 +0000 2022,0,@ohmybeautybank Victoria secret aqua kiss belinya di kodam HAHAHAH sktran 30an wnginya than lma lagii,1559953871258001408,,ohmybeautybank,in,,0,0,0,https://x.com/undefined/status/1559953871258001408,1189913910972833793,,
1555018555313180673,Thu Aug 04 02:31:33 +0000 2022,10,Kiranya dedua ni support each other la. Combo yg aku share ni memang best Aqua Kiss tu boleh beli dkt outlet Victoria Secret and for EDT Cool Water tu aku ada jumpa dkt sogo haritu haha,1555018571901575169,,ezhrjmn_,in,,0,1,1,https://x.com/undefined/status/1555018571901575169,1313689682299908096,,
1555018555313180673,Thu Aug 04 02:31:30 +0000 2022,50,Belah kiri: Body mist Aqua Kiss from Victoria Secret. Yang tu aku sembur dekat seluruh badan selepas mandi. Bau fresh my fav dari dulu. Belah kanan: EDT Cool Water. Yang ni aku sembur dekat baju pergelangan tangan &amp; leher. Mcm bau2 laut sedap!,1555018559213883394,,ezhrjmn_,in,,0,1,5,https://x.com/undefined/status/1555018559213883394,1313689682299908096,,
1547116222218895360,Wed Jul 13 07:32:33 +0000 2022,1,@masoulkth @ohmybeautybank Kalo aku seleranya Victoria secret / Aqua Kiss wanginya seger harum bau mbak mbak gitu deh nder ,1547121788630355968,,,in,,0,0,0,https://x.com/undefined/status/1547121788630355968,802646863,,
1543925095395201026,Mon Jul 04 12:01:49 +0000 2022,0,@ngalamfess Kalo cowo davidoff cool water men kalo cewe victoria secret aqua kiss elizabeth arden greentea,1543928063250948096,,ngalamfess,in,,0,0,0,https://x.com/undefined/status/1543928063250948096,99424089,,
1542325883880763392,Fri Jul 01 01:01:03 +0000 2022,0,@ohmybeautybank Pake parfum refill victoria secret aqua kiss pas pake ini sering dipuji orang ,1542674610948169729,,ohmybeautybank,in,,0,0,0,https://x.com/undefined/status/1542674610948169729,99424089,,
1537714655027548160,Sat Jun 18 01:55:08 +0000 2022,0,@ohmybeautybank Marina yang ijo aqua kiss Victoria secret,1537977178846941186,,ohmybeautybank,in,,0,0,0,https://x.com/undefined/status/1537977178846941186,1005875522,,
1535611442887479297,Sat Jun 11 13:15:37 +0000 2022,0,@jenoleci victoria secret yang aqua kiss enak kakk,1535611714820898821,,jenoleci,in,,0,1,0,https://x.com/undefined/status/1535611714820898821,1344553102565724161,,
1510856089272655874,Mon Apr 04 05:50:20 +0000 2022,0,@ayy_zell Aku pakai victoria secret yang aqua kiss,1510857280283373568,,ayy_zell,in,,0,1,0,https://x.com/undefined/status/1510857280283373568,1246815981399203842,,
1507741682863063042,Sat Mar 26 15:33:39 +0000 2022,1,@convomf Victoria Secret yang Love Spell Velvet Petals sama Aqua Kiss. Mist sih itu sebenernya. Jarang pake perfume,1507742585879601152,,convomf,in,,0,0,0,https://x.com/undefined/status/1507742585879601152,1323137920409063424,,
1506941334224990210,Thu Mar 24 10:44:07 +0000 2022,1,@jenoleci aku pake victoria secret yg aqua kiss sama parfum bayi johnson (gatau tulisannya) yg biru muda,1506944946754002945,,jenoleci,in,,0,0,0,https://x.com/undefined/status/1506944946754002945,1344553102565724161,,
1503735286320181252,Tue Mar 15 14:43:50 +0000 2022,0,@ohmybeautybank victoria secret body mist yang aqua kiss seger bgt kaya abis mandi,1503743781727780872,,ohmybeautybank,in,,0,0,0,https://x.com/undefined/status/1503743781727780872,619700644,,
1499762846162251781,Fri Mar 04 15:59:43 +0000 2022,0,@itsbeautyfess Victoria Secret yg Aqua Kiss,1499776610912063491,,itsbeautyfess,in,,0,0,0,https://x.com/undefined/status/1499776610912063491,91579535,,
1493228871247818759,Mon Feb 14 14:35:06 +0000 2022,0,@bogorfess_ Aku pake body mistnya miniso yang ada gambar pantainya sama victoria secret - aqua kiss,1493232334174564356,,bogorfess_,in,,0,0,0,https://x.com/undefined/status/1493232334174564356,201600218,,
1470360392878616578,Tue Dec 14 18:54:44 +0000 2021,0,@imnotgood4uu @kodokijooo_ @ohmybeautybank victoria secret itu ada bnyk macemnya kak ada romantic wish scandalous aqua kiss bomshell vanilla lace gitchuuu,1470829629174784002,,xridiculouzx,in,,0,0,0,https://x.com/undefined/status/1470829629174784002,1208630156815765504,,
1470786284788633609,Tue Dec 14 16:02:30 +0000 2021,0,victoria secret coconut passion kl mau keringet2an pake yg aqua kiss,1470786284788633609,,,in,,0,0,0,https://x.com/undefined/status/1470786284788633609,1459034462117761024,,
1458261913482059788,Wed Nov 10 02:35:08 +0000 2021,0,Lagi pake zara yg red vanilla sama black opiumnya ysl kalo body mist ada victoria secret yang aqua kiss sama parfum bayi,1458261913482059788,,,in,,0,1,0,https://x.com/undefined/status/1458261913482059788,1327803128176021504,,
1456616065937534983,Sat Nov 06 04:05:17 +0000 2021,0,@ohmybeautybank Victoria's secret aqua kiss warna biru botolnya. bau nya lembut gitu tahan seharian,1456835049408524292,,ohmybeautybank,in,,0,0,0,https://x.com/undefined/status/1456835049408524292,1277604571079045120,,
1456589612583821313,Fri Nov 05 11:50:56 +0000 2021,0,@beauthingy Victoria Secret yg aqua kiss,1456589847024398342,,beauthingy,in,,0,0,0,https://x.com/undefined/status/1456589847024398342,1268888038228127749,,
1455525172581060609,Tue Nov 02 13:21:55 +0000 2021,9,@ohmybeautybank Cobain victoria secret aqua kiss tiap lewat depan orang pasti ditanya bau parfum sp nih ,1455525580187705348,,ohmybeautybank,in,,0,1,0,https://x.com/undefined/status/1455525580187705348,2988972663,,
1455468528279064580,Tue Nov 02 09:45:48 +0000 2021,1,@ohmybeautybank Victoria secret aqua kiss segeerr ada manis2nya,1455471194421948418,,ohmybeautybank,in,,0,0,0,https://x.com/undefined/status/1455471194421948418,2988972663,,
1428549456329207811,Fri Aug 20 03:09:36 +0000 2021,1,@ehnurullol hrini rasa gelisah i miss my mother My fav perfume is VICTORIA SECRET wangi yg aqua kiss tu,1428554785297518594,,impiexo,in,,0,1,0,https://x.com/undefined/status/1428554785297518594,1425411420200456197,,
1404742691364036612,Tue Jun 15 10:08:51 +0000 2021,0,Saya menjual Victoria Secret Aqua Kiss Water Kiss parfume viral paling laris seharga Rp10.000 - Rp50.000. Dapatkan produk ini hanya di Shopee! https://t.co/5rDCh5vtH3 #ShopeeID https://t.co/leNRuGbiey,1404742691364036612,https://pbs.twimg.com/media/E36mCHUVUAQavC7.jpg,,in,,0,0,0,https://x.com/undefined/status/1404742691364036612,1141374853414412288,,
1404281273393180672,Mon Jun 14 03:38:29 +0000 2021,0,@convomf Victoria secret yg aqua kiss,1404282065164505091,,convomf,in,,0,0,0,https://x.com/undefined/status/1404282065164505091,1291285673542946816,,
1337612675451240448,Sat Dec 12 04:18:08 +0000 2020,0,WTS Victoria Secret Aqua Kiss Harganya 250 dari 275 best seller masih baru Minat dm @_seokjiniieeee https://t.co/O6kMqHuzZj,1337612675451240448,https://pbs.twimg.com/media/EpAno36VEAAX5q9.jpg,,in,,0,0,0,https://x.com/undefined/status/1337612675451240448,2415636097,,
1337430397286633474,Fri Dec 11 16:19:17 +0000 2020,0,@sbyfess Fresh Hijab Midnight Secret Fresh Hijab Desert Queen (ini wanginya kayak parfum couo) Miniso yang ada pita bunga pink (sekarang uda gak ada tapi ) Axe varian harumkan Indonesia (wkwk iyo ak pake axe karena suka wangi-wangi maskulin) Victoria Secret Aqua kiss.,1337431771789414400,,sbyfess,in,,0,1,0,https://x.com/undefined/status/1337431771789414400,231265917,,
1336486359930871808,Wed Dec 09 02:11:00 +0000 2020,2,Barang kedua punya kak @jcvrnd19 . Parfum Victoria's secret aqua kiss. Dari cerita kak Ve parfum ini dipreloved karena kak Ve udah punya yang varian lebih besar. Mungkin parfum ini juga bakal disimpan sama mimin. Karena kayaknya lebih cocok dipakai cewe. Thx kak Ve utk parfumnya https://t.co/F7JGOQ5YZg,1336493520710848513,https://pbs.twimg.com/media/EowtxUuU8AEO7LD.jpg,VeLovedOfficial,in,,0,1,2,https://x.com/undefined/status/1336493520710848513,471765627,,
1335524002333224962,Sun Dec 06 09:58:50 +0000 2020,0,Bukti? - See abang ni ambil Aqua Kiss dan Mini Amber Romance siap berangan jadi Price Of Ocean https://t.co/TWDqS0ckab,1335524089033736192,https://pbs.twimg.com/media/Eoi8EATU0AEcBjS.jpg,scentzbyyuna,in,,0,0,0,https://x.com/undefined/status/1335524089033736192,1251171559336603648,,
1335524002333224962,Sun Dec 06 09:58:43 +0000 2020,0,Mana yang menjadi idaman hati untuk lelaki? - Kebanyakkan Customer Lelaki Yuna minat scent Aqua Kiss dan Amber Romance https://t.co/LRFaVnxJ5Y,1335524060181061633,https://pbs.twimg.com/media/Eoi8B48VoAINpIT.jpg,scentzbyyuna,in,,0,1,0,https://x.com/undefined/status/1335524060181061633,1251171559336603648,,
1334790046973448193,Fri Dec 04 09:22:01 +0000 2020,0,Dh start keja bah mok crik perfume. Body mist kah. Yg aku suka beli ya aqua kiss dr Victoria Secret. Biasa beli d butik nya mpun di Imago nun tp sbb kwn husband ad jual online so mok support bisnes kwn la nak. Nya deliver ke rmh trus. Mmg bau ya aku sgt suka N biasa cium.,1334790046973448193,,,in,,0,1,0,https://x.com/undefined/status/1334790046973448193,739115632977797120,,
1332986879096983553,Sun Nov 29 09:56:52 +0000 2020,1,AQUA KISS THE BEST FOR MEN Ramai customer lelaki Yuna fallin' love dengan bau Aqua Kiss ni. Siap ada yg repeat berkali² Aqua Kiss scent Fresh &amp; Floral Selalu kalau Fresh bau floral akan tenggelam but this one Balance RECOMMENDED FOR MEN https://t.co/Y5qiOXl7Dq,1332986879096983553,https://pbs.twimg.com/media/En-4dpEVoAA1SFH.jpg,,in,,1,0,0,https://x.com/undefined/status/1332986879096983553,1251171559336603648,,
1326473515646644224,Wed Nov 11 18:25:30 +0000 2020,0,@FWBESS Victoria secret aqua kiss murah dapetnya banyak lumayan tahan lama juga baunya seger,1326591898971115520,,FWBESS,in,,0,0,0,https://x.com/undefined/status/1326591898971115520,1317200819213619201,,
1324606158884147201,Fri Nov 06 06:54:52 +0000 2020,0,Anyyone kat sini suka bau ocean tak??? Tengok lautt pun dah tenang apatah lagi bauuu yang freshhhh. Aqua kiss victoria secret siyes bauuuu freshhh seakan korang dekat pantaii gitu.. https://t.co/UegnyCx6Os,1324606158884147201,https://pbs.twimg.com/media/EmHyQXaU0AE0tfX.jpg,,in,,0,1,0,https://x.com/undefined/status/1324606158884147201,1058518101484986368,,
1323778713566154753,Wed Nov 04 00:06:54 +0000 2020,0,Victoria secret aqua kiss enaken yaa wanginyaa,1323778713566154753,,,in,,0,0,0,https://x.com/undefined/status/1323778713566154753,65333986,,
1322528726744096768,Sat Oct 31 13:19:54 +0000 2020,0,Malam minggu enaknya jalan2 pake Body Mist Victoria Secret 170.000 / 2 pcs ukuran 75 ml ORIGINAL ambil langsung dari gudang Varian: - Coconut Passion - Aqua kiss - Love Addict - Pure seduction - Amber Romance - Temptation - Velvet petals - Love Spell https://t.co/nYVtiZyU9A,1322528726744096768,https://pbs.twimg.com/media/ElqQ22ZU0AIpCBq.jpg,,in,,0,0,0,https://x.com/undefined/status/1322528726744096768,1273543495408467968,,
1249482789830811648,Thu Oct 29 04:46:24 +0000 2020,0,22/10 ni pulak aku saja saja join giveaway from this ps link https://t.co/p3H946YyJO alhamdulilah rezeki haritu 3rd place dapat Victoria's Secret Aqua Kiss ni. If korang malas nak keluar rumah tapi macam nak shopping ha bolehla tekan link tu. Ps dia mmg sgt sgt recommended https://t.co/lMOWwu620j,1321674726238953472,https://pbs.twimg.com/media/EleIIn2VgAEAphL.jpg,ArumiMirza,in,,0,1,1,https://x.com/undefined/status/1321674726238953472,939003761736822784,,
1311529737030828032,Thu Oct 01 04:53:51 +0000 2020,0,Siapa kata Victoria Secret utk org perempuan ja? Exotic aqua kiss &amp; amber romance Fragrancemist ni sesuai sgt² utk Lelaki ya :) Spray² bau melekat terus !! Original Vs https://t.co/7fjnxpIxx0,1311529737030828032,https://pbs.twimg.com/media/EjN9VpXU0AEc6Xf.jpg,,in,,0,1,0,https://x.com/undefined/status/1311529737030828032,1282476454509334529,,
1308195930223464453,Tue Sep 22 00:06:29 +0000 2020,0,AQUA KISS - One of our best seller! This one perempuan or lelaki boleh pakai tau. Mix scent of floral &amp; sea notes ni sgt fresh + sweet! SET ni sesuai juga dijadikan #SetHantaran. Lawa &amp; Jimat! One set only-RM65 https://t.co/1WuO99v5GO,1308195930223464453,https://pbs.twimg.com/media/EielQwyU8AIGaiP.jpg,,in,,0,1,0,https://x.com/undefined/status/1308195930223464453,1282476454509334529,,
1301762268388970497,Fri Sep 04 06:25:08 +0000 2020,1,@leongjwel_ Mengancam nih saya suka victoria secret perfume ((fav saya aqua kiss)) Nanti ada rezeki perfume kita habis saya beli kat awak eh ! ,1301768237466619905,,lyleong_,in,,0,1,0,https://x.com/undefined/status/1301768237466619905,1296338835719073793,,
1300279602309263360,Mon Aug 31 03:54:13 +0000 2020,0,@skincarefess Victoria secret aqua kiss seger aja baunyaa,1300280706216542208,,CryptoFreakOG,in,,0,0,0,https://x.com/undefined/status/1300280706216542208,1019912145666945024,,
1298112880827494401,Tue Aug 25 04:23:25 +0000 2020,0,@womanfeeds_id Victoria Secret yg aqua kiss,1298113729221890049,,womanfeeds_id,in,,0,0,0,https://x.com/undefined/status/1298113729221890049,1012280580879159296,,
1296427602564059138,Thu Aug 20 12:58:59 +0000 2020,2,@by_gurlzwear hi sis! sis cuba hadiahkan kawan awak body mist aqua kiss ni from victoria's secret bau ni tak feminin sangat and sangat neutral. selalu cust lelaki yg beli wangian ni for more choices sis boleh refer sini https://t.co/xn0cKiWk8C https://t.co/DsHktGu0a9,1296431535172792321,https://pbs.twimg.com/media/Ef3Wo8NUMAI15rk.jpg,aina_mrdhiah_,in,,0,1,2,https://x.com/undefined/status/1296431535172792321,1286276827997069312,,
1292327882274926596,Sun Aug 09 05:12:34 +0000 2020,0,varian #3 Aqua Kiss Victoria's Secret Aqua Kiss Fragrance Mist merupakan body mist yang memiliki aroma fresh scent dengan kombinasi flowery but with subtle marine scent. Enak banget sih ini kalau dipake saat cuaca panas tipenya light scent. https://t.co/mHBIHvJEb1,1292327890802024450,https://pbs.twimg.com/media/Ee9BNeaUEAAFQAA.jpg,allyourneeds_co,in,,0,1,1,https://x.com/undefined/status/1292327890802024450,1288707979852697601,,
1285818472287461376,Wed Jul 22 06:06:27 +0000 2020,3,VICTORIA SECRET BODY MIST 250ml - AQUA KISS RM35 exc postage Bau lembut fresh &amp; tak mencucuk hidung. Really recommended kat sesiapa yg tak suka bau perfume yg terlalu kuat. Tekan link di BIO untuk order https://t.co/BoZl4nOvpO,1285818472287461376,https://pbs.twimg.com/media/EdglFR2U0AARRSD.jpg,,in,,0,0,1,https://x.com/undefined/status/1285818472287461376,1283714981767217153,,
1283391808706187267,Wed Jul 15 13:23:46 +0000 2020,2,Kalau bf i suka victoria secret bare vanilla or aqua kiss.,1283391808706187267,,,in,,0,0,0,https://x.com/undefined/status/1283391808706187267,217358069,,
1281248127815573505,Thu Jul 09 18:09:26 +0000 2020,0,@ohmybeautybank baby johnson cologne yg biru victoria secret's yg aqua kiss,1281289374244585473,,ohmybeautybank,in,,0,0,0,https://x.com/undefined/status/1281289374244585473,1625301512,,
1277100761696964608,Sun Jun 28 04:55:47 +0000 2020,0,@subtanyarl Victoria secret Aqua Kiss tbs white musk parfum bayi posh hijab,1277103379597021185,,subtanyarl,in,,0,0,0,https://x.com/undefined/status/1277103379597021185,1240162681023107078,,
1268175852065284096,Wed Jun 03 13:40:59 +0000 2020,0,saltwater breeze bath and body works wangi gila okay lebih kurang bau aqua kiss (victoria secret) tapi lagi strong la bau dia worth it ,1268175852065284096,,,in,,0,0,0,https://x.com/undefined/status/1268175852065284096,1019797166,,
1266665358007717889,Sat May 30 09:38:49 +0000 2020,4,lagi ada diskon beli produk avoskin di C&amp;F belanja 200rb tinggal nambah 100rb dpt parfum Edt ukuran 100ML ada 3 varian tp dr segala wangi yg aku suka wangi si starlight ini wanginya mirip Victoria secret Aqua kiss versi lebih soft dan floral. https://t.co/oUtgJDdZqs,1266665358007717889,https://pbs.twimg.com/media/EZQZaKWWsAEfUum.jpg,,in,,0,1,0,https://x.com/undefined/status/1266665358007717889,1180338236066910208,,
1257509971467489280,Tue May 05 03:18:35 +0000 2020,0,Saya menjual Victoria's secret aqua kiss body mist / victoria secret aqua kiss body mist seharga Rp169.000. Dapatkan produk ini hanya di Shopee! https://t.co/sCfSlcCGSK #ShopeeID https://t.co/pxxcitzwqZ,1257509971467489280,https://pbs.twimg.com/media/EXOSpphU4AECzlq.jpg,,in,,0,0,0,https://x.com/undefined/status/1257509971467489280,1141255119465373697,,
1255176249716011010,Tue Apr 28 19:58:58 +0000 2020,0,@ohmybeautybank Victoria's secret aqua kiss pinkberry dream evangeline evolve Yg VS mah refill say namanya aja yg gitu,1255225013155909634,,ohmybeautybank,in,,0,1,0,https://x.com/undefined/status/1255225013155909634,852331158,,
1253274120277553155,Thu Apr 23 10:56:24 +0000 2020,0,ROUND BOTTLE LOVE ADDICT (NEW) bau fruity / floral / strong ROUND BOTTLE AQUA KISS (NEW) Bau bunga daisy / Bau fresh / Tak manis sangat &amp; bau soft / Lelaki pun boleh try ,1253276530253328385,,thesexyvict,in,,0,0,0,https://x.com/undefined/status/1253276530253328385,1253271715783696385,,
1245658481698299911,Thu Apr 02 10:36:29 +0000 2020,0,Parfum Victoria's Secret Aqua Kiss. Alasan dijual karna ternyata harumnya bukan selera aku. Ini masih banyak bangeeet. Cuma dipake beberapa semprot aja. Aku jual 170 bisa ditawar kok https://t.co/kisXdzXmve,1245661371988979712,https://pbs.twimg.com/media/EUl6aBEVAAo0Wa2.jpg,sunmoonjuice,in,,1,0,1,https://x.com/undefined/status/1245661371988979712,1369471490,,
1158700853751996416,Tue Aug 06 11:26:25 +0000 2019,0,NEW ! Victoria Secret Aqua Kiss !! ASLI Enakkkk bgtttt kaaa. Mewah dan seger gitu. ORDER NOW ! WA: 0858-6738-3816 IG klik : https://t.co/hz9yqZibzY #parfume #victoriasecret #fragrance #woman https://t.co/4SHB41f8Ma,1158700853751996416,https://pbs.twimg.com/media/EBSIR4nUwAEoFeT.jpg,,in,,0,0,0,https://x.com/undefined/status/1158700853751996416,1153660265835061248,,
1151790712071053315,Thu Jul 18 09:47:59 +0000 2019,0,Apa parfum favoritmu? Victoria s secret aqua kiss~ https://t.co/qQNBZU195n,1151790712071053315,,,in,,0,0,0,https://x.com/undefined/status/1151790712071053315,626330017,,
1150522971154313216,Mon Jul 15 04:11:47 +0000 2019,0,@womanfeeds Victoria secret yg pure seduction seger bau berry2an ada manisnya temptation segernya ada bau buah sama bunga terus juga aqua kiss itu seger campuran bunga2an sama ada bau laut nya kaya summer2 gitu.,1150618939887476737,,bombockats,in,,0,1,0,https://x.com/undefined/status/1150618939887476737,210079810,,
1150343009503858689,Sun Jul 14 10:04:40 +0000 2019,1,@womanfeeds sabun : biore parfum : victoria secret aqua kiss sampo : wardah yang anti dandruff lulur : shinzui sama herborist toner : nacific emina bright stuf sama viva,1150345359069069312,,bombockats,in,,0,0,0,https://x.com/undefined/status/1150345359069069312,974785694856957952,,
1138044452256137216,Mon Jun 10 11:32:15 +0000 2019,0,@ohmybeautybank victoria secret aqua kiss yg cream parfume,1138046210596409345,,ohmybeautybank,in,,0,0,0,https://x.com/undefined/status/1138046210596409345,752100882,,
1132826305907503104,Mon May 27 01:54:05 +0000 2019,1,@ibighitmenfess victoria secret aqua kiss 280an mungkin karna suka aja bau nya wkwk. soal parfum mah w bisa apa aja asal bau nya enak : ),1132827282937040896,,ibighitfess,in,,0,1,0,https://x.com/undefined/status/1132827282937040896,805954300417437696,,
1125058176162979840,Sun May 05 15:22:26 +0000 2019,0,Nak p travel bawak yang ni jaa senang selit/ dalam bag ja EDP VICTORIA S SECRET 30ml; . . Aqua Kiss : fresh / sweet Pure seduction : sweet/ fruity Night : sweet / woody Angel Gold : sweet / soft NEW... https://t.co/am2KElAiJ2,1125058176162979840,,,in,,0,0,0,https://x.com/undefined/status/1125058176162979840,822661322,,
1114724151460278272,Sun Apr 07 02:58:42 +0000 2019,0,Perempuan saje ke nak wangi? Lelaki pon ada tau. Victoria Secret ada yang #unisex punya scent. So lelaki perempuan boleh pakai yer.. coconut passion aqua kiss aqua kiss unwrapped rush exotic ... https://t.co/zgbZqtKplh,1114724151460278272,,,in,,0,0,0,https://x.com/undefined/status/1114724151460278272,1889236585,,
1094228279337177088,Sat Feb 09 13:40:07 +0000 2019,0,@New_preloved Aku ada victoria secret aqua kiss,1094229457991217152,,New_preloved,in,,0,0,0,https://x.com/undefined/status/1094229457991217152,900283138496016384,,
1082911369874132992,Wed Jan 09 08:06:04 +0000 2019,53,VICTORIA SECRET MIST BOX RM115.00 ( ada 6 botol mist - normal price 1 mist RM60.00 - kalau korang beli satu2 dah RM360.00 - jimat gile beli box ni ) SEBOTOL JADI RM19.20 je. Bau dalam box: pure seduction temptation coconut passion love spell aqua kiss romantic https://t.co/h2uXJ8JYsg,1082911369874132992,https://pbs.twimg.com/media/DwdGHn7V4AEhFpr.jpg,,in,,8,5,55,https://x.com/undefined/status/1082911369874132992,117851877,,
1077164586594254848,Mon Dec 24 11:30:24 +0000 2018,14,Oke gaes gue mau sedikit lanjutkan cerita: kenapa gue jadiin parfum aqua kiss victoria s secret sebagai GiveAway? Jadi sebenarnya gue addict banget sama fragrance mist VS ini. Dan blum lama ini gue baru aja borong beberapa parfum ini di aeon karna slain lg diskon jg wangi bgt️,1077164586594254848,,,in,,1,4,2,https://x.com/undefined/status/1077164586594254848,913434112798552066,,
1069148741087547392,Sun Dec 02 08:38:18 +0000 2018,8,Kalo minbor suka victoria's secret aqua kiss vs pink love haze bath and body works jg enak. Kalo ada duit 200an beli zara jg oke,1069148741087547392,,,in,,0,4,1,https://x.com/undefined/status/1069148741087547392,821057464523100166,,
1031171667777732608,Sun Aug 19 13:30:58 +0000 2018,0,kamu pake body mist victoria secret gak? kalo iya kasih tau dong yg paling wangi aku mau beli bingung soalnya aku pakai yg aqua kiss. wangi bgt sih itu https://t.co/omgRTicbOT,1031171667777732608,,,in,,0,0,0,https://x.com/undefined/status/1031171667777732608,269085880,,
1028290330322522113,Sat Aug 11 14:41:34 +0000 2018,0,Victoria s Secret Aqua Kiss Fiyat: 85TL https://t.co/5EJFLxWaIe,1028290330322522113,https://pbs.twimg.com/media/DkU4mSmW0AEEJmO.jpg,,in,,0,0,0,https://x.com/undefined/status/1028290330322522113,1027313806115004416,,
1010391022185033733,Sun Jun 24 04:52:20 +0000 2018,0,@adibakim @azrakhairul Untuk perempuan: ((bagi hint)) -victoria secret(( aqua kiss)) -victoria secret((pure seduction)) -victoria secret((bombshell)) Nak senang beli satu kotak punya terus semua wangi. Tapi ni personal review. Diff girls diff wangi kot,1010747427064668160,,adibakim,in,,0,0,1,https://x.com/undefined/status/1010747427064668160,342765285,,
930009205767049216,Mon Nov 13 09:47:28 +0000 2017,0,Apa parfum favoritmu? Victoria Secret my Aqua Kiss https://t.co/pP3xIRlrPC,930009205767049216,,,in,,0,0,0,https://x.com/undefined/status/930009205767049216,443452648,,
884796714942648321,Tue Jul 11 15:29:10 +0000 2017,0,Victoria Secret Bodymist AQUA KISS 250ml Semenanjung RM35 Sabah Sarawak RM40 prices inc https://t.co/eykzkShnVV,884796714942648321,,,in,,0,0,1,https://x.com/undefined/status/884796714942648321,2191457952,,
866222215888424961,Sun May 21 09:20:44 +0000 2017,0,Alhamdulillah sore ini laku parfum : avril lavigne strawberry victoria aqua kiss &amp; victoria secret. Yuk siapa https://t.co/KuxJx98cBn,866222215888424961,,,in,,0,0,0,https://x.com/undefined/status/866222215888424961,93876455,,
836538365642100736,Tue Feb 28 11:27:43 +0000 2017,2,VICTORIA SECRET Body Mist 250ml - 219rb Aqua kiss - wanginya segeeer sekali. Cocok buat yg g suka wangi manis&amp;flowery. Super best seller https://t.co/9EtehyI3cG,836538365642100736,https://pbs.twimg.com/media/C5v7M6CU0AAYnrT.jpg,,in,,0,0,0,https://x.com/undefined/status/836538365642100736,500799956,,
791638947885559808,Thu Oct 27 13:53:27 +0000 2016,1,Victoria Secret AQUA KISS 1. 50ml (RM25) 2. 20ml (RM12) SENSUAL BLUSH 1. 50ml (RM20) 2. 20ml (RM10),791638947885559808,,,in,,0,0,0,https://x.com/undefined/status/791638947885559808,784062063710658560,,
720924556311932929,Fri Apr 15 10:39:43 +0000 2016,1,Mai kedai aku dok suh pekerja bagi tester victoria secret..tapi aqua kiss better ,720924556311932929,,,in,,0,0,0,https://x.com/undefined/status/720924556311932929,272365756,,
671988265528897536,Wed Dec 02 09:44:22 +0000 2015,0,Hmm kat Victoria's Secret pun sama. Aku tanya any recommendation body mist bau macam aqua kiss dia tak layan pun.,671988265528897536,,,in,,0,1,0,https://x.com/undefined/status/671988265528897536,19224842,,
667022738180210688,Wed Nov 18 16:53:08 +0000 2015,0,Apa parfum favoritmu? victoria secret yang aqua kiss eskulin yang jasmine body Shop yang strawberry (body mist https://t.co/dviEmhZVK2,667022738180210688,,,in,,0,0,0,https://x.com/undefined/status/667022738180210688,234251299,,
599936204646252545,Sun May 17 13:55:12 +0000 2015,0,Kalo lotion nya pake pake victoria secret juga? Beda2 sih. Ganti2. Lotion VS aqua kiss iya sama pake body but... http://t.co/hAAZipFAJs,599936204646252545,,,in,,0,0,0,https://x.com/undefined/status/599936204646252545,177331505,,
580707411629092864,Wed Mar 25 12:26:50 +0000 2015,0,TAWARAN QUICK GRAB DATANG KEMBALI!!! VICTORIA SECRET BODY MIST 60ml 1 SET - AQUA KISS - TRUE ESCAPE -... http://t.co/xAAHxZDdFG,580707411629092864,,,in,,0,0,0,https://x.com/undefined/status/580707411629092864,55224092,,
524350811179343872,Tue Oct 21 00:05:50 +0000 2014,0,Apa parfum favoritmu? Victoria secret aqua kiss http://t.co/QJuPR7IIOi,524350811179343872,,,in,,0,0,0,https://x.com/undefined/status/524350811179343872,290842992,,
504919520117420032,Thu Aug 28 09:12:49 +0000 2014,1,Sedap bau Victoria Secret Aqua Kiss ni. Patutlah Lisa Surihani pun suka! The smell of this body mist very crispy.,504919520117420032,,,in,,0,0,1,https://x.com/undefined/status/504919520117420032,19224842,,
490124504052408321,Fri Jul 18 13:22:42 +0000 2014,0,Lagi coba coba pake bodymist nya Victoria's Secret yg Aqua Kiss http://t.co/qyfdlFvQeS,490124504052408321,,,in,,0,0,0,https://x.com/undefined/status/490124504052408321,726168560,,
473339405198180352,Mon Jun 02 05:44:43 +0000 2014,0,Kalo Parfum yg biasa lo pake apaan ? Victoria secret yg sheer love aqua kiss . http://t.co/6AKh5IgJpf,473339405198180352,,,in,,0,0,0,https://x.com/undefined/status/473339405198180352,1214503734,,
451412220229218304,Wed Apr 02 17:33:54 +0000 2014,0,VICTORIA SECRET ORIGINAL BODY LOTION SECRET CHARM 250ml Rp 160k AQUA KISS 250ml Rp 160k Beli 3 http://t.co/Xl2qSHzc4l,451412220229218304,,,in,,0,0,0,https://x.com/undefined/status/451412220229218304,236869824,,
446236873371811840,Wed Mar 19 10:48:55 +0000 2014,0,Tak sabar nak tunggu Secret craving Victoria Secret habis guna. Nak beli Aqua Kiss pulak. C'mon tinggal setengah botol lagi.,446236873371811840,,,in,,0,0,0,https://x.com/undefined/status/446236873371811840,19224842,,
428411965518528512,Wed Jan 29 06:19:06 +0000 2014,0,Secret Craving by Victoria Secret ni sedap bau dia. Manis dia kemain. Lepas ni nak try Aqua Kiss.,428411965518528512,,,in,,0,0,0,https://x.com/undefined/status/428411965518528512,19224842,,
421247270554976256,Thu Jan 09 11:49:10 +0000 2014,0,VICTORIA'S SECRET AQUA KISS BODY MIST 250ML MURAH MERIAAAAH DAN ORIII GIRLS!!! (^3^) http://t.co/3BdHVXI6fk,421247270554976256,,,in,,0,0,0,https://x.com/undefined/status/421247270554976256,78888146,,
415301717379383299,Tue Dec 24 02:03:40 +0000 2013,0,Victoria's Secret pnya perfume Aqua Kiss wangi @eeerraaa,415301717379383299,,,in,,0,0,0,https://x.com/undefined/status/415301717379383299,407555485,,
405690199255949312,Wed Nov 27 13:30:55 +0000 2013,0,hari isnin nak p amek Victoria Secret Aqua Kiss Body Mist. jyeahhhhhh,405690199255949312,,,in,,0,0,0,https://x.com/undefined/status/405690199255949312,738660050,,
388932621549699072,Sat Oct 12 07:42:17 +0000 2013,0,Cerita Pendek : Victoria's Secret Aqua Kiss Cerita Panjang : Nahhh body mist nieyh sesuai bagi http://t.co/p63zHf4Vpt,388932621549699072,,,in,,0,0,0,https://x.com/undefined/status/388932621549699072,370282927,,
372890133609345024,Thu Aug 29 01:15:10 +0000 2013,1,Okehhh da jumpa seller victoria secret..aqua kiss ngan love spell..perghhhh wangiii bohhhhh.,372890133609345024,,,in,,0,0,0,https://x.com/undefined/status/372890133609345024,1445984838,,
345568539010273281,Fri Jun 14 15:48:54 +0000 2013,0,@MelianaToa neng masih mau yg aqua kiss victoria secret ga? Kmrn nemu tuh 120 mau? Klo mau aq beliin klo prg lg.,345568539010273281,,MelianaToa,in,,0,0,0,https://x.com/undefined/status/345568539010273281,91087828,,
345397724826439681,Fri Jun 14 04:30:09 +0000 2013,0,Try out Aqua Kiss by Victoria's Secret for RM50 each or RM230 for all! Aqua Kiss ni menjadi kegilaan Lisa Surihani... http://t.co/hhauJj0aJt,345397724826439681,,,in,,0,0,0,https://x.com/undefined/status/345397724826439681,1257541243,,
315814929326301185,Sun Mar 24 13:18:41 +0000 2013,0,Victoria Secret Aqua Kiss Body Butter IDR 190rb (Po Close Setiap Rabu Lgsg Dikirim Hari Kamis) http://t.co/3oxjZQFKAU,315814929326301185,https://pbs.twimg.com/media/BGIAAUXCYAAkOrU.jpg,,in,,0,0,0,https://x.com/undefined/status/315814929326301185,1029898124,,
308969092050743296,Tue Mar 05 15:55:46 +0000 2013,0,Victoria's Secret Fragrance Mist - Aqua Kiss (baunya seger banget antara aroma hujan dan bunga2an) http://t.co/GdYFnIRwML,308969092050743296,https://pbs.twimg.com/media/BEmtwJLCcAAWTIR.jpg,,in,,0,0,0,https://x.com/undefined/status/308969092050743296,41265703,,
298351938842533888,Mon Feb 04 08:46:59 +0000 2013,0,Selalu suka Aqua Kiss dari Victoria's Secret ,298351938842533888,,,in,,0,0,0,https://x.com/undefined/status/298351938842533888,107062253,,
266707268135952385,Fri Nov 09 01:02:22 +0000 2012,0,:: Secret ::: Victoria Secret : Aqua Kiss Ini adalah salah satu jenama pewangi yang pernah aku guna. Ini adalah ... http://t.co/y5TnfY9V,266707268135952385,,,in,,0,0,0,https://x.com/undefined/status/266707268135952385,218791884,,
242215039275249664,Sun Sep 02 10:59:00 +0000 2012,0,Anna sui coba deh ;) RT @nesyadnevari: Aku si teteup aqua kiss from victoria secret :*RT @RatihSartikaa: Wanginya soft bgt beb ;) @mega_fox,242215039275249664,,,in,,0,0,0,https://x.com/undefined/status/242215039275249664,214781939,,
232434257551822848,Mon Aug 06 11:13:40 +0000 2012,0,Ur victoria's secret is ready to pick up @genesiahardina love spell and aqua kiss is available &gt;̴̴̴̴̴͡.̮Ơ̴͡,232434257551822848,,,in,,0,0,0,https://x.com/undefined/status/232434257551822848,52723629,,
232412235631325185,Mon Aug 06 09:46:10 +0000 2012,0,Victoria's Secret aqua kiss.. Segeerr nih buat sore-sore menjelang buka puasa :) http://t.co/tYkTArZI,232412235631325185,https://pbs.twimg.com/media/AzmxsmrCcAAA_K4.jpg,,in,,0,0,0,https://x.com/undefined/status/232412235631325185,92763981,,
220364773865439232,Wed Jul 04 03:53:50 +0000 2012,0,Aku mauuu @alshopwholesale: @tyasmirasih pakai original victoria secret aqua kiss (pict blue) siapa mau kembaran wanginya http://t.co/Q3,220364773865439232,,,in,,0,0,0,https://x.com/undefined/status/220364773865439232,167362572,,
218359094048858112,Thu Jun 28 15:03:59 +0000 2012,0,Kak aromany gmana? @alshopwholesale: #victoria secret aqua kiss original us cc:@tyasmirasih :*** http://t.co/CLycuFLA ,218359094048858112,,,in,,0,0,0,https://x.com/undefined/status/218359094048858112,436347280,,
1933952704092721157,Sat Jun 14 18:20:30 +0000 2025,0,Cek Stella Mini Matic Parfum'ist Set (Free Refill) - Pengharum Ruangan Otomatis dengan harga Rp63.700. Dapatkan di Shopee sekarang! https://t.co/cjRp9GIpFf https://t.co/4r2M40WhEx,1933952704092721157,https://pbs.twimg.com/media/GtbHvEkaEAAjt0K.jpg,,in,,0,0,0,https://x.com/undefined/status/1933952704092721157,1752876821790781440,,
1933875762941325541,Sat Jun 14 13:14:46 +0000 2025,0,parfum refill aku yg ini wanginya tahan lama bgtt aku semprot tadi pagi sampe skrg masih nempel bgt kecium wanginya. senengg padahal murcee bgt,1933875762941325541,,,in,,0,0,0,https://x.com/undefined/status/1933875762941325541,1014866201825169412,,
1933875755055972799,Sat Jun 14 13:14:44 +0000 2025,0,fomo beli heaven scent parfum refill yg overprice ntuh WKWKKW,1933875755055972799,,,in,,0,0,0,https://x.com/undefined/status/1933875755055972799,1274190526405677057,,
1933560054130880776,Sat Jun 14 04:01:08 +0000 2025,0,@rioeet Ke refill parfum terus bawa sample rapika ini biar dicariin yg mirip,1933736438891512171,,rioeet,in,,0,0,0,https://x.com/undefined/status/1933736438891512171,1027346674904051714,,
1933109304552259718,Fri Jun 13 13:28:55 +0000 2025,0,@tanyakanrl aku tim pake parfum refill. Andalan ku ini udah ciri khas wangi shampo sunsilk hijab yang warna ijo sering bgt dibilang 'duta wangi shampo' wkwk apalagi aku kerja dipabrik ini parfum enak ga nyegrak kalo siang malah kesan nya kaya abis mandi terus https://t.co/LbREAMCKc4,1933516937675616499,https://pbs.twimg.com/media/GtU7aF0a4AAk8Ly.jpg,tanyakanrl,in,,0,0,0,https://x.com/undefined/status/1933516937675616499,1154926305898459136,,
1933441928793895145,Fri Jun 13 13:14:28 +0000 2025,0,@xkillucha percaya atau tidak parfum yg biasa beli/refill di toko parfum-parfum itu pilih yg varian strawberry ITU ENAK BANGETTT aku udah berkali-kali ditanyain orang soalnya hihihi,1933513302845632670,,xkillucha,in,,0,1,0,https://x.com/undefined/status/1933513302845632670,517433812,,
1933488095758069967,Fri Jun 13 11:34:19 +0000 2025,3,in this economy gausah gengsi pake parfum lokal harga 200rb an dibanding maksain beli designer parfum yg harga jutaan. kalo ga sanggup juga gapapa beli parfum refill condet yang 50rb an. yang penting wangi.,1933488095758069967,,,in,,1,1,2,https://x.com/undefined/status/1933488095758069967,300750176,,
1933442383938785550,Fri Jun 13 09:49:03 +0000 2025,0,@bahassoalfess Sariayu tanjung body mist eloi coco yang oren body mist jg parfum refill yang diskon alt reverie saff n co minouet,1933461605490307375,,bahassoalfess,in,,0,0,0,https://x.com/undefined/status/1933461605490307375,1874118333005783046,,
1933109304552259718,Fri Jun 13 07:51:44 +0000 2025,1,@W0N_SC @kambingugling__ @tanyakanrl brasov kayanya ambil dari parfum refill juga deh amethyst wangi pink chiffon aquamarine wangi miss dior blooming banquet. belom nyoba yang lain tapi kemungkinan mirip parfum kw,1933432083457978473,,W0N_SC,in,,0,1,0,https://x.com/undefined/status/1933432083457978473,1639945203867086848,,
1933109304552259718,Fri Jun 13 07:13:53 +0000 2025,0,@tanyakanrl Glorifikasi parfum refill..,1933422555819618581,,tanyakanrl,in,,0,0,0,https://x.com/undefined/status/1933422555819618581,77934219,,
1933109304552259718,Fri Jun 13 00:43:04 +0000 2025,0,@tanyakanrl Dr namanya inimah parfum yg biasa di toko refill..,1933324206672130516,,tanyakanrl,in,,0,0,0,https://x.com/undefined/status/1933324206672130516,920530560258158593,,
1933131665859301690,Thu Jun 12 19:07:05 +0000 2025,30,@Rizkyhantoro @unmagnetism Lah itu parfum? Maklum gua biasa beli parfum refill 15rebuan. Kirain obat kuat.,1933239649839034752,,Rizkyhantoro,in,,0,0,0,https://x.com/undefined/status/1933239649839034752,1483852363702349824,,
1933220375598674396,Thu Jun 12 17:50:29 +0000 2025,0,eh demi apasi merknya el preman️mnding gw beli parfum refill dah,1933220375598674396,,,in,,0,0,0,https://x.com/undefined/status/1933220375598674396,1316563758211186688,,
1933109304552259718,Thu Jun 12 15:58:02 +0000 2025,114,@tanyakanrl Gua dah di tahap bakal repurchase ini sampe modarrr cuma parfum refill tp wanginya bikin orang noleh rill sampe orang sekitar ku pada order juga https://t.co/gEdYXb7GH0,1933192077694963991,https://pbs.twimg.com/media/GtQT8vhboAAR3-j.jpg,tanyakanrl,in,,0,8,4,https://x.com/undefined/status/1933192077694963991,904279725203267584,,
1933174742703608053,Thu Jun 12 15:05:53 +0000 2025,0,@fuckirn jujur. di aku gak awet hehe. terus kata temenku dia parfum inspired yang kayak dijual di abang2 refill parfum,1933178953243734374,,fuckirn,in,,0,1,0,https://x.com/undefined/status/1933178953243734374,886946814,,
1933144805254771032,Thu Jun 12 12:50:12 +0000 2025,0,parfum refill banyak yg mention ya grgr botol sebelah ,1933144805254771032,,,in,,0,0,0,https://x.com/undefined/status/1933144805254771032,1357910656930910209,,
1933144208988356844,Thu Jun 12 12:47:50 +0000 2025,0,yang parfum refill beneran memantau,1933144208988356844,,,in,,0,0,0,https://x.com/undefined/status/1933144208988356844,1357910656930910209,,
1933141600215191647,Thu Jun 12 12:37:28 +0000 2025,0,Haloo yang pengen beli parfum refill bisa di tokoku yaa ada orennya kalo kalian domnya di cilegon bisa lgsg ke tokoku juga udh pasti harganya murah juga premium tahan lama https://t.co/COkWFlzSM6,1933141600215191647,,,in,,0,0,0,https://x.com/undefined/status/1933141600215191647,288001289,,
1933141480564301893,Thu Jun 12 12:36:59 +0000 2025,0,Haloo yang pengen beli parfum refill bisa di tokoku yaa ada orennya kalo kalian domnya di cilegon bisa lgsg ke tokoku juga udh pasti harganya murah juga premium tahan lama https://t.co/COkWFlzSM6,1933141480564301893,,,in,,0,0,0,https://x.com/undefined/status/1933141480564301893,288001289,,
1933141007870357823,Thu Jun 12 12:35:06 +0000 2025,0,Haloo yang pengen beli parfum refill bisa ditokoku yaa ini harganya murah dan udh pasti premium tahan lama bisa order lewat oren atau kalo kalian domnya di cilegon bisa lgsg ke tokokuu https://t.co/COkWFlzSM6,1933141007870357823,,,in,,0,0,0,https://x.com/undefined/status/1933141007870357823,288001289,,
1933131952988799066,Thu Jun 12 11:59:08 +0000 2025,0,Cek Botol Spray Vial Kaca 2ml 5ml 10ml Bening Hitam Pink Biru Hijau Gold Silver Botol Refill Parfum Travel Size Semprotan Handsanitizer Pet Isi Ulang dengan harga Rp1.139. Dapatkan di Shopee sekarang! https://t.co/erIim6HRJd https://t.co/wtwfzbp8lb,1933131952988799066,https://pbs.twimg.com/media/GtPdQ9oaYAAu7Iq.jpg,,in,,0,0,0,https://x.com/undefined/status/1933131952988799066,1774860256126099461,,
1932993732829446432,Thu Jun 12 04:14:12 +0000 2025,0,@helenoia54 parfum refill malaikat subuh???,1933014950601240849,,helenoia54,in,,0,0,0,https://x.com/undefined/status/1933014950601240849,1507279432809349121,,
1932794793748541946,Wed Jun 11 13:39:23 +0000 2025,0,parfum refill yg wangi nya soft gitu apaa dehh bosen pake aqua kiss sama jlo,1932794793748541946,,,in,,1,1,0,https://x.com/undefined/status/1932794793748541946,1636744707316551680,,
1932609321663410209,Wed Jun 11 01:22:23 +0000 2025,0,Cek Freshcoco Parfum Baju Tahan Lama 100ml All Varian | Vanilla | Melon | Orange | Bubble Gum | Grape | Strawberry | Melon | CrandBerry | Parfum Spray Refill 100ml Aroma Buah dengan harga Rp6.500. Dapatkan di Shopee sekarang! https://t.co/J82o9MQDNA https://t.co/B8L7Cwll8O,1932609321663410209,https://pbs.twimg.com/media/GtIB7u8bIAAUzAM.jpg,,in,,0,0,0,https://x.com/undefined/status/1932609321663410209,1036422983194013696,,
1932457899730837756,Tue Jun 10 15:20:41 +0000 2025,0,ky parfum refill perempatan rumahku,1932457899730837756,,,in,,0,0,0,https://x.com/undefined/status/1932457899730837756,1413114910297399301,,
1932100848861258103,Tue Jun 10 14:27:04 +0000 2025,0,@hapshyy @rotterdaymn Tapi emang botol parfumnya kaya parfum refill ,1932444407770603615,,hapshyy,in,,0,2,0,https://x.com/undefined/status/1932444407770603615,1479476520619941892,,
1932443918345601395,Tue Jun 10 14:25:07 +0000 2025,0,kayak parfum refill,1932443918345601395,,,in,,0,0,0,https://x.com/undefined/status/1932443918345601395,1542900867736559618,,
1932404668203929632,Tue Jun 10 13:28:22 +0000 2025,0,@mandecassoside Jadinya beli parfum refill by bokek ak ‍️‍️‍️‍️‍️‍️‍️‍️‍️,1932429636929204610,,mandecassoside,in,,0,1,0,https://x.com/undefined/status/1932429636929204610,1796841024817668096,,
1932420437469786293,Tue Jun 10 12:51:49 +0000 2025,0,yang biasa pake parfum refill sebutin dong fav kalian apa? mau nyoba yang menurut kalian harus dicoba braw!,1932420437469786293,,,in,,0,5,0,https://x.com/undefined/status/1932420437469786293,1798859219397230592,,
1932100848861258103,Tue Jun 10 12:47:22 +0000 2025,229,@rotterdaymn gw komen parfum refill 25rebuan di blok ehehehew https://t.co/dOPccZr38A,1932419317632802837,https://pbs.twimg.com/media/GtFVH73bYAAKoNJ.jpg,rotterdaymn,in,,5,4,5,https://x.com/undefined/status/1932419317632802837,955395081728442368,,
1932392006246146473,Tue Jun 10 12:12:39 +0000 2025,0,@eqlus berulah mulu tukang parfum refill,1932410580918562892,,eqlus,in,,0,0,0,https://x.com/undefined/status/1932410580918562892,1745755075124113408,,
1932390373999149530,Tue Jun 10 10:52:21 +0000 2025,90,dear subeom yang kemarin ngasih freebies ini di acara temusubeom boleh dispill gak ini isiannya apa? mau refill saking sukanya sama baunya mana longevity nya jg lumayan bgt even katanya ini bukan parfum?? (tp enak bgt jd ttp kubuat parfum) https://t.co/SNeoDVOH89,1932390373999149530,https://pbs.twimg.com/media/GtE6jKhboAAYnQe.jpg,,in,,0,6,1,https://x.com/undefined/status/1932390373999149530,1799389408304771073,,
1932062218046320927,Tue Jun 10 08:07:16 +0000 2025,0,@bobbyngantuk Gini kan lebih cakep gak kek parfum refill,1932348828822495473,,bobbyngantuk,in,,0,0,0,https://x.com/undefined/status/1932348828822495473,1678567530099777537,,
1932251574983880743,Tue Jun 10 01:40:49 +0000 2025,0,Cek Freshcoco Parfum Baju Tahan Lama 100ml All Varian | Vanilla | Melon | Orange | Bubble Gum | Grape | Strawberry | Melon | CrandBerry | Parfum Spray Refill 100ml Aroma Buah dengan harga Rp6.500. Dapatkan di Shopee sekarang! https://t.co/yf6LBNetwb https://t.co/2dX4NE2XEd,1932251574983880743,https://pbs.twimg.com/media/GtC8kHjaYAAeGc-.jpg,,in,,0,0,0,https://x.com/undefined/status/1932251574983880743,1036422983194013696,,
1931996754054090895,Mon Jun 09 23:05:51 +0000 2025,12,@orenda_serein @unmagnetism Asliii malah bagusan botol di mamang refill parfum ,1932212576039112896,,orenda_serein,in,,0,0,0,https://x.com/undefined/status/1932212576039112896,1270615715226300417,,
1930536049505452264,Mon Jun 09 20:12:39 +0000 2025,0,@fakemessiahh_ @thirtyfivefeet @tahilalats Untuk yang bermerk aku pakai the body tale Juliette &amp; crusita Mystique of Java. Sisanya aku suka ke toko parfum Refill soalnya baunya jauh lebih nonjok yang refillan. Di refillan dekat kampus sering request sama mas nya bikinkan parfum asalkan ada campuran melati &amp; rose ,1932168988609724503,,fakemessiahh_,in,,0,0,0,https://x.com/undefined/status/1932168988609724503,1839726810969583616,,
1932057177684140061,Mon Jun 09 19:14:48 +0000 2025,0,@ruarovr oot but botolnye mirip parfum refill,1932154430125945082,,ruarovr,in,,0,1,0,https://x.com/undefined/status/1932154430125945082,1435479960018305025,,
1930182301159436618,Wed Jun 04 08:38:16 +0000 2025,2,[REKOMENDASI PARFUM SMOOKY] Cari parfum refill dengan aroma smoky yang elegan &amp; tahan lama? Ini 4 rekomendasi aroma smoky dari Uchi Parfum yang bisa kamu coba! ️ #rekomendasiparfum https://t.co/xlBb1f7ppZ,1930182301159436618,https://pbs.twimg.com/media/GslikVMasAEHcsy.jpg,,in,,0,2,0,https://x.com/undefined/status/1930182301159436618,1357910656930910209,,
1930126480295768555,Wed Jun 04 04:56:27 +0000 2025,0,Gamaau ke parfum refill lagiii mnyeramkan. Mending blind buy onlen aja lah,1930126480295768555,,,in,,0,0,0,https://x.com/undefined/status/1930126480295768555,1597182333089902592,,
1930108554008002657,Wed Jun 04 03:45:13 +0000 2025,0,guys saranin parfum refill yang wangi dong,1930108554008002657,,,in,,0,3,0,https://x.com/undefined/status/1930108554008002657,1802913107377057792,,
1930070177061974315,Wed Jun 04 02:57:32 +0000 2025,0,@Minjeongkijm kalo di parfum refill biasa pake davidoff cool water man sm dior sauvage kalo parfum lokal biasa pake saff n co solaris irai leima laz pozas. baru ngesniff blue point for him sm project 1945 yang batavia itu enak bangett. masuk ke wishlist saya wkwk,1930096551785078907,,Minjeongkijm,in,,0,2,0,https://x.com/undefined/status/1930096551785078907,1281546973623906304,,
1715017860291203125,Tue Jun 03 15:49:54 +0000 2025,0,@hirosemaltese @NAAMER1CAN0 kemarin baru banget refill kalo sama botol di ukuran segitu 50rb kak kalo di uchi parfum kalo di collector 50k dapet yang gede (kalo gasalah yaa aku lupa dulu beli harga berapa),1929928538469396501,,hirosemaltese,in,,0,2,0,https://x.com/undefined/status/1929928538469396501,1548197979827277826,,
1920066555217350818,Tue Jun 03 08:13:39 +0000 2025,0,@jitwon ASLI KAKAK BARU TAU? Kakak kira selama ini dia harganya dibawah 100k. Keren juga ya parfum refill ini... EITS kok minta dibeliin ya padahal brand-nya MJ pasti lebih banyak?! Karena baunya manis MJ! Kakak kurang suka wangi manis... lebih suka woody musky powdery. ,1929813719632187837,,jitwon,in,,0,0,0,https://x.com/undefined/status/1929813719632187837,2563447980,,
1929091421933318539,Tue Jun 03 04:02:40 +0000 2025,0,@bertatapan Lately lagi suka parfum refill dari bandung yang ada di shopee dan surprisingly enak bgt baunya murah pula,1929750555725123811,,bertatapan,in,,0,2,0,https://x.com/undefined/status/1929750555725123811,1920733643032739840,,
1929524472144441396,Mon Jun 02 13:25:30 +0000 2025,0,Randomlyyy abis liat video ini aku langsung semprot parfum refill yg aku lupa judulnya apa ke kasur ngga tau aku punya imajinasi kalo parfum ini cocok buat Jinan ,1929529811736629492,,fahriseyo,in,,0,0,0,https://x.com/undefined/status/1929529811736629492,882543714593161217,,
1929091421933318539,Mon Jun 02 12:46:51 +0000 2025,2,@bertatapan hmns eon atsiri kembang setaman pinkberry evening tea parfum refill gucci bloom teratu executive makarizo hair body mist morning dew,1929520086198444270,,bertatapan,in,,0,1,1,https://x.com/undefined/status/1929520086198444270,890940959831113732,,
1929507581829239291,Mon Jun 02 11:57:10 +0000 2025,0,mas ne ger iso tuku parfum refill adine iso tuku parfum modelan ngene yaoloh:((( dan 2 kui dikekne cuma2 mergo ra seneng + murah parfume sek dinggo deknen luwih larang seko kui:(( https://t.co/xUC0D3sonM,1929507581829239291,https://pbs.twimg.com/media/Gsb86hTacAATf_w.jpg,,in,,0,0,0,https://x.com/undefined/status/1929507581829239291,1676118138902183936,,
1929194626960752651,Sun Jun 01 15:13:36 +0000 2025,0,Parfum refill difitnah ga aman? Padahal dia cuma pengen bikin lo wangi tanpa bikin dompet burnout. Sini kita spill faktanya ⬇️ #RefillTanpaBatas https://t.co/qVgNJ62QHj,1929194626960752651,https://pbs.twimg.com/amplify_video_thumb/1929194442269077504/img/-rLFle2ELzuqvmFE.jpg,,in,,0,0,1,https://x.com/undefined/status/1929194626960752651,1357910656930910209,,
1929155725969834300,Sun Jun 01 12:39:06 +0000 2025,0,Yg kedua padahal udah beli di org refill an sampe dicobain tutup parfumnya ditempel ke tangan dikit dan cocok. Pas pulang dan nyoba nyemprot ya Allah nyentrong banget bau manisnya (ga kuat pusing bgt mual) Jd lah balik ke parfum awal bela2in ke mall anying,1929155744819040387,,champurraduk,in,,0,1,0,https://x.com/undefined/status/1929155744819040387,1400243021564702724,,
1929114695144808611,Sun Jun 01 09:55:59 +0000 2025,0,in this economy mending beli parfum refill win parfum bandung guys ternyata beneran semirip itu sorry gw sgt late to the game,1929114695144808611,,,in,,0,2,0,https://x.com/undefined/status/1929114695144808611,1830307732093796353,,
1929113893152211322,Sun Jun 01 09:52:47 +0000 2025,0,Saking tiap minggunya refill parfum mba2 nya sampe nanya Cepet bgt abisnya emang mba ? Tak nggo adus mbaa udu tak semprot,1929113893152211322,,,in,,0,0,0,https://x.com/undefined/status/1929113893152211322,1183913392706244610,,
1928798620339302440,Sat May 31 13:00:01 +0000 2025,1,Parfum refill murah tapi wangi tahan lama? Jangan buru-buru percaya sebelum tahu isi campurannya! Cek infografisnya biar kamu enggak asal semprot! https://t.co/IZKbKvrIkQ,1928798620339302440,https://pbs.twimg.com/media/GsRIPsuasAA8A8w.jpg,,in,,0,0,0,https://x.com/undefined/status/1928798620339302440,874558344593195008,,
1928711119583019412,Sat May 31 07:12:19 +0000 2025,0,Cek PARFUM REFILL 30ML KUALITAS PREMIUM DAN TAHAN LAMA Gender-Free dengan harga Rp35.000. Dapatkan di Shopee sekarang! https://t.co/sVdxRlfkla https://t.co/8EgzEe81Jf,1928711119583019412,https://pbs.twimg.com/media/GsQoisgakAAi2Qx.jpg,,in,,0,0,0,https://x.com/undefined/status/1928711119583019412,1036422983194013696,,
1928471930111152481,Fri May 30 23:48:48 +0000 2025,0,@convallaria5749 Parfum refill melon wanginya mirip marjan melon tp lumayan manis wanginya,1928599504917508520,,convallaria5749,in,,0,0,0,https://x.com/undefined/status/1928599504917508520,1347498241454084098,,
1928440493840511366,Fri May 30 13:37:48 +0000 2025,0,@SPARKLEAJHYUK Masalahnya... parfum refill yg di mall2 gitu wkwkwkkw cuma 35rb deh,1928445742093328519,,SPARKLEAJHYUK,in,,0,1,0,https://x.com/undefined/status/1928445742093328519,1240088903429664768,,
1928348828865859611,Fri May 30 07:12:42 +0000 2025,0,Cek Botol Parfum Refill 5ml Botol Parfum Isi Ulang Botol Parfum Travel 5ml dengan harga Rp5.550. Dapatkan di Shopee sekarang! https://t.co/B1NNSwkYAt https://t.co/qWjgbGniPk,1928348828865859611,https://pbs.twimg.com/media/GsLfCYsaUAEW99x.jpg,,in,,0,0,0,https://x.com/undefined/status/1928348828865859611,1036422983194013696,,
1928020719683674485,Thu May 29 09:28:55 +0000 2025,0,Botol parfum mini 5ml Tmpat parfum mini travel size botol Btol parfum refill/Btol parfum mini/Botol prfum prtable Mimi/Tempat parfum Parfum mini 5ml botol/ Btol parfume mini/Refill parfum/Parfum btol pcahan/Botol sray tavel size harga Rp5.999 di Shopee https://t.co/x58FWlChhM https://t.co/IGVrJsu1ax,1928020719683674485,https://pbs.twimg.com/media/GsG0oCbaUAEFBBu.jpg,,in,,0,0,0,https://x.com/undefined/status/1928020719683674485,1547920110907576320,,
1928015882757763574,Thu May 29 09:09:41 +0000 2025,0,Cek Botol Parfum Mini 5ml Botol Parfum Wangi Isi Ulang / Botol Parfum Refill Mini Travelling Ukuran 5 Ml dengan harga Rp4.941. Dapatkan di Shopee sekarang! https://t.co/8DXnPmiAhG https://t.co/TcuuvuZzdc,1928015882757763574,https://pbs.twimg.com/media/GsGwOaTaUAQ-ana.jpg,,in,,0,0,0,https://x.com/undefined/status/1928015882757763574,1036422983194013696,,
1927737328358875544,Wed May 28 14:42:49 +0000 2025,0,Cek Refill Isi Ulang Parfum 100ml Unisex dengan harga Rp4.850. Dapatkan di Shopee sekarang! https://t.co/Nx3CWHPxPv https://t.co/O1IzJetM2s,1927737328358875544,https://pbs.twimg.com/media/GsCy4jJagAA-ll1.jpg,,in,,0,0,0,https://x.com/undefined/status/1927737328358875544,1905444227238215680,,
1927334700718137773,Wed May 28 12:46:56 +0000 2025,0,@BanyuSadewa Tak kasih tester buat bekal olahraga om...recomeend di dunia parfum tp refill ndak masalah kan,1927708165392445602,,BanyuSadewa,in,,0,0,0,https://x.com/undefined/status/1927708165392445602,735642404280115200,,
1927334700718137773,Wed May 28 08:49:37 +0000 2025,0,@BanyuSadewa Parfum refill yg permili 3.500 Mau gobyos kayak apa ttp wangi parfum ,1927648442178015620,,BanyuSadewa,in,,0,0,0,https://x.com/undefined/status/1927648442178015620,1715443920,,
1923695004603879768,Wed May 28 05:20:24 +0000 2025,0,@KARAMAZOVSK Kak parfum refill dari In Parfume Bandung murah dan wanginya awet lho.. Bisa jastip di aku kak kalo gak mau antri sendiri https://t.co/ydVtwbSvlG,1927595792748953889,,KARAMAZOVF,in,,0,0,0,https://x.com/undefined/status/1927595792748953889,144764103,,
1927581624897515555,Wed May 28 04:24:06 +0000 2025,0,Guyss mau mintol aku udah terlanjur beli refill (refill parfum pinggir jalan) parfum jeruk + avril sekitar 10ml an terus ternyata bau jeruknya pusing banget kek stella jeruk kira kira pake campuran apa ya biar bisa nyamarin baunya? Yg enak dipake siang hari plisss...,1927581624897515555,,,in,,0,1,0,https://x.com/undefined/status/1927581624897515555,1156504693482201088,,
1927574941517643981,Wed May 28 03:57:33 +0000 2025,0,Cek Inspired Parfum Refill Bandung 35ML 60ML 100ML Tahan Lama dengan harga Rp75.000. Dapatkan di Shopee sekarang! https://t.co/34uFOn2dTT https://t.co/OA1zLMtjk5,1927574941517643981,https://pbs.twimg.com/media/GsAfMNTXEAAq3jL.jpg,,in,,0,0,0,https://x.com/undefined/status/1927574941517643981,1036422983194013696,,
1927526869554860042,Wed May 28 00:46:32 +0000 2025,0,mantep bgt parfum refill dibawa mandi masih nempel,1927526869554860042,,,in,,0,0,0,https://x.com/undefined/status/1927526869554860042,1776286588852674560,,
1927403199767429605,Tue May 27 16:35:06 +0000 2025,0,Today's recap -Jajan psl tapi gacocok perih pol di perut -Beli parfum refill pas di toko wanginya oke tapi nyampe rumah kok beda sedih -Lupa beli makanan kucing:( ini paling sedih,1927403199767429605,,,in,,0,0,0,https://x.com/undefined/status/1927403199767429605,1305380369634455552,,
1927394360691195939,Tue May 27 15:59:59 +0000 2025,0,Cek [ LLB ] BLACK OPIUM PARFUM REFILL LELABO 30 ML TERMURAH TERLARIS dengan harga Rp9.500. Dapatkan di Shopee sekarang! https://t.co/RaTXZ5LssC https://t.co/s6rDoUhxwp,1927394360691195939,https://pbs.twimg.com/media/Gr969M-XQAEgQF8.jpg,,in,,0,0,0,https://x.com/undefined/status/1927394360691195939,1846622878328041472,,
1927394328432849347,Tue May 27 15:59:51 +0000 2025,0,Cek (LLBO 30 ML PARIS HILTON )Long Lasting PARFUM REFILL 30 ML TERLARIS HARGA TERBAIK dengan harga Rp9.300. Dapatkan di Shopee sekarang! https://t.co/WFf17yPSAe https://t.co/BOYjbSPqHX,1927394328432849347,https://pbs.twimg.com/media/Gr967WfW0AAL3vA.jpg,,in,,0,0,0,https://x.com/undefined/status/1927394328432849347,1846622878328041472,,
1927394201504780715,Tue May 27 15:59:21 +0000 2025,0,Cek [ SPRAY LELABO 30ML ] YSL BLACK OPIUM PARFUM REFILL UKURAN 30ML TERMURAH DAN BERKUALITAS. dengan harga Rp9.100. Dapatkan di Shopee sekarang! https://t.co/LRetTuPopD https://t.co/zJmYGfzppB,1927394201504780715,https://pbs.twimg.com/media/Gr96z1YWYAER1q5.jpg,,in,,0,0,0,https://x.com/undefined/status/1927394201504780715,1846622878328041472,,
1927180234849210588,Tue May 27 01:49:07 +0000 2025,0,Cek Downy Premium Parfum Mystique Pewangi Pelembut Pakaian Refill 1.35 l - Isi 3 dengan harga Rp182.200. Dapatkan di Shopee sekarang! https://t.co/raKkas2xsl https://t.co/ILjxYifYNh,1927180234849210588,https://pbs.twimg.com/media/Gr64NbWXsAA0Cds.jpg,,in,,0,0,0,https://x.com/undefined/status/1927180234849210588,1849435973232504832,,
1926987970009080065,Mon May 26 13:05:08 +0000 2025,0,Cek YGS -J306- Botol Parfum Isi Ulang - Botol Parfum Travel Spray 5ml - Botol Parfum Refill 5ml dengan harga Rp3.999. Dapatkan di Shopee sekarang! https://t.co/mXUfmkRofE https://t.co/3zSjiFjLlD,1926987970009080065,https://pbs.twimg.com/media/Gr4JWGXXEAAtX4w.jpg,,in,,0,0,0,https://x.com/undefined/status/1926987970009080065,2308193682,,
1926637527508685103,Mon May 26 09:03:40 +0000 2025,0,@ohmy_beautybank Kalo yg suka parfum refill biasanya pilih VS Scandalous atau VS Bombshell kak https://t.co/ydVtwbSvlG,1926927204228751629,,ohmy_beautybank,in,,0,0,0,https://x.com/undefined/status/1926927204228751629,144764103,,
1926918253810495645,Mon May 26 08:28:06 +0000 2025,0,tp knp dahh botol parfum onix tuh kya parfum refill anjrr,1926918253810495645,,,in,,0,0,0,https://x.com/undefined/status/1926918253810495645,1362676887302987776,,
1926258511337427443,Mon May 26 04:42:43 +0000 2025,0,@dazzlecloud kak aku lagi cari parfum brand lain aku biasanya pake parfum refill aqua kiss kalo ada yg tau wangi aqua kiss boleh rekomendasi in parfum yg wanginya kayak gitu dong pliss,1926861531431469061,,dazzlecloud,in,,0,0,0,https://x.com/undefined/status/1926861531431469061,1914864765719150592,,
1926846588367814777,Mon May 26 03:43:20 +0000 2025,0,rekomen parfum refill yg wanginya kalem manis dan elegan dong,1926846588367814777,,,in,,0,4,0,https://x.com/undefined/status/1926846588367814777,1291893233425854464,,
1926456920631591117,Sun May 25 21:58:39 +0000 2025,0,@capungsambar_ Aku pakai parfum refill juga kak biasanya pakai Anna Sui On the Beach atau CH 212 VIP Rose. Kalo aku biasanya disemprot agak jauh dari baju jadi gak ada nodanya kak. https://t.co/ydVtwbSvlG,1926759844960186869,,capungsambar_,in,,0,0,0,https://x.com/undefined/status/1926759844960186869,144764103,,
1926258511337427443,Sun May 25 21:57:16 +0000 2025,0,@8agXkIiHI6L6bl8 @dazzlecloud Yuk jastip parfum refill dari In Parfume nya di aku Yuk kak https://t.co/ydVtwbSvlG,1926759497218900408,,8agXkIiHI6L6bl8,in,,0,0,0,https://x.com/undefined/status/1926759497218900408,144764103,,
1926685931223888128,Sun May 25 17:08:31 +0000 2025,0,ni parfum tipe gue bgt even gue pakenya yg refill aja enak banget gimana yang asli huhuhuhuhuhuhu,1926686833376702607,,eipys,in,,0,0,0,https://x.com/undefined/status/1926686833376702607,1378723159,,
1926670249685839985,Sun May 25 16:24:42 +0000 2025,0,@gemeesw klo suka kunti core daripada difuser better beli body mist ato ke parfum refill pesen varian melati kraton semprotin ke bantal ato gorden ,1926675803548336369,,gemeesw,in,,0,1,0,https://x.com/undefined/status/1926675803548336369,1840394468031377408,,
1926649685818646956,Sun May 25 14:40:55 +0000 2025,0,ini parfum nya ada di abang2 refill ga ya /nyengir,1926649685818646956,,,in,,0,0,0,https://x.com/undefined/status/1926649685818646956,1924036228359577600,,
1926258511337427443,Sun May 25 14:19:37 +0000 2025,0,@dazzlecloud parfum refill sih oke banget baru pertama beli &amp; skg habis mau beli tapi mager,1926644325544259891,,dazzlecloud,in,,0,2,0,https://x.com/undefined/status/1926644325544259891,1429464799721652227,,
1926609850538054105,Sun May 25 12:02:37 +0000 2025,0,kalo ak jual parfum refill disini ada yg beli ga ya? bisa sopi kok nanti mau buka toko parfum,1926609850538054105,,,in,,0,0,0,https://x.com/undefined/status/1926609850538054105,1621796913468309504,,
1926553348502679566,Sun May 25 10:05:52 +0000 2025,0,@ririyya BALII bouquet ehhh tapii parfum abang refill enak bngtt lohh + awetttt haha ak sring dapet compliment ,1926580466586386696,,ririyya,in,,0,0,0,https://x.com/undefined/status/1926580466586386696,832467842624675841,,
1926456920631591117,Sun May 25 01:54:56 +0000 2025,0,Cewe2 kalian pada pakai parfum apa buat kegiatan sehari-hari? Aku tu beli 1 jenis aja namanya sexy vanilla parfum refill gitu wanginya tahan lama TAPI dia ninggalin noda di baju,1926456920631591117,,,in,,1,1,0,https://x.com/undefined/status/1926456920631591117,1876606748519542785,,
1924798014260199687,Sat May 24 22:34:30 +0000 2025,0,@meloodays Parfum refill dari In Parfume Daily : VS Back to Pink atau CH 212 VIP Rose Motoran : Dior Poison Girl Siang : Anna Sui On the Beach atau Ex Nihilo Fleur Narcotique Tergantung mood biasanya kak https://t.co/ydVtwbSvlG,1926406482033099263,,meloodays,in,,0,0,0,https://x.com/undefined/status/1926406482033099263,144764103,,
1926386944721719511,Sat May 24 21:16:52 +0000 2025,0,Cek Botol Parfum Mini Travel isi 10ml botol Refill spray isi ulang tali gantung karakter Boneka timbul dengan harga Rp5.499. Dapatkan di Shopee sekarang! jangan tidur https://t.co/1kOygoiMvn https://t.co/fwfOiLchb9,1926386944721719511,https://pbs.twimg.com/media/GrvmtoEXUAAEuJ0.jpg,,in,,0,0,0,https://x.com/undefined/status/1926386944721719511,1866116802780266496,,
1925724321177084094,Sat May 24 00:27:56 +0000 2025,0,@ruangberroom @ohmy_beautybank Secara harfiah sih gak sama tapi org biasa nyebut parfum bibit tuh parfum Refill ,1926072639489024338,,ruangberroom,in,,0,0,0,https://x.com/undefined/status/1926072639489024338,1323398076065673216,,
1925724321177084094,Fri May 23 10:51:03 +0000 2025,0,@megustaschu_ @ohmy_beautybank Sorry ka mau tnya berarti parfum bibit tuh parfum refill yg kayak dupe² gitu yaa?,1925867063429456382,,megustaschu_,in,,0,0,0,https://x.com/undefined/status/1925867063429456382,1283969062066782208,,
1925799816442810735,Fri May 23 06:25:26 +0000 2025,0,@SmgMenfess Toko parfum refill banyak pilihan brow,1925800217422532880,,SmgMenfess,in,,0,0,0,https://x.com/undefined/status/1925800217422532880,1329954294498435072,,
1925724321177084094,Fri May 23 02:55:16 +0000 2025,0,@ohmy_beautybank bibit mksdnya parfum refill?,1925747327152554450,,ohmy_beautybank,in,,0,0,0,https://x.com/undefined/status/1925747327152554450,1089016868,,
1923603033935724608,Mon May 19 11:37:26 +0000 2025,0,@sviadersa aku punya aku suka banget juga. ini kalau misal abis tempatnya bisa dipakai refill parfum lainn,1924429185600401560,,sviadersa,in,,0,0,0,https://x.com/undefined/status/1924429185600401560,1919494372841947138,,
1923780601552736389,Mon May 19 01:41:53 +0000 2025,0,@tanyarlfes Kayaknya bisaa nder... Aku dulu pernah bawa parfum refill di pouch makeup terus bocor kena wadah bedak eh engsel nya patah dong :')),1924279311609319741,,tanyarlfes,in,,0,0,0,https://x.com/undefined/status/1924279311609319741,1618275948109127681,,
1923780601552736389,Mon May 19 00:10:01 +0000 2025,0,@tanyarlfes keknya iya aku dulu juga gitu naro parfum refill sm kacamata item ditas. pas mau ngambil kacamata framenya udh pada leleh:(,1924256189795516776,,tanyarlfes,in,,0,0,0,https://x.com/undefined/status/1924256189795516776,1429445460272443396,,
1923780601552736389,Mon May 19 00:00:35 +0000 2025,0,@tanyarlfes Samaaa mouse ku juga kemarin ngelupas dan itu basah kena parfum refill,1924253818314981593,,tanyarlfes,in,,0,0,0,https://x.com/undefined/status/1924253818314981593,1215284230151786496,,
1923780601552736389,Sun May 18 21:51:49 +0000 2025,0,@tanyarlfes Pernah kak beli parfum refill langsung gatal gatal seluruh badan walau semprot di baju awalnya gapercaya dari parfum terus aku coba semprot di ketiak makin parah gatalnya dan menyebar seluruh tubuh sperti scabies ngeri pkoknya akhirnya sembuh sendiri jd kusarankan tiati ya,1924221412447052020,,tanyarlfes,in,,0,0,0,https://x.com/undefined/status/1924221412447052020,1882342224618561536,,
1924150436887666982,Sun May 18 17:09:49 +0000 2025,1,Sejujurnya yang masih awam soal parfum apalagi yg udah lama pakai refill bibit harus tau dulu sedikit fakta. 1. Harga permili bibit 1rb-3rb atau bisa lebih. Padahal original ada kok 100ml di harga 200-300rb tinggal di bedah permili aja dan ketemunya gak beda.,1924150443846082992,,eaudeparto,in,,0,1,0,https://x.com/undefined/status/1924150443846082992,1565314003244498944,,
1924086139377385777,Sun May 18 13:16:24 +0000 2025,0,@ohmy_beautybank ostara ini menurutku plek ketiplek wanginya fruity pair sp8 punya ami awad parfum toko refill gitu. fyi aku cocok wangi ostara ini aku biasanya pakai parfum bibit lux &amp; romantic wish hambel yg cuddle &amp; candi aku juga cocok. semoga kebayang wanginya,1924091703813894644,,lopiedopiee,in,,0,0,0,https://x.com/undefined/status/1924091703813894644,1293819980136341504,,
1924076757021593727,Sun May 18 12:17:01 +0000 2025,0,Apa Perasaan Gua Doang Ya Harga Parfum Refill Makin Kesini Ko Makin Mahal Ya ,1924076757021593727,,,in,,0,1,0,https://x.com/undefined/status/1924076757021593727,508276885,,
1923780601552736389,Sun May 18 11:51:18 +0000 2025,0,@tanyarlfes Gw pernah pakai parfum refill-an dan lumayan pricey kena kulit aja panas banget gimana cuma plastik gini... Akhirnya kapok beli Refill parfum oilnya banyak kok tapi kayaknya pelarutnya alkoholnya bukan buat kecantikan deh jadinya panas bgt di kulit,1924070285017514128,,tanyarlfes,in,,0,0,0,https://x.com/undefined/status/1924070285017514128,1369900624041545729,,
1923780601552736389,Sun May 18 10:43:47 +0000 2025,0,@tanyarlfes bisa. pas aku mudik kurleb 5 jam siang² jedaiku meleleh ngelupas gitu. dia aku taruh 1 pouch bareng parfum refill,1924053295955611784,,tanyarlfes,in,,0,0,0,https://x.com/undefined/status/1924053295955611784,1426436646573023243,,
1923780601552736389,Sun May 18 10:04:05 +0000 2025,0,@tanyarlfes bisaa parfumku yg bukan parfum Refill juga ngelunturin cat powerbank ku jadi jelek banget .,1924043303286395079,,tanyarlfes,in,,0,0,0,https://x.com/undefined/status/1924043303286395079,1252987896597905408,,
1923780601552736389,Sun May 18 09:51:02 +0000 2025,3,@tanyarlfes Makanya di kalangan kaum wangi sangat tidak dianjurkan beli parfum refill karna kandungan kimianya kita gak tau apa aja efeknya. Bukan berarti parfum bermerk yg lulus BPOM sdh pasti aman ya.,1924040018592751682,,tanyarlfes,in,,0,1,0,https://x.com/undefined/status/1924040018592751682,476568929,,
1924020647426130275,Sun May 18 08:34:03 +0000 2025,0,Kata kunci: parfum isi ulang parfum refill parfum bibit,1924020647426130275,,,in,,0,0,0,https://x.com/undefined/status/1924020647426130275,1100920191557427201,,
1924013498591477817,Sun May 18 08:05:39 +0000 2025,0,Saya udah ga akan lagi pake parfum refill karena bikin iritasi di kulit,1924013498591477817,,,in,,0,0,0,https://x.com/undefined/status/1924013498591477817,1886011286963847168,,
1923992943293235434,Sun May 18 06:56:25 +0000 2025,0,@RealMulyono :)) parfum malay kualitasnya kek parfum refill gt kali ya?,1923996077356929235,,RealMulyono,in,,0,0,0,https://x.com/undefined/status/1923996077356929235,1795491535645233152,,
1923963731639402674,Sun May 18 04:47:53 +0000 2025,0,laptopku ketumpahan parfum refill dan tidak bisa diselamatkan ,1923963731639402674,,,in,,0,0,0,https://x.com/undefined/status/1923963731639402674,1401463496164790274,,
1923780601552736389,Sun May 18 04:03:22 +0000 2025,0,@tanyarlfes Pantes aja hodobnya gue naruh earphone BT jadi 1 dengan parfum refill an trs gabisa dibuka Bener2 rapet kaga bisa dibuka samsekkkk,1923952529366450346,,tanyarlfes,in,,0,0,0,https://x.com/undefined/status/1923952529366450346,3303362522,,
1923780601552736389,Sun May 18 03:51:29 +0000 2025,0,@kesemekmateng @tanyarlfes Makanya ada warning parfum masukin ke botol kaca kalo refill ke botol plastik isi secukupnya aja,1923949536847986740,,kesemekmateng,in,,0,0,0,https://x.com/undefined/status/1923949536847986740,986723952,,
1923780601552736389,Sun May 18 03:51:27 +0000 2025,0,@tanyarlfes ya karena parfum refill kandungan alkohol nya lebih tinggi ketimbang konsentrat parfum itu sendiri,1923949526609690690,,tanyarlfes,in,,0,0,0,https://x.com/undefined/status/1923949526609690690,1703783414644830208,,
1923780601552736389,Sun May 18 03:32:17 +0000 2025,0,@kesemekmateng @tanyarlfes parfum refill yang aku pake itu itu ada dingin kalo kena kulit. berarti itu bahayaa ya?? apa yg penting jgn sampe kena kulit &amp; tetep kena kain aja?,1923944703738904579,,kesemekmateng,in,,0,4,0,https://x.com/undefined/status/1923944703738904579,1745710763787055104,,
1923920248203300956,Sun May 18 01:55:06 +0000 2025,4,guysss disini ada yang suka beli parfum refill gt ga ya? kalo ada pls kasih aku tips bilang ke abangnya kayak gmn biar parfumnya yang awet &amp; tidak kuning di bajuuu.. makasih ,1923920248203300956,,,in,,1,7,0,https://x.com/undefined/status/1923920248203300956,1371650588,,
1923780601552736389,Sun May 18 01:39:59 +0000 2025,0,@tanyarlfes laptopku meleleh gara ketumpahan parfum refill,1923916445106438497,,tanyarlfes,in,,0,0,0,https://x.com/undefined/status/1923916445106438497,1404304503348752384,,
1923780601552736389,Sat May 17 22:13:43 +0000 2025,0,@tanyarlfes Yeah bisa tutup parfum refill gw aja catnya pudar krn itu,1923864536978948500,,tanyarlfes,in,,0,0,0,https://x.com/undefined/status/1923864536978948500,1365565867879059460,,
1923822327479009416,Sat May 17 19:26:00 +0000 2025,2,If you want to try saff n co better you bought the newest one. Trust me Soalnya yg botol item itu terlalu oily dan kek parfum refill an. Makanya wanginya harsh banget dan cuma ngejar spl,1923822327479009416,,,in,,0,0,1,https://x.com/undefined/status/1923822327479009416,2320340142,,
1923759777706016830,Sat May 17 15:17:27 +0000 2025,0,Mending dihindari dan beli refill In Parfum aja. Sekian.,1923759777706016830,,,in,,0,0,0,https://x.com/undefined/status/1923759777706016830,1294505660,,
1923736286516609154,Sat May 17 13:44:06 +0000 2025,0,ONE STOP SHOPPING PARFUM REFILL DLL. Kami Menjual : Bibit Parfum Eropa &amp; Timur Tengah Bibit Parfum Thailand DPG ( Solviol ) PG DoW Methanol Absolute Buhur Bakar Gaharu DLL AromaTherapy Botol Plastik / Antik / Kaca / Beling https://t.co/APQvRrwTJC,1923736286516609154,https://pbs.twimg.com/media/GrJ79OjWQAAXW_v.jpg,,in,,0,0,0,https://x.com/undefined/status/1923736286516609154,1524699125740347398,,
1923690228256211021,Sat May 17 13:10:48 +0000 2025,0,@narattamaa parfum refill cuma rebranding aja-_-,1923727906473378216,,narattamaa,in,,0,0,0,https://x.com/undefined/status/1923727906473378216,1451347632127840269,,
1923696442776092950,Sat May 17 11:05:47 +0000 2025,0,Gua udah lupa rupa bapak gua gimana suara bapak gua gimana pas gua jaga toko parfum gua malah nemu aroma parfum bapak gua kalo mau berangkat solat jumat akhirnya gua minta izin bos gua buat minta buat refill aroma melatinya khas bgt,1923696442776092950,,,in,,0,1,0,https://x.com/undefined/status/1923696442776092950,588338889,,
1923695004603879768,Sat May 17 11:00:04 +0000 2025,4,guys rekomen parfum refill yang murah dan wanginya awet dong. capek beli parfum brand lokal yang wanginya cuma dupe parfum luar isinya cuma kaya parfum refill. Jadi mendingan beli parfum refill aja sekalian https://t.co/GYI7xSJa2Z,1923695004603879768,https://pbs.twimg.com/media/GrJWaV5WcAAEKSm.jpg,,in,,0,3,0,https://x.com/undefined/status/1923695004603879768,1154711855408939008,,
1923552863814549575,Sat May 17 02:35:38 +0000 2025,1,@211Tije @rapmonvirgo @namugurl_ Racikan jatuhnya bkn refill Kasih aja satu sample referensi parfum. Bbrp dr mereka punya dupe nanti diracik.,1923568062755930578,,211Tije,in,,0,0,0,https://x.com/undefined/status/1923568062755930578,104803407,,
1923324280143548553,Fri May 16 14:23:40 +0000 2025,2,@lvynrosee this trust me. mungkin bakal mikir ah ooarfum refill ini mah . but menurut ku ini blendsnya enak bgt jauh dr parfum refill fr..juicenya engga oily juga. cuma emg packagingnya wkwkwk https://t.co/5gDYNaT3jJ,1923383853214744805,https://pbs.twimg.com/media/GrE7aj-bIAE0OeG.jpg,lvynrosee,in,,0,1,0,https://x.com/undefined/status/1923383853214744805,1015567402292006918,,
1923346978181685609,Fri May 16 12:07:44 +0000 2025,0,terlepas (mungkin) cuma wewangian parfum refill atau beli di minimart tapi intinya aromanya jauh dari bau tak sedap,1923349645511520280,,duabadai,in,,0,1,0,https://x.com/undefined/status/1923349645511520280,82382219,,
1923286262674268497,Fri May 16 11:47:08 +0000 2025,0,@margareccca Semoga rezeki ya Kebetulan parfum refill ku mau abis Mau parfum yang segar dan awet biar makek nya bisa irit2. Dom jaktim,1923344461456609421,,margareccca,in,,0,0,0,https://x.com/undefined/status/1923344461456609421,1213420105071120384,,
1923338542392000944,Fri May 16 11:23:37 +0000 2025,0,tp ni parfum lost cherry refill memang kunti core si ntah semerbak apa engga tp ak love bgt,1923338542392000944,,,in,,0,0,0,https://x.com/undefined/status/1923338542392000944,1246837167076171776,,
1923337008216166448,Fri May 16 11:17:32 +0000 2025,0,bcs ak beli parfum refill️ tapi banyak reviewnya yang blg mirip sama aslinya‍️‍️,1923337011882004836,,vodkaIoey,in,,0,0,0,https://x.com/undefined/status/1923337011882004836,1246837167076171776,,
1922962984835367305,Thu May 15 12:52:37 +0000 2025,0,@coipp malah koyo jeneng parfum refill ndan,1922998554596880650,,coipp,in,,0,0,0,https://x.com/undefined/status/1922998554596880650,3414405794,,
1922938688041808075,Thu May 15 08:54:44 +0000 2025,1,Parfum refill itu konsepnya gimana sih? Kek bisa request mau notes apa gitu?,1922938688041808075,,,in,,0,2,0,https://x.com/undefined/status/1922938688041808075,1538155114447650816,,
1922927696058659296,Thu May 15 08:11:09 +0000 2025,0,I punya tak boleh hidup tanpa shampoo ni sampaikan packaging dah bertukar banyak kali pun semua i ada Mini size tu dulu ada botol putih tau kalau korang tak tahu. Sekarang i beli refill punya je senang dapat 600ml terus. Travel size paling latest pun i ado *flip hair* https://t.co/FMpqI3AV0d,1922927719467073656,https://pbs.twimg.com/media/Gq-ckPpaAAANpwW.jpg,anisaniesa,in,,0,1,0,https://x.com/undefined/status/1922927719467073656,239266720,,
1922890638363615538,Thu May 15 05:43:48 +0000 2025,84,Parfum refill ter-GONG yang pernah aku temuin! Wanginya elegan tahan lama banget ngalahin parfum ratusan ribu https://t.co/MuwamXoICm,1922890638363615538,https://pbs.twimg.com/media/Gq962B5aYAAdK2K.jpg,,in,,2,39,30,https://x.com/undefined/status/1922890638363615538,1046807754,,
1922885486055448919,Thu May 15 05:23:20 +0000 2025,0,Buat parfum unik dengan Parfum Refill Mixing! Pilih aroma favorit melalui chat dan nikmati keharuman yang sesuai selera. Praktis cepat dan tanpa alkohol. BISA CO DISINI YAA ‍️‍️ https://t.co/x7uAJh4o8C,1922885486055448919,,,in,,0,0,0,https://x.com/undefined/status/1922885486055448919,1819717691319705600,,
1922883734551871645,Thu May 15 05:16:22 +0000 2025,0,Buat parfum unik Anda dengan Parfum Refill Mixing! Pilih aroma favorit melalui chat dan nikmati keharuman yang sesuai selera. Praktis cepat dan tanpa alkohol. BISA CO DISINI YAA ‍️‍️ https://t.co/x7uAJh4o8C,1922883734551871645,,,in,,0,0,0,https://x.com/undefined/status/1922883734551871645,1819717691319705600,,
1922820537799016528,Thu May 15 01:05:15 +0000 2025,0,gue beli parfum refill td mlm iseng bgt make vanila refil tp untungnya dpt toko yg vanilanya ga terlalu kenceng tp tp tp tp wangi bnr sampe pagi bangun tidur gini ttp wangi vanila biasanya gue bau jigong,1922820537799016528,,,in,,1,0,0,https://x.com/undefined/status/1922820537799016528,1308125013313122305,,
1922684796620181898,Wed May 14 16:05:52 +0000 2025,0,printilan harga di bawah 20rb dibanding di oren. gw di ijo mentok beli elektronik kaos wibu ama parfum itupun bbrp karena nyambung ama tiktodshop. klo oren kaga keitung dah beli apa aja mulai dari outfit peralatan kosan ampe barang yang perlu di refill segala murah.,1922684799849820585,,HerrscherofFood,in,,0,1,0,https://x.com/undefined/status/1922684799849820585,1286705518594019334,,
1922679267072118871,Wed May 14 15:43:53 +0000 2025,1,Please org2 harus lebih tau dan banyak pake carl n claire (tkt bgt bangkrut plissss) wanginya soft ke hidung nggak nyegrak kayak kebanyakan parfum indo yg even harganya udh ratusan ribu tp masih kayak parfum refill nyegraknya,1922679267072118871,,,in,,0,3,1,https://x.com/undefined/status/1922679267072118871,1419301725945556995,,
1922675219925197240,Wed May 14 15:36:42 +0000 2025,0,@Xpfrizuu coba parfum refill krn banyak pilihannya bisa sesuai yg dimau aku biasa beli di pureperfume,1922677457158541406,,Xpfrizuu,in,,0,0,0,https://x.com/undefined/status/1922677457158541406,1433781805711118339,,
1922654134739587175,Wed May 14 14:04:01 +0000 2025,0,parfum refill yang varian britney spears enak guys dulu mamaku pakai,1922654134739587175,,,in,,0,0,0,https://x.com/undefined/status/1922654134739587175,3295174788,,
1922199140592710041,Wed May 14 13:51:06 +0000 2025,0,@pritiueq @ohmy_beautybank aku biasanya beli di tempat parfum refill deket rumah ka,1922650884028190772,,pritiueq,in,,0,1,0,https://x.com/undefined/status/1922650884028190772,1248958567471673344,,
1922635718351839681,Wed May 14 12:50:50 +0000 2025,0,In this economy kalian ada gak yg pake parfum refill di shopee.. kalau iya spill dongg,1922635718351839681,,,in,,0,6,0,https://x.com/undefined/status/1922635718351839681,1302509322451128320,,
1921971586136949239,Wed May 14 09:53:24 +0000 2025,0,@lathifahamll stay parfum refill di tiktok 35k dapet 50ml wangi tahan lama jos,1922591066483466680,,lathifahamll,in,,0,0,0,https://x.com/undefined/status/1922591066483466680,1134185959115722752,,
1922572609964691848,Wed May 14 08:40:04 +0000 2025,0,Coba rekomendasi parfum refill terbaru dari wangi manis hingga maskulin yang cocok untuk pria maupun wanita apa saja? simak rinciannya https://t.co/yNEAJZFq8q,1922572609964691848,,,in,,0,0,0,https://x.com/undefined/status/1922572609964691848,1404018642,,
1922569957474185508,Wed May 14 08:29:32 +0000 2025,0,aku lagi pengen nyari parfum refill yang trusted rekomendasi toko yang jualan parfum refill di dongg,1922569957474185508,,,in,,0,1,0,https://x.com/undefined/status/1922569957474185508,1776258401858990080,,
1921971586136949239,Wed May 14 07:03:27 +0000 2025,0,@lathifahamll marina nco dari hanasui evangeline morris eskulin dan parfum refill.,1922548297295601787,,lathifahamll,in,,0,0,0,https://x.com/undefined/status/1922548297295601787,612359417,,
1922540003038502922,Wed May 14 06:30:30 +0000 2025,0,Parfum arab refill aja,1922540003038502922,,,in,,0,0,0,https://x.com/undefined/status/1922540003038502922,1113394325658853376,,
1922488672051474537,Wed May 14 03:06:32 +0000 2025,0,Buat parfum unik Anda dengan Parfum Refill Mixing! Pilih aroma favorit melalui chat dan nikmati keharuman yang sesuai selera. Praktis cepat dan tanpa alkohol. https://t.co/3dLs6I69Kf,1922488672051474537,,,in,,0,0,0,https://x.com/undefined/status/1922488672051474537,1889922641492164608,,
1922190122163839011,Wed May 14 01:51:26 +0000 2025,0,@tanyakanrl Anjir banyak gitu aing cowo cuman sabun cair apa aja sabun cuci muka ama parfun andalan dapet ngisi di tempat refill parfum hahahaha,1922469772341444952,,tanyakanrl,in,,0,0,0,https://x.com/undefined/status/1922469772341444952,1457548687068958723,,
1922324778909614155,Tue May 13 23:26:04 +0000 2025,0,@AaaLutunaa @eskowpi @tanyarlfes jbjb refill parfum botolan gt kak? lebih awet yaa daripada parfum drugstore gini,1922433192562192484,,AaaLutunaa,in,,0,1,0,https://x.com/undefined/status/1922433192562192484,1852117873239756800,,
1921971586136949239,Tue May 13 17:27:45 +0000 2025,0,@lathifahamll Parfum refill di shopee 40k-an udah dapet 100 ml dan wanginya tergolong awett,1922343018314522723,,lathifahamll,in,,0,0,0,https://x.com/undefined/status/1922343018314522723,1540562922845265920,,
1922292600859435423,Tue May 13 14:07:25 +0000 2025,0,lu pernah gak sih Refill botol parfum tapi isinya pewangi? TAPI SUMPAH itu nempel berhari-hari,1922292600859435423,,,in,,0,0,0,https://x.com/undefined/status/1922292600859435423,1385041592961044483,,
1921971586136949239,Tue May 13 12:50:48 +0000 2025,0,@lathifahamll aku suka yg manis/fresh tp ga eneg. biasa pake heaven scent secret whispers dewdrop perfect peony morris pure romantic sm parfum refill zara orchid,1922273321145794821,,lathifahamll,in,,0,0,0,https://x.com/undefined/status/1922273321145794821,1428605227410759682,,
1921971586136949239,Tue May 13 11:05:28 +0000 2025,0,@lathifahamll Parfum refill aja,1922246812594827289,,lathifahamll,in,,0,0,0,https://x.com/undefined/status/1922246812594827289,1297850346153185280,,
1921971586136949239,Tue May 13 10:54:35 +0000 2025,0,@lathifahamll Parfum Refill 35rb an wkwk,1922244075882787158,,lathifahamll,in,,0,0,0,https://x.com/undefined/status/1922244075882787158,1537423896235741185,,
1921971586136949239,Tue May 13 10:53:35 +0000 2025,0,@lathifahamll Pake parfum refill kakkk enak banget mana yang kupake awet,1922243823629173241,,lathifahamll,in,,0,0,0,https://x.com/undefined/status/1922243823629173241,1671884325854543874,,
1922199140592710041,Tue May 13 10:34:50 +0000 2025,1,@ohmy_beautybank aku beli parfum refill yg peach baby tiap ngantor atau jalan pasti di notic org soalnya wanginya fresh manis ada wangi buah peach nya juga,1922239104248369340,,ohmy_beautybank,in,,0,1,0,https://x.com/undefined/status/1922239104248369340,1248958567471673344,,
1922228214660771990,Tue May 13 09:51:34 +0000 2025,0,Parfum refill biasa gratis soalnya mamang gue yg jual,1922228214660771990,,,in,,0,0,0,https://x.com/undefined/status/1922228214660771990,1831554161311412224,,
1922218982129426441,Tue May 13 09:14:53 +0000 2025,0,Botol parfum mini 5ml Tmpat parfum mini travel size botol Btol parfum refill/Btol parfum mini/Botol prfum prtable Mimi/Tempat parfum Parfum mini 5ml botol/ Btol parfume mini/Refill parfum/Parfum btol pcahan/Botol sray tavel size harga Rp4.968 di Shopee https://t.co/hW8rTvwwIR https://t.co/KcuayBakeg,1922218982129426441,https://pbs.twimg.com/media/Gq0X-OFbAAAyAJY.jpg,,in,,0,0,0,https://x.com/undefined/status/1922218982129426441,1334838581400018945,,
1921971586136949239,Tue May 13 08:11:58 +0000 2025,0,@lathifahamll mau lagi ada uang/engga aku sll pake parfum refill condet aowkaowk sama decant parfum mykonos/hmns/snc dll gitu. gprnh beli fullsize krn bosenan jd sll ganti ganti,1922203151786033324,,lathifahamll,in,,0,0,0,https://x.com/undefined/status/1922203151786033324,1075390153890254848,,
1922196709481820232,Tue May 13 08:00:48 +0000 2025,1,@Ceyisaa Ohhh parfum refill toh bjil wkwkwk thinqyuuwww kakkkk,1922200341656858944,,Ceyisaa,in,,0,0,0,https://x.com/undefined/status/1922200341656858944,1909032379844628480,,
1921589940615356479,Tue May 13 07:55:05 +0000 2025,0,@cmdrquinn Parfum refill yg 35ml...carinyg D&amp;G light blue,1922198902851211327,,cmdrquinn,in,,0,0,0,https://x.com/undefined/status/1922198902851211327,1561980858764238848,,
1921576302034751550,Tue May 13 06:58:06 +0000 2025,0,@urdailykittae parfum refill evi parfum rill wangi nya awet. kadang ada bibit parfum yg udah dicuci baju nya tapi masih ada wangi parfum,1922184559677858184,,urdailykittae,in,,0,0,0,https://x.com/undefined/status/1922184559677858184,394707612,,
1921842636396134691,Tue May 13 06:24:23 +0000 2025,1,@my_vitamin9120 kalo wangi buah cobain Noka yg Joy sama ini satu lagi gong nya parfum refill dari yammuna dia wanginya mirip banget kayak lilian ashley yg dream passion wangi semerbak nempel banget lagi dibaju https://t.co/7hks64kpPo,1922176074085023884,https://pbs.twimg.com/media/Gqzw80MbAAExqEE.jpg,my_vitamin9120,in,,0,1,0,https://x.com/undefined/status/1922176074085023884,1046807754,,
1921842636396134691,Mon May 12 15:12:41 +0000 2025,0,@fsstival aku juga akhir2 ini suka parfum refill yang murmer dan packaging kecil mungil,1921946639054393561,,fsstival,in,,0,0,0,https://x.com/undefined/status/1921946639054393561,754681543,,
1921913720415957261,Mon May 12 14:13:33 +0000 2025,0,@starrlynnn13 mau kak kebetulan lagi nyari rekomendasi parfum refill nih,1921931757563105433,,starrlynnn13,in,,0,0,0,https://x.com/undefined/status/1921931757563105433,1538182471824850944,,
1921842636396134691,Mon May 12 13:06:57 +0000 2025,0,@fsstival Walaupun parfum refill tapi wanginya tetap awet seharian karena wanginya nempel dan awet Aku udah lama pakai ini,1921914997313044976,,fsstival,in,,0,0,0,https://x.com/undefined/status/1921914997313044976,1541801117566521345,,
1921896106478190915,Mon May 12 11:51:53 +0000 2025,0,[50.0% off] Dops Parfume - Refill Parfum mobil Gantung Mewah 30ml menawarkan aroma unik seperti Americano Melon Breeze Bubblegum dan Vanilla Cake. Silahkan cekout di link bawah ini yaa https://t.co/jAD9WwKiAP https://t.co/MG0LY1l02P,1921896106478190915,https://pbs.twimg.com/media/GqvyUYBb0AAIKj8.jpg,,in,,0,0,0,https://x.com/undefined/status/1921896106478190915,1883446831616851968,,
1921886712482898216,Mon May 12 11:35:40 +0000 2025,0,@gomosy Parfum refill dari In Parfume nya kak yuk bisa co di oren juga lho https://t.co/4phrD5Dswb,1921892025172902176,https://pbs.twimg.com/media/Gqvuk6AWsAAr5I-.jpg,gomosy,in,,0,0,0,https://x.com/undefined/status/1921892025172902176,144764103,,
1921755093939962201,Mon May 12 10:50:08 +0000 2025,7,@womanfeeds_id Parfum refill varian nagita slavina/scandalous sampe pernah dibilang parfumnya wangi bgt ,1921880567169114201,,womanfeeds_id,in,,0,2,0,https://x.com/undefined/status/1921880567169114201,3017464682,,
1921576302034751550,Mon May 12 09:08:31 +0000 2025,3,@urdailykittae parfum bibit refill aku pake yang britney fantasy. pertama kali disemprot agak nyengat wanginya tapi kalo udah lamaan wanginya enaaak pol awet di baju juga. wanginya lebih cocok dipake di outdoor.,1921854994355003861,,urdailykittae,in,,0,1,0,https://x.com/undefined/status/1921854994355003861,1337719029159497729,,
1921755093939962201,Mon May 12 08:41:16 +0000 2025,0,@womanfeeds_id pake ini nder padahal cuma parfum refill tapi wanginya ngalahin parfum ratusan ribu https://t.co/dHk8WTo2Fp,1921848135271264439,,womanfeeds_id,in,,0,0,0,https://x.com/undefined/status/1921848135271264439,1046807754,,
1921589940615356479,Mon May 12 08:21:38 +0000 2025,0,@cmdrquinn Kalo parfum Refill pake Olla Ramlan itu seger,1921843193735200930,,cmdrquinn,in,,0,0,0,https://x.com/undefined/status/1921843193735200930,1552190724011327488,,
1921842636396134691,Mon May 12 08:19:25 +0000 2025,148,In this economy udah paling bener pake parfum refill yang murmer tapi tetep wangi seharian karena wanginya yang nempel. Wanginya awet tampilannya clean dan cocok banget buat daily use. https://t.co/Xy1TaNOdh1,1921842636396134691,https://pbs.twimg.com/media/GqvBsFWXkAAd6cu.jpg,,in,,3,54,32,https://x.com/undefined/status/1921842636396134691,1046807754,,
1921589940615356479,Mon May 12 07:03:56 +0000 2025,1,@cmdrquinn Nambah dikit bisa beli parfum refill yg wangi sabun lux di In Parfume kak bisa jastip di aku yaa ️ https://t.co/jnPLIxNEGk,1921823641446076602,,cmdrquinn,in,,0,0,0,https://x.com/undefined/status/1921823641446076602,144764103,,
1921820591142633901,Mon May 12 06:51:49 +0000 2025,32,Pertama kalinya beli parfum mahal. Biasanya cuma Refill aja. Ya Allah Alhamdulillah. https://t.co/fm9aLtA3WI,1921820591142633901,https://pbs.twimg.com/media/GqutpFlaAAAcsLQ.jpg,,in,,0,14,0,https://x.com/undefined/status/1921820591142633901,1343582090814578688,,
1921592275739562422,Mon May 12 06:41:40 +0000 2025,0,@monokorobogawl Sephora tuh gapunya akun marketplace jadi bisa dibilang scam &amp; parfum di toko itu harga nya sus parfum harga sus dah pasti nggak ori botol boleh tembus batch code di checkfresh tapi isinya suntikan parfum kw/refill. So better di apus aja,1921818039164506464,,monokorobogawl,in,,0,0,0,https://x.com/undefined/status/1921818039164506464,83122580,,
1921748274387788143,Mon May 12 02:04:27 +0000 2025,0,tempat jual parfum refill yg rame dibandung jelek bgt pelayanan lu sumpah,1921748274387788143,,,in,,0,0,0,https://x.com/undefined/status/1921748274387788143,164571582,,
1921576302034751550,Sun May 11 17:22:22 +0000 2025,30,@urdailykittae Aku biasanya pake bibit refill -scandalous mix pink chiffon -zara gardenia - so sexy Kalo parfum indoalfa aku pake pucelle yg gold lucient kalo gasalah,1921616888599105881,,urdailykittae,in,,0,5,2,https://x.com/undefined/status/1921616888599105881,967906056624947200,,
1921576302034751550,Sun May 11 15:38:55 +0000 2025,0,@helloekitti @shwesbambi @urdailykittae kak mjb yaa. buat beli bibit tuh ke toko refill parfum yaa?,1921590854063394926,,helloekitti,in,,0,3,0,https://x.com/undefined/status/1921590854063394926,1896359525168697344,,
1921536842643468503,Sun May 11 12:04:18 +0000 2025,0,Enakan beli parfum refill sumpah... Ya walaupun baunya gtgt aja tapi spl nya nampol banget gila udah di cuci masih wangi banget anjir,1921536842643468503,,,in,,0,0,0,https://x.com/undefined/status/1921536842643468503,1667553866441973761,,
1921442086286495837,Sun May 11 11:20:50 +0000 2025,0,@ohmy_beautybank Tahan lama dia nderr tapi kataku dia wanginya tipe yg sama kaya parfum refill,1921525903089131522,,ohmy_beautybank,in,,0,1,0,https://x.com/undefined/status/1921525903089131522,1338804898276622337,,
1921053651340050681,Sun May 11 10:41:32 +0000 2025,2,@BeavisEvan It pisses me off that Saff &amp; Co harganya mahal bgt tapi isinya basically parfum refill,1921516014895796516,,BeavisEvan,in,,0,2,0,https://x.com/undefined/status/1921516014895796516,1591101410,,
1901570538335539340,Sun May 11 10:29:14 +0000 2025,0,@weiloncg Laah mau refill parfum yak baang,1921512920367661398,,weiloncg,in,,0,1,0,https://x.com/undefined/status/1921512920367661398,1726866101676699648,,
1921260237610164351,Sat May 10 17:55:22 +0000 2025,180,@tanyakanrl Pacarku semi wibu. Heboh banget kalo masalah parfum. Kemaren parfumnya abis rela ujan an buat beli parfum Refill gara gak sempet beli parfum yg bagus. Katanya mah 'apa aja yg penting aku punya parfum soalnya yg kemaren abis',1921262802653614372,,tanyakanrl,in,,0,0,0,https://x.com/undefined/status/1921262802653614372,964806677835923456,,
1921188543818338483,Sat May 10 13:00:17 +0000 2025,3,rekomendasi tempat refill parfum dongg mending di lab aromatique urban perfume point house of perfume atau ada tempat lain? makasii um!,1921188543818338483,,,in,,0,1,0,https://x.com/undefined/status/1921188543818338483,740762250613399552,,
1921180955819024559,Sat May 10 12:30:08 +0000 2025,4,Punten tolong saranin tempat refill parfum yang bagus sekitaran kampus dong. TIA,1921180955819024559,,,in,,0,1,0,https://x.com/undefined/status/1921180955819024559,1275797744955715586,,
1920696334396412084,Fri May 09 04:24:25 +0000 2025,1,Guys kalo ada yang perlu parfum refill bisa di gua yak. Ada 30ml sama 50ml ini racikan wanginya enak deh,1920696334396412084,,,in,,0,1,0,https://x.com/undefined/status/1920696334396412084,224631406,,
1920365564012421223,Thu May 08 13:59:14 +0000 2025,0,@womanfeeds_id Lagi pakai parfum refill dr In Parfume nder https://t.co/jnPLIxNEGk https://t.co/51VeyrOzE1,1920478603969429941,https://pbs.twimg.com/media/GqbpGUEXgAAieei.jpg,womanfeeds_id,in,,0,0,0,https://x.com/undefined/status/1920478603969429941,144764103,,
1920438425066348862,Thu May 08 11:19:35 +0000 2025,1,Y'all better go to tukang refill parfum terus bilang aja beli parfum melati langsung simulasi jadi jenazah ,1920438425066348862,,,in,,0,1,0,https://x.com/undefined/status/1920438425066348862,1177131317881737216,,
1911736384391708700,Thu May 08 05:07:45 +0000 2025,0,@BukanAtokDalang hallo kak boleh nanya nanya tentang usaha parfum Refill ga ya,1920344852614819876,,BukanAtokDalang,in,,0,1,0,https://x.com/undefined/status/1920344852614819876,1611499217377456128,,
1920027586530267353,Thu May 08 05:05:42 +0000 2025,0,@gijellies waa rameee anywayy aku jualan parfum refill kalau ada yg mau nanya feel free to ask dm me yaa,1920344333414510945,,minjigyuhan,in,,0,3,0,https://x.com/undefined/status/1920344333414510945,1554063898957217792,,
1920080065552896385,Thu May 08 04:30:42 +0000 2025,0,@ayaemganja Halo kak kalau berminat dgn parfum refill dari In Parfume Bandung bisa jastip di aku yaa https://t.co/jnPLIxOcvS,1920335526948975014,,ayaemganja,in,,0,0,0,https://x.com/undefined/status/1920335526948975014,144764103,,
1919436599676568037,Wed May 07 23:41:01 +0000 2025,0,@novellubi Ini parfum refill gtu atau gmna ya?,1920262625985769813,,novellubi,in,,0,1,0,https://x.com/undefined/status/1920262625985769813,1304975627821281281,,
1920132595397828793,Wed May 07 17:42:37 +0000 2025,0,@nnddgda @jogja_base Sbnre parfum kebanyakan ya dr bibit kok mba cuma emang bukan dupe/cloning tp bikin Kalo yg refill gitu kebanyakan dupe parfum terkenal,1920172430498378056,,nnddgda,in,,0,0,0,https://x.com/undefined/status/1920172430498378056,1189943258081681408,,
1920132595397828793,Wed May 07 15:58:07 +0000 2025,0,@jogja_base Eh tapi kalo kalian tau tempat refill parfum yang bisa dicampur varian rasa bisa di reply yaa,1920146132933701674,,Alpawmal,in,,0,2,0,https://x.com/undefined/status/1920146132933701674,727070084259139584,,
1920114885817766014,Wed May 07 15:54:23 +0000 2025,0,@menvcium nah iya katanya parfum refill suka kuning ke baju makanya gue gapernah beli langsung tp pernah beli di shopee yg ga kuning tp abis disemprot langsung ilang baunya. jd bingung,1920145195125150106,,menvcium,in,,0,2,0,https://x.com/undefined/status/1920145195125150106,1504033127101976576,,
1920125932838531369,Wed May 07 14:37:51 +0000 2025,0,Sekarang parfum refill wangi gc bloom,1920125932838531369,,,in,,0,0,0,https://x.com/undefined/status/1920125932838531369,1898464904266633216,,
1919895238329696405,Wed May 07 12:03:59 +0000 2025,4,@kipyiksamgong @fabo_1974 @SoftWarNews Kalo gak bau banget ya kebalikannya: harum ekstrim... parfumnya itu lho bisa cek kalo sering travelling gate terminal bandara yg lg boarding tujuan kota2 mereka jadi mirip toko refill parfum.,1920087211141403075,,kipyiksamgong,in,,0,0,0,https://x.com/undefined/status/1920087211141403075,1778795525032271872,,
1920071259720921597,Wed May 07 11:00:36 +0000 2025,1,Baru nyoba beli parfum di tukang refill wkwk,1920071259720921597,,,in,,0,2,0,https://x.com/undefined/status/1920071259720921597,1882253464421736448,,
1920027586530267353,Wed May 07 09:46:02 +0000 2025,504,@gijellies ini the OG ada di toko parfum refill https://t.co/s5zz7aaIcO,1920052496044568689,https://pbs.twimg.com/media/GqVlj9dbkAANUQO.jpg,gijellies,in,,8,10,26,https://x.com/undefined/status/1920052496044568689,1554063898957217792,,
1920030393757016373,Wed May 07 08:18:12 +0000 2025,0,Siapa sangka 5 parfum refill ini malah bikin cowok kamu gamon saking wanginya. Penasaran? Simak rekomendasinya ada miu miu https://t.co/GJrzJ9hg1k,1920030393757016373,,,in,,0,0,0,https://x.com/undefined/status/1920030393757016373,1404018642,,
1919387509622010135,Wed May 07 07:44:28 +0000 2025,1,@raniiiputrii biasanya parfum mahal yg harganya jut2. tapi parfum mahal pun ga selalu kenceng ada yg b aja kek replica parfum refill jg kenceng tp blendingannya lebih kasar. lokal jg ada yg kenceng kalo beli yg extrait (saff n co misalnya). yg spl medium bisa kenceng jg kalo semprotnya banyak,1920021901126095195,,raniiiputrii,in,,0,0,0,https://x.com/undefined/status/1920021901126095195,1795491535645233152,,
1919984278844158431,Wed May 07 07:41:31 +0000 2025,0,@telyufess temen aku rekomennya selalu ke inparfume. cuma di samping groei sih ada refill parfum gatau harganya oke apa gak,1920021160391024953,,telyufess,in,,0,0,0,https://x.com/undefined/status/1920021160391024953,1636768112740810753,,
1919805552026386526,Wed May 07 05:08:02 +0000 2025,0,@nierbyjne Parfum refill dari In Parfume nya kak start dari 55rb aja untuk ukuran 35ml kualitas standar https://t.co/rXABiJHKdi,1919982533896523966,https://pbs.twimg.com/media/GqUl7eEbAAUAB07.jpg,nierbyjne,in,,0,0,0,https://x.com/undefined/status/1919982533896523966,144764103,,
1919387509622010135,Wed May 07 02:45:19 +0000 2025,2,@arrataki @raniiiputrii parfum refill bandung yg mana? spill dong kak,1919946618960216266,,arrataki,in,,0,4,0,https://x.com/undefined/status/1919946618960216266,1903936024793018368,,
1919387509622010135,Wed May 07 01:32:24 +0000 2025,39,@raniiiputrii temenku adaaa dia pake parfum refill bandung yg terkenal itu. pas nginep bareng bener bener dr dia dateng sampe bantal yg dia pake wangi parfum itu wkwk,1919928270037848338,,raniiiputrii,in,,0,3,0,https://x.com/undefined/status/1919928270037848338,1014881000709648384,,
1919720049666900304,Tue May 06 13:35:46 +0000 2025,0,@BaseBDG Parfum refill dari In Parfume nder Btw yg mau jastip In Parfume bisa ke aku yaaa ,1919747921421205982,,BaseBDG,in,,0,0,0,https://x.com/undefined/status/1919747921421205982,144764103,,
1919733030173749317,Tue May 06 12:36:35 +0000 2025,0,Cek Parfum Refill NON Alkohol Roll On - Parfum Best seller - Parfum Pria Tahan Lama - Parfum Wanita Tahan Lama - Parfum Viral Parfum Thailand Parfum Bibit Termurah dengan harga Rp15.000. Dapatkan di Shopee sekarang! https://t.co/n1RyfN5j9k https://t.co/WlpZBB8rJ0,1919733030173749317,https://pbs.twimg.com/media/GqRDBFWawAA0Ncx.jpg,,in,,0,0,0,https://x.com/undefined/status/1919733030173749317,1888251509357604864,,
1919719332470292613,Tue May 06 11:42:10 +0000 2025,0,Cek Inspired Parfum Refill Parfum Bandung Parfum Fragrance Sc Parfum 35ml 60ml 100ml dengan harga Rp59.999. Dapatkan di Shopee sekarang! https://t.co/c9xFDeP8LI https://t.co/CmnpNvUPOg,1919719332470292613,https://pbs.twimg.com/media/GqQ2jzkakAAe3jI.jpg,,in,,0,0,0,https://x.com/undefined/status/1919719332470292613,1036422983194013696,,
1919656891044561219,Tue May 06 07:34:02 +0000 2025,0,haii rekomen wangi parfum refill dong yg manis atau yg kyk baru beres mandi seger gituu. timakacii,1919656891044561219,,,in,,0,2,0,https://x.com/undefined/status/1919656891044561219,1101453841399087105,,
1919644393427886152,Tue May 06 06:44:23 +0000 2025,0,Cek Refill Inparfume Super Parfum Tahan Lama 35-100 Ml dengan harga Rp125.000. Dapatkan di Shopee sekarang! https://t.co/DX0nH09AtP https://t.co/Pz1WhZXIxT,1919644393427886152,https://pbs.twimg.com/media/GqPyZikbAAYAzru.jpg,,in,,0,0,0,https://x.com/undefined/status/1919644393427886152,1036422983194013696,,
1919526796413874201,Mon May 05 22:57:06 +0000 2025,0,Laundry wangi maksimal hemat minimal! Paket Parfum Laundry Karakter: Beli 1 Liter GRATIS Refill 100ml! Pilihan aroma favoritmu ada semua! Jangan sampai kelewatan! [https://t.co/HmcX9cQciy] #ParfumLaundry #LaundryHemat #GratisRefill #WangiBaju https://t.co/nX4s5HpphL,1919526796413874201,https://pbs.twimg.com/media/GqOHcnkbAAEJBfK.jpg,,in,,0,0,0,https://x.com/undefined/status/1919526796413874201,1837647465056817152,,
1919322377948704838,Mon May 05 12:14:47 +0000 2025,0,@zske33 Iya bbrp lokal emng kentara bgt parfum refill mba,1919365154623586416,,zske33,in,,0,0,0,https://x.com/undefined/status/1919365154623586416,1535414806706266113,,
1919364590527480137,Mon May 05 12:12:33 +0000 2025,0,aduh ini parfum refill enak jg dipakenya ya awet ,1919364590527480137,,,in,,0,1,0,https://x.com/undefined/status/1919364590527480137,1833405469232402432,,
1919298406196838764,Mon May 05 07:49:33 +0000 2025,0,@MikazukiArion bapak pake parfum apa? (bertanya dengan lemah lembut sembari menunggu antrian di refill parfum),1919298406196838764,,MikazukiArion,in,,0,0,0,https://x.com/undefined/status/1919298406196838764,1537402391175127042,,
1919292608855048319,Mon May 05 07:48:50 +0000 2025,0,@ForgooDluck67 aku seneng pake parfum refill haha,1919298223715361205,,ForgooDluck67,in,,0,0,0,https://x.com/undefined/status/1919298223715361205,1783309396132630528,,
1919247393888862277,Mon May 05 04:26:51 +0000 2025,0,[Hemat hingga 22%] Nikmati kesegaran harian dengan Aroma Iq Fruity Sensation! Parfum refill pria dengan aroma buah yang segar dan tahan lama. https://t.co/Ce2rcZdOvr,1919247393888862277,,,in,,0,0,0,https://x.com/undefined/status/1919247393888862277,1903960561496580096,,
1919245284712026198,Mon May 05 04:18:28 +0000 2025,0,Pernah . Parfum Refill :) sampe sekarang gak nemu ori-nya ..,1919245284712026198,,,in,,0,0,0,https://x.com/undefined/status/1919245284712026198,1149696861860552704,,
1918655831723159994,Mon May 05 02:53:30 +0000 2025,0,@MrOngDedy Buka grosir parfum. Alhamdulillah cabang toko udah ada 4 selanjutnya mau buka grosir parfum refill Aamiin,1919223901009154500,,MrOngDedy,in,,0,0,0,https://x.com/undefined/status/1919223901009154500,1524278923085094912,,
1918925673814511980,Sun May 04 22:32:35 +0000 2025,0,@womanfeeds_id Punten parfum refill mau join. Tapi serius walaupun refill wanginya enak bangettt. Manis dan fresh dari buah gitu ga bikin enek tapi tetep terkenang wanginya https://t.co/jHZwbrUksd,1919158242325803199,,womanfeeds_id,in,,0,1,0,https://x.com/undefined/status/1919158242325803199,1220355288898793478,,
1918886181812470041,Sun May 04 21:26:57 +0000 2025,0,@zakariamlk Pernah pdhl parfum refill tp udh beberapa kali ditanyain temen bahkan stranger juga,1919141723864695198,,zakariamlk,in,,0,0,0,https://x.com/undefined/status/1919141723864695198,1944807480,,
1919059477732700314,Sun May 04 16:00:08 +0000 2025,0,Ge juga pake dan parfum ini yg gw ceritain botol regillnya pecah abis gue refill full ahahah apa ga nanges????,1919059477732700314,,,in,,0,0,0,https://x.com/undefined/status/1919059477732700314,1273101114720882688,,
1919006939075264656,Sun May 04 13:39:16 +0000 2025,0,@ohmy_beautybank Punten parfum refill mau join. Tapi serius walaupun refill wanginya enak bangettt. Manis dan fresh dari buah gitu ga bikin enek tapi tetep terkenang wanginya https://t.co/jHZwbrUShL,1919024027273969871,,ohmy_beautybank,in,,0,0,0,https://x.com/undefined/status/1919024027273969871,1220355288898793478,,
1918999106594177402,Sun May 04 12:00:14 +0000 2025,0,saking addictnya gua sama parfum refill condet gua sampe tau nama parfumnya apa kalo ada orang yg semprot parfum di tempat umum ,1918999106594177402,,,in,,0,1,0,https://x.com/undefined/status/1918999106594177402,1053888955035185152,,
1918978117986869445,Sun May 04 10:36:50 +0000 2025,7,aku abis dari toko parfum refill dan mencium wangi tanaka yang paling hebring itu https://t.co/XS8V60RhmA,1918978117986869445,https://pbs.twimg.com/media/GqGUa0Za8AABu-N.jpg,,in,,0,3,1,https://x.com/undefined/status/1918978117986869445,1186652987877249026,,
1918260689338327486,Sun May 04 08:58:48 +0000 2025,0,@wnisekai mau paket wangi kak!!! jujur aku lagi pake parfum chno nya saff &amp; co jadi nemu GA ini kayak harta karun buat ku karna bisa jadi refill parfum kuuu omg makasih banyak GA nya ya kak nindy semoga rezekinya dilancarkan selaluu aamiinnn,1918953443869208707,,wnisekai,in,,0,0,0,https://x.com/undefined/status/1918953443869208707,1844764098850152448,,
1918777919406502023,Sat May 03 21:21:19 +0000 2025,0,obrolan subuh subuh tentang parfum dan mau buka refill parfum,1918777919406502023,,,in,,0,0,0,https://x.com/undefined/status/1918777919406502023,2493770568,,
1917979597519622221,Sat May 03 14:29:41 +0000 2025,0,@Lxx441 parfum refill dh jujur bgt gwe,1918674327798521968,,Lxx441,in,,1,0,1,https://x.com/undefined/status/1918674327798521968,1305480916664422405,,
1917979597519622221,Sat May 03 07:21:39 +0000 2025,0,@Lxx441 aku pake dari labart dia kek refill parfum gitu,1918566609125613651,,Lxx441,in,,0,0,0,https://x.com/undefined/status/1918566609125613651,1289399640719122433,,
1918563716947173778,Sat May 03 07:15:14 +0000 2025,0,@tanyakanrl Parfum Refill aja yg anggur manis enak kek permen aku dulu pake ini selalu dibilang enak banget ini bau permen ambil yg spray jangan yg oles Atau strawberry,1918564992942518604,,tanyakanrl,in,,0,0,0,https://x.com/undefined/status/1918564992942518604,1570718303974494212,,
1918556427892777145,Sat May 03 06:41:12 +0000 2025,0,Mau beli alkohol sendiri jadinya untuk tiap beli parfum yang refill. Jadi bisa atur seberapa banyak ,1918556427892777145,,,in,,0,0,0,https://x.com/undefined/status/1918556427892777145,1535867543012843520,,
1918556131779334537,Sat May 03 06:40:01 +0000 2025,3,Octarine nih baunya masih dapet di tempat refill. Tapi lebih murah Octarine. Soalnya udah ngitung kalau refill 50ml x 2rb udah 100rb sementara Octarine 50ml cuma 60ribuan. Dari sini ak tau kalau ternyata parfum refill mahal tapi selama ini beli per 20-30rb jadi ga kerasa ,1918556131779334537,,,in,,0,1,0,https://x.com/undefined/status/1918556131779334537,1535867543012843520,,
1917979597519622221,Sat May 03 03:57:03 +0000 2025,0,@Lxx441 pls ke condet murce murce tapi best banget parfum refill an disana murah tahan lama juga. ga kek refill di tempat2 biasa,1918515120256479419,,Lxx441,in,,0,0,0,https://x.com/undefined/status/1918515120256479419,545722083,,
1917979597519622221,Sat May 03 02:39:08 +0000 2025,1,@Lxx441 mau ngasih saran tp aku pake parfum refill 25rb/20 ml ,1918495510681334165,,Lxx441,in,,0,0,0,https://x.com/undefined/status/1918495510681334165,1561536722948612096,,
1918493491190981006,Sat May 03 02:31:33 +0000 2025,6,Yamamoto (gak ada gambarnya tapi parfum refill namanya cristiano ronaldo) https://t.co/Vf84C0uN59,1918493601719263658,https://pbs.twimg.com/media/Gp_bw3uaUAAtKyY.jpg,sakusajpg,in,,1,1,0,https://x.com/undefined/status/1918493601719263658,1354391028573249545,,
1917979597519622221,Fri May 02 18:08:28 +0000 2025,0,@Lxx441 Aku pake parfum refill yg di maestro parfum. Di aku wanginya awet sih,1918366999895523834,,Lxx441,in,,0,0,0,https://x.com/undefined/status/1918366999895523834,1861249695055781896,,
1918268357650092490,Fri May 02 11:58:20 +0000 2025,0,@yourwineu Iyah tapi aku team parfum refill ,1918273849764004119,,yourwineu,in,,0,1,0,https://x.com/undefined/status/1918273849764004119,1777238745416425472,,
1917979597519622221,Fri May 02 08:59:53 +0000 2025,0,@if__aa @Lxx441 kak yg jual parfum refill gini kan beda2 ya store nya itu sm aja gak?,1918228944505197001,,if__aa,in,,0,3,0,https://x.com/undefined/status/1918228944505197001,1683047510590509057,,
1918195744961622195,Fri May 02 08:17:29 +0000 2025,0,@xpnsiveboy enak kok sama persis sama parfum ku yang beli di toko refill bau nya aku beli karna iseng ada diskon sih awoakaka ga expect bakal enak,1918218270831984743,,xpnsiveboy,in,,0,1,0,https://x.com/undefined/status/1918218270831984743,1700017433715867648,,
1918195209021866137,Fri May 02 07:33:35 +0000 2025,0,@cizeubluberi Kak aku mau tawarin Parfum refill dari In Parfume Bandung.. Ada stock lebihan masing-masing 1pcs aja bisa co di oren yaa (nanti link aku send via DM) Pengiriman dari Kabupaten Bandung Anna Sui dolly girl 10ml 32 500 Escada Candy Love 10ml 37 500 Escada Show me love35ml 55 000 https://t.co/ZX6QOrcydO,1918207222938779798,https://pbs.twimg.com/media/Gp7XP-AawAE7Ebz.jpg,cizeubluberi,in,,0,0,0,https://x.com/undefined/status/1918207222938779798,144764103,,
1917979597519622221,Fri May 02 07:30:31 +0000 2025,0,@Lxx441 parfum refill dari inparfum bdg kak,1918206453602763147,,Lxx441,in,,0,1,0,https://x.com/undefined/status/1918206453602763147,1677639429815672832,,
1918170658363813898,Fri May 02 07:11:58 +0000 2025,0,@jawaberat Aku pake parfum refill an di inparfum aja tahan lama walau udh motoran bandung garut ataupun sebaliknya . .,1918201786290323515,,jawaberat,in,,0,0,0,https://x.com/undefined/status/1918201786290323515,762027687024001024,,
1917979597519622221,Fri May 02 04:09:40 +0000 2025,13,@Lxx441 rekomend parfum refill beli langsung minta biang parfum nya lebih banyak drpd alkoholnya,1918155906057199843,,Lxx441,in,,0,1,0,https://x.com/undefined/status/1918155906057199843,1685680375350370304,,
1917979597519622221,Fri May 02 02:44:07 +0000 2025,1,@permataspace ......... octarine toko di oren. dia benernya refill juga tp ada tokonya di gabisa mnt rasio2 tinggal co in parfum ada toko fisiknya tp di //ecommerce lain udh bnyak. kalo mw beli di abang2 refilan pinggir jalan jg bisa. tp yg udh terjamin kualitasnya ya inparfum itu,1918134375683899676,,permataspace,in,,0,0,0,https://x.com/undefined/status/1918134375683899676,1795491535645233152,,
1917979597519622221,Thu May 01 17:48:31 +0000 2025,1,@permataspace waduh i ga pernah rasio2. langsung tahan lama. refill kan emg ciri khasnya tahan lama ga ada yg sebentar ilang lagipula kalo octarine sih gapake rasio2. kalo in parfum ada grade2nya ambil aja yg premium. itu paling tahan lama,1917999590131023905,,permataspace,in,,0,1,0,https://x.com/undefined/status/1917999590131023905,1795491535645233152,,
1917979597519622221,Thu May 01 16:43:40 +0000 2025,3,@Lxx441 onix wangii kak atau ga kalo tinggal di bdg cobain refill parfum yg di jln veteran,1917983271465652520,,Lxx441,in,,0,1,0,https://x.com/undefined/status/1917983271465652520,976639846134398976,,
1917968901989957683,Thu May 01 15:46:35 +0000 2025,0,Cek Refill Isi Ulang Parfum 100ml Unisex dengan harga Rp4.850. Dapatkan di Shopee sekarang! https://t.co/Kxjv6iD3MF https://t.co/8T1N3JaTJ3,1917968901989957683,https://pbs.twimg.com/media/Gp3-jWqb0AA_Ddr.jpg,,in,,0,0,0,https://x.com/undefined/status/1917968901989957683,1846622878328041472,,
1917952312108257673,Thu May 01 14:40:39 +0000 2025,0,Cek refill parfum 100ml ml bandung.aroma bebas request di kolom pesanan dengan harga Rp20.000. Dapatkan di Shopee sekarang! https://t.co/BYSNtwTzQc https://t.co/1Hx2edlyVU,1917952312108257673,https://pbs.twimg.com/media/Gp3vdm5aYAALpwf.jpg,,in,,0,0,0,https://x.com/undefined/status/1917952312108257673,1485992435759329284,,
1917951834427363371,Thu May 01 14:38:45 +0000 2025,0,Cek PARFUM REFILL BEST SELLER BOTOL CASA 30ML dengan harga Rp9.500. Dapatkan di Shopee sekarang! https://t.co/JWK8KFHDvX https://t.co/3FZkw7srFS,1917951834427363371,https://pbs.twimg.com/media/Gp3vB4BbcAAtiTh.jpg,,in,,0,0,0,https://x.com/undefined/status/1917951834427363371,1485992435759329284,,
1917894859492561342,Thu May 01 10:53:16 +0000 2025,0,@TamuGabira Eh enggak loh. Kan ada tuh parfum yang lebih murah meski bukan refill.,1917895087322960011,,TamuGabira,in,,0,0,0,https://x.com/undefined/status/1917895087322960011,3242892131,,
1917855694361092299,Thu May 01 08:16:44 +0000 2025,0,Cek INSPIRED PARFUM REFILL PARFUM BANDUNG PARFUM FRAGRANCE SC PARFUM 35ML 60ML 100ML dengan harga Rp59.999. Dapatkan di Shopee sekarang! https://t.co/zNNIM8Qfme https://t.co/3uHCuJisPW,1917855694361092299,https://pbs.twimg.com/media/Gp2XlyCbgAAb-SK.jpg,,in,,0,0,0,https://x.com/undefined/status/1917855694361092299,973077666,,
1917827790985891916,Thu May 01 06:25:51 +0000 2025,0,Suka dengan aroma manis buah - buahan yang menggoda? berikut 5 rekomendasi parfum refill dengan aroma seperti permen ada pink chiffon. https://t.co/FLtoxH7QnK,1917827790985891916,,,in,,0,0,0,https://x.com/undefined/status/1917827790985891916,1404018642,,
1917791683938513217,Thu May 01 04:02:22 +0000 2025,3,Kak shoo mau bagi ide buat cerita anak2 ks dong perbedaan skincare sama parfum yang mereka pakai pasti beda jauh banget. #tanyasho parfum branded vs parfum refill https://t.co/vBiIaVrrbL,1917791683938513217,,,in,,1,0,0,https://x.com/undefined/status/1917791683938513217,1354391028573249545,,
1917591761771184611,Thu May 01 03:31:29 +0000 2025,0,@undipmfs Kalo dari parfum lokal bisa beli Mykonos atau saff n co kalo mau nambah dikit bisa beli parfum timteng kalau mau Refill yang kualitasnya oke bisa ke abna parfum,1917783911914177022,,undipmfs,in,,0,0,0,https://x.com/undefined/status/1917783911914177022,1782784938317893632,,
1917617329028182418,Wed Apr 30 16:29:33 +0000 2025,1,Siapa tau dia pake parfum refill condet bjir ,1917617329028182418,,,in,,0,0,0,https://x.com/undefined/status/1917617329028182418,1345312132754116608,,
1917613477792997462,Wed Apr 30 16:14:15 +0000 2025,0,Cek Refill Isi Ulang Parfum 100ml Unisex dengan harga Rp4.850. Dapatkan di Shopee sekarang! https://t.co/HXTmTBqJgJ https://t.co/N8ZMBgkQNI,1917613477792997462,https://pbs.twimg.com/media/Gpy7S55aYAQLG_r.jpg,,in,,0,0,0,https://x.com/undefined/status/1917613477792997462,1846622878328041472,,
1917533592420573651,Wed Apr 30 10:56:49 +0000 2025,3,: kamu tiap sebulan sekali ada agenda rutin? : ada aku kadang refill parfum : emang parfum bisa refill aku kira km pake yg sekali buang (kesenjangan agenda),1917533592420573651,,,in,,1,0,0,https://x.com/undefined/status/1917533592420573651,1541070648633872384,,
1917456609435083030,Wed Apr 30 05:56:45 +0000 2025,0,@riskyrizukii Kembaran parfum kita sayangg tapi punyaku dah tinggal dikit karena sering kubagi refill ke temen,1917458077693157853,,riskyrizukii,in,,0,0,0,https://x.com/undefined/status/1917458077693157853,1346080130,,
1917402481564475668,Wed Apr 30 02:15:49 +0000 2025,0,org yg pake parfum refill tuh knp deh gapernah sadar kalo bau parfumnya nyegrak bgt klo disemprot banyak2 tiap gw dateng k ruangan disambut sm bau nyongnyong menurut dia wangi buat org lain kan belom tentu bangke ,1917402481564475668,,,in,,0,0,0,https://x.com/undefined/status/1917402481564475668,845070228,,
1917262350744445324,Tue Apr 29 16:59:00 +0000 2025,0,Parfum mahal di botol njir. Di tempat parfum langganan sekeluarga beli refill cuma 80rb dan beli baru (meskipun beda parfum beda harga) tapi beli yang parfum Armani + botol baru cuma 10rb,1917262350744445324,,,in,,0,0,0,https://x.com/undefined/status/1917262350744445324,1365205771554725889,,
1915606101607014460,Tue Apr 29 14:16:14 +0000 2025,0,@uchivity Ingpooo VS ada varian apa ajaa? Aku lagi cari wangi parfum ku yang beli di Uchi Tapi kayanya salah refill ,1917221390958354776,,UchiParfume_,in,,0,1,0,https://x.com/undefined/status/1917221390958354776,1601884393139712002,,
1916818483972554798,Tue Apr 29 02:36:15 +0000 2025,0,@tanyarlfes Hah under 100? Parfum Tom Ford mah rangenya 4jtan nder..... Itu mah parfum refill bibit kali ,1917045232291713215,,tanyarlfes,in,,0,0,0,https://x.com/undefined/status/1917045232291713215,1795465764637753344,,
1917010884842717296,Tue Apr 29 02:32:39 +0000 2025,0,@infoXwor_ Karna sejujurnya gue suka beli parfum refill pas disaat onix gue abis. Dan gapernah awet parfum 200 ribuan rata2 awet dibaju. Udh pernah beli di condet inparfum refill viral jg ga awet juga. Padahal beli yang bibit jg tanpa alkohol jg ga awet,1917044329014825463,,kimyuerie,in,,0,0,0,https://x.com/undefined/status/1917044329014825463,1895910535067287552,,
1917010884842717296,Tue Apr 29 01:29:33 +0000 2025,104,@pandemisurvivor @infoXwor_ Kadang2 malah parfum refill 30rban,1917028449434406988,,pandemisurvivor,in,,0,2,0,https://x.com/undefined/status/1917028449434406988,856287475,,
1917020097505550662,Tue Apr 29 01:01:56 +0000 2025,0,@kalimalangg coba ketempat refill parfum buat minta benerin ke mas2nya biar cepet,1917021497429987407,,kalimalangg,in,,0,1,0,https://x.com/undefined/status/1917021497429987407,1708782893462667264,,
1917020097505550662,Tue Apr 29 01:00:48 +0000 2025,0,@kalimalangg Mending dibawa ke tukang parfum refill aja sana bisa benerin,1917021214012588305,,kalimalangg,in,,0,1,0,https://x.com/undefined/status/1917021214012588305,950942247347830784,,
1916818483972554798,Mon Apr 28 13:33:22 +0000 2025,0,@heavenscents_ @tanyarlfes ada rekomen ngga bagusnya pake yang mana? aku pake parfum refill pun wanginya ga tahan :( anw handbodynya bebass?,1916848216123031578,,heavenscents_,in,,0,1,0,https://x.com/undefined/status/1916848216123031578,1452952871696097280,,
1916844653468586040,Mon Apr 28 13:19:13 +0000 2025,0,Cek Parfum Laundry Mawar Refill/Parfum Super Laundry dengan harga Rp27.000. Dapatkan di Shopee sekarang! https://t.co/6yPLmPT43J https://t.co/ZE3T0quaug,1916844653468586040,https://pbs.twimg.com/media/GpoADdVaMAAcifl.jpg,,in,,0,0,0,https://x.com/undefined/status/1916844653468586040,1489204850608852992,,
1916818483972554798,Mon Apr 28 12:16:51 +0000 2025,0,@tanyarlfes mksd km tuh km nanyain kwnya tomford yg harga under100 wanginya tahan lama menyebar apa engga gtu kah?? biasanya tergantung toko sama komposisinya sih kalo beli refill atau parfum inspired gtu2 kalo parfum centil aku gk punya saran sih parfumku rata2 fresh soft manis dikit gtu,1916828959138000903,,tanyarlfes,in,,0,0,0,https://x.com/undefined/status/1916828959138000903,1474269738784026629,,
1916468674115866946,Mon Apr 28 01:33:54 +0000 2025,3,@tanyarlfes Aku pake Octarine sama Parfum Refill kak kalau pake kedua merk itu pasti di tanyain orang pake parfum apa(⁠人⁠ ⁠ ͈⁠ᴗ⁠ ͈⁠) Terus awet juga wangi nya jadi temen² ikutan beli juga..,1916667156160528715,,tanyarlfes,in,,0,1,1,https://x.com/undefined/status/1916667156160528715,1667437410496692224,,
1916532891430817988,Sun Apr 27 16:40:23 +0000 2025,0,Temen-temen mau nanya nih emang parfum elvicto yang variant 10 pm baunya kek parfum refill black opium? Mungkin ada yang pernah makek parfum elvicto variant tersebut?,1916532891430817988,,,in,,0,1,0,https://x.com/undefined/status/1916532891430817988,1642159068130467840,,
1916519274820018194,Sun Apr 27 16:17:38 +0000 2025,0,Untuk variant secret garden notes yang memang paling tercium tuh adalah notes melon nya. Dulu pas SMA aku pernah beli parfum refill vs romantic wish nah seingetku wanginya sama karena notes melon nya strong. Kalau kalian suka wangi buah yang manis ini cocok. Aku juga suka ini https://t.co/1z4m0mmS67,1916527166747217962,https://pbs.twimg.com/media/GpjfTAdaUAAUoto.jpg,hopemyu_,in,,0,0,0,https://x.com/undefined/status/1916527166747217962,1227049733383843840,,
1916464213272440905,Sun Apr 27 12:15:08 +0000 2025,0,Hidup kunti core. Parfum jasmine-nya dibeliin mama di toko parfum refill deh. https://t.co/iN33EgfZl0,1916466137388196122,https://pbs.twimg.com/media/Gpiny26aAAAPOMu.jpg,PERUMPAMA,in,,0,0,0,https://x.com/undefined/status/1916466137388196122,859856066804240384,,
1916312539409093029,Sun Apr 27 02:04:47 +0000 2025,0,Cek parfum refill kualitas premium ukuran 30ml bebas request aroma dengan harga Rp35.000. Dapatkan di Shopee sekarang! https://t.co/3xuyMwzE2Q https://t.co/WBfK0Em6sD,1916312539409093029,https://pbs.twimg.com/media/GpgcGIqbEAAtj4l.jpg,,in,,0,0,0,https://x.com/undefined/status/1916312539409093029,1036422983194013696,,
1916148661891026958,Sat Apr 26 22:58:47 +0000 2025,0,@wohodiees Parfum refill dari In Parfume nya kak harga start dari 55rb aja untuk varian standar ukuran 35ml yaa https://t.co/v1hyaeXUUb,1916265729458159896,https://pbs.twimg.com/media/GpfxguVbEAIzje4.jpg,wohodiees,in,,0,0,0,https://x.com/undefined/status/1916265729458159896,144764103,,
1915993593321558276,Sat Apr 26 04:57:24 +0000 2025,0,Cek Parfum isi ulang parfun refill untuk pria salimar aroma khas arab yang strong dan elegan dengan harga Rp100.999. Dapatkan di Shopee sekarang! https://t.co/qbrERCMTS4 https://t.co/pECSyExxLC,1915993593321558276,https://pbs.twimg.com/media/Gpb6BCxaMAAalJC.jpg,,in,,0,0,0,https://x.com/undefined/status/1915993593321558276,1677941905974513665,,
1915953262131376283,Sat Apr 26 02:17:09 +0000 2025,3,-dips! Spill toko refill parfum di temcy yg wanginya beneran awet sehariann,1915953262131376283,,,in,,0,0,0,https://x.com/undefined/status/1915953262131376283,1212593816630251520,,
1915798630952493523,Fri Apr 25 16:02:42 +0000 2025,0,tempat refill parfum jualan botolnya doang ga sih,1915798630952493523,,,in,,0,1,0,https://x.com/undefined/status/1915798630952493523,1679797101969162240,,
1915365356706947278,Fri Apr 25 06:39:31 +0000 2025,1,@sbyfess Jualannya temenku. projection &amp; ketahanan oke bgt better dari parfum refill lain (aku udah trial &amp; error) Aku beli inspired libre (70% mirip) 55k habis lama bgt pdhl makenya boros + suka bagiin ke temen wkwk btw dia area ketabang kalo ada yg minat rep nanti aku kasi kontaknya https://t.co/Nu5JJbXafK,1915656904090488945,https://pbs.twimg.com/media/GpXHzUYbYAI7iyO.jpg,sbyfess,in,,0,1,0,https://x.com/undefined/status/1915656904090488945,1893534504603787264,,
1915590765381898496,Fri Apr 25 02:16:43 +0000 2025,0,Chno sama oliver ini wanginya sejenis ya. Secara notesnya sama² vanilla coffee. Tapi oliver berasa banget alkoholnya kek parfum refill. Harga juga ga bohong sih. 150an udah dpt oliver 50ml dan edp. Kalo chno 160an dapet 35ml dan udah extrait,1915590765381898496,,,in,,0,1,0,https://x.com/undefined/status/1915590765381898496,1423986427373637635,,
1915365356706947278,Thu Apr 24 12:26:30 +0000 2025,0,@sbyfess aku pake parfum Refill nder,1915381836907487438,,sbyfess,in,,0,0,0,https://x.com/undefined/status/1915381836907487438,1745676995823067136,,
1915367058847498612,Thu Apr 24 11:39:28 +0000 2025,0,Kek tetiba banget Aerostreet bikin parfum. Wk. Tapi layak dibelilah dg harga segitu SPL oke wanginya juga oke. Ya ini sih keknya another parfum refill tapi much betterlah daripada parfum 50ribuan indomaret.,1915370000862568681,,rainikuuu,in,,0,0,0,https://x.com/undefined/status/1915370000862568681,3312633073,,
1915360849025511531,Thu Apr 24 11:06:53 +0000 2025,0,@txtsapphics 바보 harusnya lu beli botol parfum mini yang bisa di refill ,1915361800796987811,,txtsapphics,in,,0,1,0,https://x.com/undefined/status/1915361800796987811,1291744200170430467,,
1912527886428577965,Thu Apr 24 07:38:41 +0000 2025,0,@Jenofli kalau aku bilang parfum refill po dari bali kakak bakalan percaya enggaa yaa? eh bener juga pasti bakalan lebih engap sama tagihannya sumoa,1915309404163056086,,Jenofli,in,,0,0,0,https://x.com/undefined/status/1915309404163056086,609999666,,
1914954297139490943,Thu Apr 24 04:25:40 +0000 2025,1,@enamiiasa ituu parfum refill viral di bali dd mau nitip enggaa?,1915260831052296694,,enamiiasa,in,,0,1,0,https://x.com/undefined/status/1915260831052296694,609999666,,
1915062329475256488,Wed Apr 23 15:16:54 +0000 2025,0,tahan aku buat ga refill parfum yang ga oke itu TAPI WANGI NYA ENAK BANGET kenapa ya hidung tu bisa simpen memori di wangi,1915062329475256488,,,in,,0,1,0,https://x.com/undefined/status/1915062329475256488,1233005101444288515,,
1914695722424746446,Wed Apr 23 14:11:02 +0000 2025,0,@convomf ini ga ada yg pake parfum refill?,1915045756958122169,,convomf,in,,0,0,0,https://x.com/undefined/status/1915045756958122169,1914707830910935040,,
1914967045260943574,Wed Apr 23 13:56:37 +0000 2025,0,‍️: kan aku udh blg mending beli parfum refill km kasih contohnya biar diracik ama abangnya. : *merengut* ‍️: lagian tumben amat beli parfum under 100k ,1915042127442284642,,dancinqgueen_,in,,0,1,0,https://x.com/undefined/status/1915042127442284642,83156393,,
1914993269202657768,Wed Apr 23 11:05:51 +0000 2025,0,@ohmy_beautybank Punten parfum refill mau join. Tapi serius walaupun refill wanginya enak bangettt. Manis dan fresh dari buah gitu ga bikin enek tapi tetep terkenang wanginya https://t.co/jHZwbrUShL,1914999153035448800,,ohmy_beautybank,in,,0,0,0,https://x.com/undefined/status/1914999153035448800,1220355288898793478,,
1914903682988351538,Wed Apr 23 10:47:52 +0000 2025,0,@TaniaZainn beli parfum refill 15 rebu aja gasi,1914994628027187470,,TaniaZainn,in,,0,1,0,https://x.com/undefined/status/1914994628027187470,1219224385594118146,,
1914962385921605937,Wed Apr 23 08:39:45 +0000 2025,0,Isseymiyake parfum kesukaanku nomer satu punya nya dulu pas ada duit lebih..skrg beli refill an tpi gak nemu yg se awet dan seharum yg ori l'eau d'issey ngingetin glendale...florale ngingetin masa2 1D,1914962385921605937,,,in,,0,0,0,https://x.com/undefined/status/1914962385921605937,249776047,,
1914545127638663440,Tue Apr 22 15:58:26 +0000 2025,0,@womanfeeds_id Terpapar sinar matahari ! 4. Wangi-wangian = parfum refill yg gapake alkohol jd semprot dikit aja udh nempel bgt. Ini hrs riset dulu soalnya tiap toko beda bibit jd ada yg tahan lama ada yg nggak walaupun gapake alkohol.,1914710395027431851,,chie_toz,in,,0,0,0,https://x.com/undefined/status/1914710395027431851,1175385409825542144,,
1914699517632589904,Tue Apr 22 15:15:13 +0000 2025,0,Tapi klo gw dibanding koleksi 10 parfum refill yang gajelas ingredientsnya apa bikin alergi apa engga mending satu yang agak mahal gini https://t.co/cgkKhmJlRj,1914699517632589904,,,in,,0,0,0,https://x.com/undefined/status/1914699517632589904,1835722846229942272,,
1914640822496026997,Tue Apr 22 13:05:33 +0000 2025,0,@ohmy_beautybank Punten parfum refill mau join. Tapi serius walaupun refill wanginya enak bangettt. Manis dan fresh dari buah gitu ga bikin enek tapi tetep terkenang wanginya https://t.co/jHZwbrUShL,1914666888845779335,,ohmy_beautybank,in,,0,0,0,https://x.com/undefined/status/1914666888845779335,1220355288898793478,,
1914645397735133301,Tue Apr 22 12:43:06 +0000 2025,0,@ohmy_beautybank Punten parfum refill mau join. Tapi serius walaupun refill wanginya enak bangettt. Manis dan fresh dari buah gitu ga bikin enek tapi tetep terkenang wanginya https://t.co/jHZwbrUShL,1914661237235048923,,ohmy_beautybank,in,,0,1,0,https://x.com/undefined/status/1914661237235048923,1220355288898793478,,
1914496492456624141,Tue Apr 22 01:48:28 +0000 2025,0,https://t.co/aqSTRGW0it Cek refill parfum adv nya https://t.co/irzPE6gvgO,1914496492456624141,https://pbs.twimg.com/media/GpGoaGGa4AE7vhN.jpg,,in,,0,0,0,https://x.com/undefined/status/1914496492456624141,1677941905974513665,,
1914353851064553638,Mon Apr 21 16:21:39 +0000 2025,0,Ternyata setelah 3 mingguan mencoba membuat parfum sendiri walaupun refill. Ternyata proses maserasi itu penting ya. Yang awalnya aroma didominasi cinamon lama kelamaan juga ternyata citrus dan kawan keluar,1914353851064553638,,,in,,0,0,0,https://x.com/undefined/status/1914353851064553638,1235940876020355072,,
1914322992953541015,Mon Apr 21 14:19:02 +0000 2025,0,ada yang tau gaaa parfum apa yang wanginya seger kek parfum refill aqua kiss ituuu aku suka banget wanginyaaa,1914322992953541015,,,in,,0,2,0,https://x.com/undefined/status/1914322992953541015,1073074084974551042,,
1914199372579185005,Mon Apr 21 12:59:24 +0000 2025,0,@anrabara Spill notes parfum refill buat gym bangg.,1914302953445609563,,aditianra,in,,0,1,0,https://x.com/undefined/status/1914302953445609563,1716229513846398976,,
1914282556910174374,Mon Apr 21 12:15:55 +0000 2025,7,@womanfeeds_id Loose powdernya jozzzzzz aku sukaaa blur pori trus oil control mantep di aku plus dia ada refill Deospraynya juga huwa udah repurchase beberapa kali Trus parfum yg early morning enak seger fruity tapi pas disemprot kadang agak susah sih kayak kadang licin dan susah pas spray in,1914292008908406815,,womanfeeds_id,in,,0,0,0,https://x.com/undefined/status/1914292008908406815,1265639608387174401,,
1914289404967002457,Mon Apr 21 12:05:34 +0000 2025,0,okeee sekarang tau kenapa di antara toko2 yg jual parfum refill inparfum tu terkenal banget. awetttt cuy asliiii makasih lho rang kantor yg uda ngomporin buat nyoba ,1914289404967002457,,,in,,0,0,0,https://x.com/undefined/status/1914289404967002457,1107139789872988160,,
1914199372579185005,Mon Apr 21 06:07:49 +0000 2025,11,Gapapa ya pake parfum refill dulu dari pada bau di gym ,1914199372579185005,,,in,,0,6,0,https://x.com/undefined/status/1914199372579185005,57896039,,
1913990724628201979,Sun Apr 20 16:18:43 +0000 2025,0,hallo kakak kakak cantikk boleh rekomendasiin wangi parfum di refill an ga ya? terimakasii ,1913990724628201979,,,in,,0,2,0,https://x.com/undefined/status/1913990724628201979,1867679946694696960,,
1913990333853213031,Sun Apr 20 16:17:10 +0000 2025,0,Aduh.. baru refill parfum... mabok.. pusing... lemas...,1913990333853213031,,,in,,0,0,0,https://x.com/undefined/status/1913990333853213031,1533869857485504512,,
1913921898192175136,Sun Apr 20 12:21:56 +0000 2025,0,@Haneyy__ Beli!! Jimat banyak hani madu. Refill punya 600ml baru tk smpai RM70 pun,1913931135064936845,,Haneyy__,in,,0,1,0,https://x.com/undefined/status/1913931135064936845,239266720,,
1913921898192175136,Sun Apr 20 11:45:14 +0000 2025,6,Nak update. Semua ni dah habis. I dah beli sesiap yang refill 600ml punya. Senang and lagi murah sebenarnya Memang tak boleh tukar shampoo dah. Kalau tukar last-last memang cari volumizing shampoo @LaFlorHaircare ni juga. I suka sebab rambut lembut je lepas cuci https://t.co/gtWUV6wHht,1913921898192175136,https://pbs.twimg.com/media/Go-d0ezbIAAG8td.jpg,,in,,0,15,16,https://x.com/undefined/status/1913921898192175136,239266720,,
1913896282223161627,Sun Apr 20 10:03:26 +0000 2025,3,sariayu body mist tanjung + parfum refill guci bloom,1913896282223161627,,,in,,0,1,0,https://x.com/undefined/status/1913896282223161627,1824693722727976961,,
1913489508194304141,Sun Apr 20 07:02:51 +0000 2025,0,@redburgundys aslii ga ngerti kak. aku kmarin ngalamin dikirimin nourish parfum juga. pembayaran COD. kebetulan aku lagi gak dirumah tapi ada mamaku. dibayar mamaku 123k sesuai yg dipinta kurir. sedih bgt padahal aku ga pesen:( isi parfum refill gtu parfumnya juga serem. dicari di shopee,1913850836738089024,,redburgundys,in,,0,1,0,https://x.com/undefined/status/1913850836738089024,1351067666392510464,,
1913778889475936766,Sun Apr 20 02:16:58 +0000 2025,0,pake parfum refill awet bangett. wes banyak stranger tiba² tanya mbaknya wangi banget pake parfum apa hepi bgt pls aku dibilang wangi,1913778889475936766,,,in,,0,1,0,https://x.com/undefined/status/1913778889475936766,987244394410487808,,
1913622861362925859,Sat Apr 19 15:56:58 +0000 2025,0,Beli refill karet eyelash curler isinya kegedean. Beli parfum wanginya trnyta gaenak. Beli dimsum mentai sausnya manis. Asli badmood bgt gw hari ini shibal,1913622861362925859,,,in,,0,0,0,https://x.com/undefined/status/1913622861362925859,717929072035106816,,
1913529280853844042,Sat Apr 19 15:29:02 +0000 2025,0,@oasisbro home fragrance tuh parfum ya? Pake parfum refill ganti2 merk pernah aqua digio pernah bacarat jg lupa yg lainnya,1913615832191754741,,oasisbro,in,,0,1,0,https://x.com/undefined/status/1913615832191754741,1796780093655982081,,
1913160260761669795,Sat Apr 19 15:21:49 +0000 2025,0,@qyyuniverse polo sport cuma refill tapi udah 3 kali orang yang bilang wangi seger tapi gw udah gapake lagi karena parfum pasaran wkwk,1913614017525932215,,qyyuniverse,in,,0,0,0,https://x.com/undefined/status/1913614017525932215,1644847781457326080,,
1913471095833075945,Sat Apr 19 05:53:54 +0000 2025,0,@trusturnose kalo beli kertas buat ngetes parfum tuh di tukang refill parfum ada kali ya ?,1913471095833075945,,trusturnose,in,,0,0,0,https://x.com/undefined/status/1913471095833075945,1940058295,,
1913463013392437293,Sat Apr 19 05:21:47 +0000 2025,0,parfum refill aku selalu di notice orang orang,1913463013392437293,,,in,,0,0,0,https://x.com/undefined/status/1913463013392437293,1765608852958085120,,
1913413858028556382,Sat Apr 19 02:06:27 +0000 2025,1,parfum refill yg switzal tapi parfum refill gak ada yg gagal semua sih makanya skrg prefer parfum refill https://t.co/DT2JheTpwe,1913413858028556382,https://pbs.twimg.com/media/Go3PwuvbkAA9bwO.jpg,,in,,0,1,0,https://x.com/undefined/status/1913413858028556382,1344209222091698178,,
1913160260761669795,Fri Apr 18 23:39:07 +0000 2025,3,@qyyuniverse Gomen aku pakai parfum Refill Burberry her Nder belinya di inparfume bandung. Asli dinotice terus sama orang-orang,1913376780242862466,,qyyuniverse,in,,1,1,1,https://x.com/undefined/status/1913376780242862466,1159394590073294848,,
1913160260761669795,Fri Apr 18 22:41:59 +0000 2025,0,@qyyuniverse morris pink sampe ditanyain temen dan sepupu pas lebaran katanya wanginya enak banget dan awet cuyyy. sama parfum refill pink chiffon ini lebih awet banget banget banget,1913362400209936802,,qyyuniverse,in,,0,1,0,https://x.com/undefined/status/1913362400209936802,1398788311397793793,,
1913160260761669795,Fri Apr 18 17:17:57 +0000 2025,1,@qyyuniverse Aku parfum refill nder midnight ivy wanginya tahan seharian full terus juga dinotice orang terus katanya wanginya kalem muehehehehe udah 1tahun pake itu sebelumnya aku scandalous,1913280853628850675,,qyyuniverse,in,,0,0,0,https://x.com/undefined/status/1913280853628850675,1357251240783081472,,
1913224370669191485,Fri Apr 18 15:44:37 +0000 2025,0,@juyojamet Parfum refill kakk adalah kunci. Kayanya semua parfum refill wangi2 tahan lama dan murce,1913257366516301970,,juyojamet,in,,0,0,0,https://x.com/undefined/status/1913257366516301970,1639240266333949952,,
1912061461280801143,Fri Apr 18 11:30:26 +0000 2025,0,@nanamiscent @ithinkshes Aku biasanya refill di toko parfum aja ka. asal murni bibit tanpa campuran itu udh wangi atau mau hemat bibitnya banyak campurannya dikit 3:1 gtu,1913193398561021983,,nanamiscent,in,,0,0,0,https://x.com/undefined/status/1913193398561021983,967906056624947200,,
1913089054729527648,Fri Apr 18 04:35:48 +0000 2025,0,Kamu suka setiap saat pergi ke tongkrongan bareng sahabatmu? berikut 3 rekomendasi parfum refill unisex wangi bikin penasaran. https://t.co/GaYT6ktwz1,1913089054729527648,,,in,,0,0,0,https://x.com/undefined/status/1913089054729527648,1404018642,,
1913065798018400738,Fri Apr 18 03:03:23 +0000 2025,2,dari parfum indoapril ke refill ke lokal.. nyari promoan lokal hargae bisa sama dengan ngisi refillan,1913065798018400738,,,in,,1,0,0,https://x.com/undefined/status/1913065798018400738,76281055,,
1912892450408149230,Fri Apr 18 01:52:05 +0000 2025,0,@baksosaurus parfum refill wkwkw,1913047851640426934,,baksosaurus,in,,0,0,0,https://x.com/undefined/status/1913047851640426934,1205892350485991425,,
1912178977571324162,Thu Apr 17 15:51:13 +0000 2025,0,@uiuaadingdingpa Refill varian rose powdery wkwkw beli refillan soalnya di cuaca &gt;30 derajat susah banget nemuin parfum yg cocok.,1912896641348317595,,uiuaadingdingpa,in,,0,0,0,https://x.com/undefined/status/1912896641348317595,1860234200131231744,,
1912354261247098968,Thu Apr 17 14:24:50 +0000 2025,0,@soIoleveling Parfum mahal yah aku gk mau kalau parfum refill,1912874902413316164,,soIoleveling,in,,0,1,0,https://x.com/undefined/status/1912874902413316164,1340461984655974402,,
1910961123861614631,Thu Apr 17 13:56:35 +0000 2025,0,@syaquelaa aku beli parfum refill di rawamangun nama tokonya great parfum. tapi seinget ku ostara itu ngedupe dari parfum yang namanya kirke,1912867790429786414,,syaquelaa,in,,0,0,0,https://x.com/undefined/status/1912867790429786414,1799562230863904768,,
1912153884455289045,Tue Apr 15 14:39:46 +0000 2025,1,Haloo yang dom clg yg mau beli parfum refill bisa di toko ku yaa bisa lgsg ke storenya ajaa aku blm ada online storenya yaa https://t.co/APmsqwGLLH,1912153884455289045,https://pbs.twimg.com/media/GolVzztXEAAd9rY.jpg,,in,,0,0,0,https://x.com/undefined/status/1912153884455289045,288001289,,
1912148688115491238,Tue Apr 15 14:19:07 +0000 2025,0,SUMPAH ZEKWKWKWK tadi kan paket parfum ku dari sopi dateng nah ternyata ada gratis 1 tester gitu dan AKU SUKA BANGETT sama wanginya. terus barusan iseng coba ke toko parfum refill langgananku ternyata ada yg wanginya mirip .. LITERELI MIRIP BANGET auto beli gueh ,1912148688115491238,,,in,,1,2,0,https://x.com/undefined/status/1912148688115491238,1640485765447843840,,
1912061461280801143,Tue Apr 15 13:27:37 +0000 2025,0,@ithinkshes Parfum refill dah paling mantafff,1912135724461359344,,ithinkshes,in,,0,0,0,https://x.com/undefined/status/1912135724461359344,1447029605051760645,,
1912112105081487655,Tue Apr 15 13:05:34 +0000 2025,0,@herodotuus KWKWKWWK AJING JUJUR parfum lama gw yg refill bau bayi ntu skrg masih ada(gak w abisin) tiap w semprot(gak w pake) ngingetin sm kamar lama pas baru sampe di jogja w menyebutnya bau ijal maba sasindo...,1912130178903654808,,herodotuus,in,,0,0,0,https://x.com/undefined/status/1912130178903654808,1710717782588026880,,
1912061461280801143,Tue Apr 15 12:55:24 +0000 2025,0,@ithinkshes beli parfum refill ama temen kantor,1912127618951807390,,ithinkshes,in,,0,0,0,https://x.com/undefined/status/1912127618951807390,728143700597956609,,
1912089871847751994,Tue Apr 15 11:06:59 +0000 2025,1,@matchaamilkyway WKWKW can relate Walau level nasih parfum refill an tapi suka juga koleksi wangi2an enak ,1912100332848746925,,matchaamilkyway,in,,0,1,0,https://x.com/undefined/status/1912100332848746925,979989991919992835,,
1912061461280801143,Tue Apr 15 11:05:11 +0000 2025,0,@ithinkshes kadang pake parfum supermarket yg 10-40k an itu kadang beli di toko parfum refill itu harus snif langsung soalnya pernah beli onlen ga cocok baunya ,1912099880623067265,,ithinkshes,in,,0,1,0,https://x.com/undefined/status/1912099880623067265,1407674000,,
1912061461280801143,Tue Apr 15 09:02:42 +0000 2025,0,@ithinkshes parfum refill wkwkw,1912069056305545496,,ithinkshes,in,,0,0,0,https://x.com/undefined/status/1912069056305545496,1465451740900167683,,
1912052068828750301,Tue Apr 15 07:57:37 +0000 2025,2,@tanyarlfes onix fwb/mexicola enak buat gue yang suka notes manis dan soft. tapi dua ini cocoknya di indoor kalo outdoor malem masih oke. kalo parfum refill gue selalu beli barcelona manly tapi ga yang nyengat gitu.,1912052680199217549,,tanyarlfes,in,,0,0,0,https://x.com/undefined/status/1912052680199217549,354323005,,
1911943667151249759,Tue Apr 15 06:04:18 +0000 2025,1,@H36TR @noisette_douce @kozirama Hahahahaha dlm rangka mau mencoba produk lokal. Pas disemprot kaya bau obat . Adalah betul lebih baik parfum refill atau timteng sekalian.,1912024161071120547,,H36TR,in,,0,0,0,https://x.com/undefined/status/1912024161071120547,1785592243749052416,,
1911943667151249759,Tue Apr 15 04:47:18 +0000 2025,4,@H36TR @noisette_douce @kozirama Aku mencoba parfum lokal yg dielu-elukan pas nyoba nyemprot hmmm okelah lets give it a try. Pas beli bawa ke rumah br sadar baunya kok gini amat. Mending beli parfum refill sekalian. Selama ini cuma mau parfum designer atau niche. Taunya eing ing eng.,1912004785122992466,,H36TR,in,,0,2,0,https://x.com/undefined/status/1912004785122992466,1785592243749052416,,
1910876136848183750,Mon Apr 14 23:38:25 +0000 2025,0,@ledaslady Aku pake parfum refill yang bagusnya,1911927048995745999,,ledaslady,in,,0,0,0,https://x.com/undefined/status/1911927048995745999,925920438735093760,,
1911826029624299557,Mon Apr 14 16:57:00 +0000 2025,0,kalau aku jadi presiden pasti ku buat semua makeup skincare parfum refill-able tanpa harus bayar lg,1911826029624299557,,,in,,0,0,0,https://x.com/undefined/status/1911826029624299557,1296042929958424578,,
1911657393479627198,Mon Apr 14 15:21:58 +0000 2025,5,@BudiBukanIntel Tp gw rasa ada aja sih marketnya. Sama kayak parfum branded sama refill. Tetep yg branded ada nilai lebih. Tapi ya nilai fetisnya jd luntur sih ketika ketauan pabriknya di cina ,1911802114332041323,,BudiBukanIntel,in,,0,0,0,https://x.com/undefined/status/1911802114332041323,1405268693790040064,,
1910579835531125244,Fri Apr 11 06:25:04 +0000 2025,0,Refill Parfum Laundry - Antibacterial Room &amp; Linen Spray 1 Liter U'rday - Parfum Laundry Tahan Lama dengan harga Rp127.900. Dapatkan di Shopee sekarang! https://t.co/78HTU22dX0 https://t.co/e8YLOJabu5,1910579835531125244,https://pbs.twimg.com/media/GoO-PENbYAEEph7.jpg,,in,,0,0,0,https://x.com/undefined/status/1910579835531125244,936382646023626752,,
1910375717805973869,Thu Apr 10 16:56:17 +0000 2025,0,@hirafaels Aku ada parfum refill gt tp wanginya powdery persis wangi laundry dan bner2 tahan lama karena aku pake pribadi,1910376300625485879,,hirafaels,in,,0,1,0,https://x.com/undefined/status/1910376300625485879,1311916423573250050,,
1910249413559402791,Thu Apr 10 08:32:05 +0000 2025,1,1 jam hidung tersiksa dengan bau parfum refill an ,1910249413559402791,,,in,,0,1,0,https://x.com/undefined/status/1910249413559402791,1316977085177450501,,
1910228259637494266,Thu Apr 10 07:08:02 +0000 2025,0,Cek Refill Isi Ulang Parfum 100ml Unisex dengan harga Rp4.400. Dapatkan di Shopee sekarang! https://t.co/RvrZnLzvhQ https://t.co/mIMuzwceiO,1910228259637494266,https://pbs.twimg.com/media/GoJ-epAaIAE4bOs.jpg,,in,,0,0,0,https://x.com/undefined/status/1910228259637494266,1846622878328041472,,
1910223941177573717,Thu Apr 10 06:50:52 +0000 2025,0,Kini tak perlu khawatir dengan keringat di cuaca panas dengan mencoba 5 rekomendasi parfum refill ini dijamin aktivitas outdoormu aman. https://t.co/wJwjxHj9IW,1910223941177573717,,,in,,0,0,0,https://x.com/undefined/status/1910223941177573717,1404018642,,
1909984075374592438,Thu Apr 10 04:47:19 +0000 2025,0,@donjunbae Saffnco sih atau parfum refill Cuma kadang spl kenceng=offensive buat penggunaan indoor.,1910192850966605955,,donjunbae,in,,0,0,0,https://x.com/undefined/status/1910192850966605955,3285271248,,
1909953828352676023,Wed Apr 09 13:05:04 +0000 2025,0,@sunsetsbetter aku iseng pake parfum refill yg mix gitu byy scandalous x aqua kiss waterbloom. itu wanginya tuh manis tapi segerr ga bikin pusing dan enegg malah ketagihan nyiumnyaa ,1909955725738316021,,sunsetsbetter,in,,0,2,0,https://x.com/undefined/status/1909955725738316021,1314792020649504768,,
1909916969643782319,Wed Apr 09 10:31:06 +0000 2025,0,but kali ini parfumku yang sekarang (fragrance world volute) dah mau abis should i give it a chance buat parfum refill?,1909916975083724806,,oceanweedbrain,in,,0,0,0,https://x.com/undefined/status/1909916975083724806,1173456531276230656,,
1909916969643782319,Wed Apr 09 10:31:05 +0000 2025,1,parfum mart pake axe sama gatsby ato designer yang affordable -- nautica voyage versace eros (hadiah sii hehe) dan selalu anti banget pake parfum refill karena... yah oily baunya ga konsisten dan berbagai faktor lainnya,1909916971707388290,,oceanweedbrain,in,,0,1,0,https://x.com/undefined/status/1909916971707388290,1173456531276230656,,
1909456702539440541,Tue Apr 08 08:54:28 +0000 2025,0,@skinlovelies Kalau aku parfum refill kak wkwk,1909530272007438635,,skinlovelies,in,,0,0,0,https://x.com/undefined/status/1909530272007438635,1906273340211511296,,
1909514651106488378,Tue Apr 08 07:52:24 +0000 2025,0,Kenap parfum refill lebih perform ya spl nya wkwkw,1909514651106488378,,,in,,0,0,0,https://x.com/undefined/status/1909514651106488378,1279702622,,
1909421194375577891,Tue Apr 08 01:41:02 +0000 2025,0,Cek INSPIRED PARFUM REFILL PARFUM BANDUNG PARFUM FRAGRANCE SC PARFUM 35ML 60ML 100ML dengan harga Rp59.999. Dapatkan di Shopee sekarang! https://t.co/uPpgEQcezU https://t.co/dUooWDwWAJ,1909421194375577891,https://pbs.twimg.com/media/Gn-gc9tbwAQT1zS.jpg,,in,,0,0,0,https://x.com/undefined/status/1909421194375577891,1527165663722500096,,
1909193108371448116,Mon Apr 07 10:34:42 +0000 2025,0,Gue beli parfum refill gitu namanya Back To Pink tapi gue bacanya Born To Pink,1909193108371448116,,,in,,0,1,0,https://x.com/undefined/status/1909193108371448116,1824341110191427584,,
1908904035668893740,Sun Apr 06 15:26:02 +0000 2025,1,kalo misal ada parfum ENAK BGT GILA seharga 250k buat 50ml tp cuma bisa dibeli offline di satu tempat itu doang dan itu di luar kota enaknya beli apa minta abang abang parfum refill bikinin dupenya,1908904035668893740,,,in,,0,0,0,https://x.com/undefined/status/1908904035668893740,1056884849481400321,,
1908879490148897219,Sun Apr 06 14:28:16 +0000 2025,0,@shietssay Bawa ke tukang refill parfum aja kak minta dibuatin yg mirip,1908889499540865117,,shietssay,in,,0,1,0,https://x.com/undefined/status/1908889499540865117,1336666136029483008,,
1908749216626753570,Sun Apr 06 06:16:37 +0000 2025,1,@wishforsion imo first kiss tuh searah sama versace bright crystal dan chloe edp. kalo ga salah dia emg dupe apaa gt. flower market kalo ga salah. beli refill nya aja di in parfum,1908765768504008815,,hoonforhee,in,,0,1,0,https://x.com/undefined/status/1908765768504008815,1795491535645233152,,
1908756526736826811,Sun Apr 06 05:39:53 +0000 2025,0,pdhl aku sudah refill parfum kesayanganku untuk main bl hari ini (siapa tau ada fine shi nyantol),1908756526736826811,,,in,,0,0,0,https://x.com/undefined/status/1908756526736826811,1794211391077076993,,
1908754100457521329,Sun Apr 06 05:30:15 +0000 2025,0,Downy Premium Parfum Passion Pewangi Pelembut Pakaian Refill 1.35 l - Isi 3 seharga Rp169.400. Dapatkan sekarang juga di Shopee! https://t.co/kdhVO9ZzsT,1908754100457521329,,,in,,0,0,0,https://x.com/undefined/status/1908754100457521329,1577320130383843331,,
1906849480483447132,Mon Mar 31 23:21:58 +0000 2025,1,https://t.co/iauY4vma8c 4 Rekomendasi Parfum Refill Isi Ulang Wanita Wangi Floral Elegan dan Semerbak Aroma Kecintaan Pria!,1906849480483447132,,,in,,0,0,0,https://x.com/undefined/status/1906849480483447132,1810714445796298752,,
1906580797072511091,Mon Mar 31 07:33:58 +0000 2025,0,@BaseBDG Nu parfum baccarat refill weh atuh bade?,1906610907075219851,,BaseBDG,in,,0,0,0,https://x.com/undefined/status/1906610907075219851,1192185811,,
1906003606366777733,Mon Mar 31 02:29:50 +0000 2025,0,@slyjw_ Aku pake parfum refill kak aku suka Carolina Herrera Good Girl Victoria Secret Velvet Petals sama Alfred Dunhill Desire Blue,1906534372960031084,,slyjw_,in,,0,0,0,https://x.com/undefined/status/1906534372960031084,1260862208419835904,,
1906003606366777733,Sun Mar 30 07:29:32 +0000 2025,0,@slyjw_ parfum refill yg avril,1906247403583459700,,slyjw_,in,,0,0,0,https://x.com/undefined/status/1906247403583459700,1433679214402674694,,
1906003606366777733,Sun Mar 30 04:14:28 +0000 2025,0,@slyjw_ Aku pke parfum refill sisi,1906198314489696263,,slyjw_,in,,0,0,0,https://x.com/undefined/status/1906198314489696263,1344635296197922817,,
1906159212000137591,Sun Mar 30 01:39:05 +0000 2025,0,parfum refill yg wanginya kayak saff n co illiad apa yaa,1906159212000137591,,,in,,0,0,0,https://x.com/undefined/status/1906159212000137591,1421144660009910278,,
1906059652544319604,Sat Mar 29 19:03:28 +0000 2025,3,kakakku beli parfum miniso 100k ga tahan lama aku beli parfum refill deket rumah tak semprot ke jaketku jam 9 pagi tapi sampe pulang kerja jam 12 malem masih kecium wkwkw,1906059652544319604,,,in,,0,1,0,https://x.com/undefined/status/1906059652544319604,1279071272861708288,,
1906006719173648654,Sat Mar 29 15:52:46 +0000 2025,0,@caprigrzzz Oh maaf sorry aku miss kata refill Di post mu . Kalau refill dan bau wanita karir bisa coba (inspired by) alch*mist onir*que di toko BDG Parfum.,1906011658784579729,,mineaamor,in,,0,0,0,https://x.com/undefined/status/1906011658784579729,1595741083405004800,,
1906006719173648654,Sat Mar 29 15:33:08 +0000 2025,0,spill parfum refill andalan kalian dong. kalo bisa yg baunya wanita karir,1906006719173648654,,,in,,0,2,0,https://x.com/undefined/status/1906006719173648654,1840259875437457408,,
1905969834107752468,Sat Mar 29 13:06:34 +0000 2025,0,parfum refill yg enak apsihh masa gw gasuka bau aqua kiss jirrr,1905969834107752468,,,in,,1,2,0,https://x.com/undefined/status/1905969834107752468,1630678883157807109,,
1905884584438579304,Sat Mar 29 07:27:51 +0000 2025,0,hal2 lainnya juga klo dia yg butuh tp aku yg dateng prnah dia nitip beliin parfum refill di daerah rumahku (kbtulan emg murah) trs aku yg dateng ke kosnya dia buat ambil wadah sm uangnya trs pas udh kuisi aku sendiri yg ribet buat ngasih parfumnya ,1905884595532517785,,beebakh,in,,0,1,0,https://x.com/undefined/status/1905884595532517785,1322937470309199872,,
1905591539855749463,Fri Mar 28 14:35:51 +0000 2025,0,@asumsico Omongannya seperti parfum Refill wangi tapi palsu. https://t.co/YA1ddGV36C,1905629915183284679,https://pbs.twimg.com/media/GnIoTwHbkAALkCM.jpg,asumsico,in,,0,0,0,https://x.com/undefined/status/1905629915183284679,1599804693332787200,,
1905570167683514416,Fri Mar 28 10:38:26 +0000 2025,0,Aku pertama kali beli parfum Refill ternyata seawet itu njir padahal udah kepake motoran PP sejam lebih dan masih awet kamarnya jadi semerbak wangiiiiii,1905570167683514416,,,in,,0,0,0,https://x.com/undefined/status/1905570167683514416,1806413740843347968,,
1905433858688123181,Fri Mar 28 01:38:17 +0000 2025,5,La Bonte Paket Hemat ~ D ( 1 Parfum Mobil Bullet Gantung + Refill 100ml ) https://t.co/2e0xQPSXLX https://t.co/rarOqQNLli,1905434235588219097,https://pbs.twimg.com/media/GnF2UxiagAAKVDV.jpg,racunproduk00,in,,0,1,0,https://x.com/undefined/status/1905434235588219097,1300032203837943808,,
1904943708593914186,Thu Mar 27 16:29:04 +0000 2025,0,@soujirouw Gw aja karena bingung ujung ujungnya beli parfum refill 50 rebuan wowkwkwk,1905296021586108911,,soujirouw,in,,0,0,0,https://x.com/undefined/status/1905296021586108911,1226479341183197184,,
1903808268885262710,Thu Mar 27 12:01:56 +0000 2025,0,@prrut @lifeisabeautyx Untuk parfum kalo bisa pake kemasan yang refill bahan plastik kek nya aman ,1905228795381973394,,prrut,in,,0,0,0,https://x.com/undefined/status/1905228795381973394,2333483060,,
1905172144839123085,Thu Mar 27 10:19:11 +0000 2025,0,@smilikitiiww aku better parfum refill karna lebih awet,1905202937422323972,,smilikitiiww,in,,0,0,0,https://x.com/undefined/status/1905202937422323972,1857868934101532672,,
1905172144839123085,Thu Mar 27 09:52:44 +0000 2025,0,@sincaniy iya kah?? jujur ga pernah beli parfum refill sih,1905196279732273523,,sincaniy,in,,0,0,0,https://x.com/undefined/status/1905196279732273523,1804332099715108867,,
1905191196097692034,Thu Mar 27 09:49:27 +0000 2025,0,@WoodsHASAHI Parfum refill aja yang murah biar KGK BAU. https://t.co/5kQPMKRm4f,1905195451844075760,https://pbs.twimg.com/media/GnCdKCkaAAAD722.jpg,WoodsHASAHI,in,,0,1,0,https://x.com/undefined/status/1905195451844075760,825321966877941760,,
1905172144839123085,Thu Mar 27 08:16:50 +0000 2025,0,mau tanya menurut kalian lebih oke parfum kemasan kaya Morris Evangeline dan lain-lainnya atau parfum refill yang tukang parfum?,1905172144839123085,,,in,,0,6,0,https://x.com/undefined/status/1905172144839123085,1804332099715108867,,
1904965580169588837,Wed Mar 26 21:04:43 +0000 2025,0,@txtdarickr Wangi parfum segala rupa dari yang termahal sampe yg refill dari yg asli sampe yg original bau ketek. ,1905003000772645356,,txtdarickr,in,,0,1,0,https://x.com/undefined/status/1905003000772645356,528442953,,
1904941789766979809,Wed Mar 26 17:29:41 +0000 2025,0,@jxoues aku rekomen beli parfum refill. toko suka jual yg 10ml lumayan buat explore mana yg enak di hidung kamu kayak woody vanilla white floral green atau lainnya. personally suka diptyque nanti tajir dikit bisa beli aslinya tp kalo mau lokal aku rekomen layr yg apel,1904948885606514705,,jxoues,in,,0,0,0,https://x.com/undefined/status/1904948885606514705,1653012460235014144,,
1904900766453948923,Wed Mar 26 14:18:28 +0000 2025,0,Sebenernya parfum ku gini tuh splnya mantep ky parfum refill cuma banyak yg blm coba,1904900766453948923,,,in,,0,0,0,https://x.com/undefined/status/1904900766453948923,1346080130,,
1904870636079767843,Wed Mar 26 13:17:06 +0000 2025,0,@hawtefidence Kak maaf kalau pertanyaannya dongo ini yang parfum refill atau bukan kakk?,1904885323328610757,,,in,,0,0,0,https://x.com/undefined/status/1904885323328610757,1145272102624190464,,
1904757859654525113,Wed Mar 26 04:50:37 +0000 2025,0,Cek Botol Parfum Mini Travel isi 10ml botol Refill spray isi ulang tali gantung karakter Boneka timbul dengan harga Rp5.499. Dapatkan di Shopee sekarang! https://t.co/azHMd1uK6m https://t.co/OXZa5XiVtI,1904757859654525113,https://pbs.twimg.com/media/Gm8PLecbAAAAQCY.jpg,,in,,0,0,0,https://x.com/undefined/status/1904757859654525113,211111321,,
1904729233555153401,Wed Mar 26 02:56:52 +0000 2025,0,TEMPAT PARFUM REFILL,1904729233555153401,,,in,,0,0,0,https://x.com/undefined/status/1904729233555153401,1393933235407626247,,
1904501432767873187,Tue Mar 25 11:51:40 +0000 2025,0,Air pdam rumah gw tiba tiba wangi parfum refill malaikat subuh dah ini kenapa.... mana pait bgt gw jd gak bisa wudhu,1904501432767873187,,,in,,0,0,0,https://x.com/undefined/status/1904501432767873187,1143960234,,
1904409586926579813,Tue Mar 25 05:46:42 +0000 2025,5,Ni orang mah pake parfum refill condet,1904409586926579813,,,in,,0,0,0,https://x.com/undefined/status/1904409586926579813,30427581,,
1904376722944118801,Tue Mar 25 04:02:54 +0000 2025,0,@ohmy_beautybank Aku balik lagi pakai parfum refill dr In Parfume kak ,1904383463769428433,,ohmy_beautybank,in,,0,0,0,https://x.com/undefined/status/1904383463769428433,144764103,,
1904027180008656994,Mon Mar 24 22:01:06 +0000 2025,0,@womanfeeds_id parfumm refill yg ditoko parfum juga ada yg perml nya 8k yang perml nya 2k aja udah awet menurutku ketimbang parfum yg di minimarket apalagi yg perml nya 8k itu,1904292414938034458,,womanfeeds_id,in,,0,0,0,https://x.com/undefined/status/1904292414938034458,1293819980136341504,,
1904027180008656994,Mon Mar 24 06:47:25 +0000 2025,0,@Wonderrose_bubu @womanfeeds_id mirip parfum refill? padahal kita udah punya fonce scent of pluto yang ngeluarin line parfum designer mereka. kita punya project 1945 yang khas kita punya ataraksia kita punya sansoe bohe bali bali surfer purfume kita punya Etre dame hauma malah dikata parfum refill ,1904062480655192537,,Wonderrose_bubu,in,,0,1,0,https://x.com/undefined/status/1904062480655192537,1579024467585806339,,
1904033356716675237,Mon Mar 24 06:22:57 +0000 2025,0,@ohmy_beautybank Parfum refill dari In Parfume nder varian nya yg ini https://t.co/vatdNXJQZG,1904056321172987958,https://pbs.twimg.com/media/GmyRH-nbQAAL2Ei.jpg,ohmy_beautybank,in,,0,0,0,https://x.com/undefined/status/1904056321172987958,144764103,,
1903903783291416881,Sun Mar 23 20:16:49 +0000 2025,0,Cek Parfum Refill Pria Wanita 100ml dengan harga Rp4.000. Dapatkan di Shopee sekarang! https://t.co/tKIHZa2vbO https://t.co/bibN3UPtdS,1903903783291416881,https://pbs.twimg.com/media/GmwGZlNawAArd1p.jpg,,in,,0,0,0,https://x.com/undefined/status/1903903783291416881,1727561640261115904,,
1903845911207477538,Sun Mar 23 16:26:51 +0000 2025,0,Tiap naksir sama wangi parfum refill yang dibeliin indung pas minta dibeliin lagi belio selalu lupa beli dimana. Kan gwejh jadi gamonin parfum yh ueueueueeeee. Cari kemana km parfummmm.,1903845911207477538,,,in,,0,0,0,https://x.com/undefined/status/1903845911207477538,1177922504532193281,,
1903810209258324026,Sun Mar 23 14:04:59 +0000 2025,0,Apalah aku pakek parfum refill,1903810209258324026,,,in,,0,0,0,https://x.com/undefined/status/1903810209258324026,2281758294,,
1903795706592473474,Sun Mar 23 13:36:20 +0000 2025,0,@ohmy_beautybank Lagi pakai parfum refill dr In Parfume nder https://t.co/DcIW1owpzZ,1903802999111405967,https://pbs.twimg.com/media/Gmuqu1ZbwAE2Aek.jpg,ohmy_beautybank,in,,0,0,0,https://x.com/undefined/status/1903802999111405967,144764103,,
1903777716136227093,Sun Mar 23 12:02:07 +0000 2025,0,@ohmy_beautybank Aku pakai parfum refill dr In Parfume nder kemarin baru beli varian ini https://t.co/bWiLnzWzRR,1903779287817466287,https://pbs.twimg.com/media/GmuU-otbIAA9wAG.jpg,ohmy_beautybank,in,,0,0,0,https://x.com/undefined/status/1903779287817466287,144764103,,
1903736941633581515,Sun Mar 23 09:13:51 +0000 2025,0,wkwkwk clock that pengguna parfum refill,1903736941633581515,,,in,,0,0,0,https://x.com/undefined/status/1903736941633581515,1252033849648963584,,
1903670104748859895,Sun Mar 23 07:21:14 +0000 2025,0,@ohmy_beautybank Aku pakai parfum refill dari In Parfume Bandung nder ,1903708600885006736,,ohmy_beautybank,in,,0,0,0,https://x.com/undefined/status/1903708600885006736,144764103,,
1903376206441148801,Sat Mar 22 09:20:25 +0000 2025,0,Cek Refill Isi Ulang Parfum 100ml Unisex dengan harga Rp4.400. Dapatkan di Shopee sekarang! https://t.co/uAOdtLxLFg,1903376206441148801,,,in,,0,0,0,https://x.com/undefined/status/1903376206441148801,1857668889670524928,,
1903307060126830941,Sat Mar 22 08:39:20 +0000 2025,0,@dipangilarsyila @gfhaechaannnn Kakak-kakak tau kan kualitas parfum refill dari In Parfume Bandung? Kebetulan aku lagi open jastip In Parfume untuk belanja tgl 25/26 Maret ini https://t.co/Lz2ka1aE9l,1903365867049808196,,irenervn29,in,,0,0,0,https://x.com/undefined/status/1903365867049808196,144764103,,
1903363611910651917,Sat Mar 22 08:30:22 +0000 2025,0,Cek BIBIT PARFUM MURNI PRIA WANITA REFILL 100 ML dengan harga Rp62.399. Dapatkan di Shopee sekarang! https://t.co/u60qqduntV https://t.co/1dGSZED6R7,1903363611910651917,https://pbs.twimg.com/media/GmobHiea4AEV8Rn.jpg,,in,,0,0,0,https://x.com/undefined/status/1903363611910651917,1121230314020278273,,
1902968276835266801,Sat Mar 22 02:26:01 +0000 2025,0,@hannieangelily Beberapa faktor yang mempengaruhi SPL sebuah parfum Yaitu ph kulit Skin chemistry (notes parfum yang ga cocok sama kulit) Pertimbangan membeli parfum Refill itu -aroma nya dari awal sampe akhir ya itu itu aja -juice nya oily,1903271921220980889,,hannieangelily,in,,0,1,0,https://x.com/undefined/status/1903271921220980889,1744664755841978368,,
1903222694054858931,Fri Mar 21 23:16:21 +0000 2025,0,@gllazes JUJUR ak egk tau.. karna ini parfum punya kaka ku..aku colong.. ini dia kaya parfum refill gt by,1903224190070821083,,gllazes,in,,0,1,0,https://x.com/undefined/status/1903224190070821083,1710800354974261248,,
1902928705900646704,Fri Mar 21 22:32:11 +0000 2025,0,@womanfeeds_id Gw bertahan dgn parfum terinspirasi dan refill aja. Kalaupun begitu gw ttp hobi dan kepo kok mencoba sniff2 merk lokal yg di etalase hanya ga mencoba kembali beli online resikonya tinggi ,1903213073185509839,,anttieee_,in,,0,0,0,https://x.com/undefined/status/1903213073185509839,16836324,,
1903212419213824271,Fri Mar 21 22:29:35 +0000 2025,0,Parfum heaven scent tuh parfum refill / racikan macam inparfuume gitu ga sih? Soalnya kmrn lewat boothnya kok aku liat petugasnya lg ngeracik gitu dr botol bibit yg kyk di inparfume ,1903212419213824271,,,in,,0,0,0,https://x.com/undefined/status/1903212419213824271,88617905,,
1903190256998027497,Fri Mar 21 21:01:51 +0000 2025,10,Scandalous by Victoria Secret from Love My Scent ini baru launching guys! belinya always disini https://t.co/iuIDxwzPTe wanginya tuh enakeun pisan! maniss fruilty milky but ada floral freshnya jugak walaupun ini parfum refill tapi urusan wangi &amp; staying powernya gak https://t.co/EMHCX355mn,1903190340586312021,https://pbs.twimg.com/amplify_video_thumb/1903190261888647168/img/Q1cwoaNSlkFgZ8KB.jpg,isfunnyyyy,in,,0,1,0,https://x.com/undefined/status/1903190340586312021,1095314552424607744,,
1903074669324062984,Fri Mar 21 13:22:13 +0000 2025,0,Cek Refill Isi Ulang Parfum 100ml Unisex dengan harga Rp4.400. Dapatkan di Shopee sekarang! https://t.co/wzQOmLVHnx https://t.co/fHVrVKEcy5,1903074669324062984,https://pbs.twimg.com/media/GmkUUxGaEAAaF6G.jpg,,in,,0,0,0,https://x.com/undefined/status/1903074669324062984,1892152647966482433,,
1903043278444040207,Fri Mar 21 11:17:29 +0000 2025,3,-dips! ada yang tau tempat jual parfum refill di temcy dan sekitarnya ga? https://t.co/VEZ4wg4G6w,1903043278444040207,https://pbs.twimg.com/media/Gmj3xsFXsAAn31C.jpg,,in,,0,2,0,https://x.com/undefined/status/1903043278444040207,1212593816630251520,,
1902955284215267753,Fri Mar 21 08:40:35 +0000 2025,0,@bawankpink Parfum refill dari In Parfume mau kak? Aku open jastip ,1903003796403523829,,bawankpink,in,,0,0,0,https://x.com/undefined/status/1903003796403523829,144764103,,
1903000411461873889,Fri Mar 21 08:40:00 +0000 2025,0,@billaa_07 Parfum refill dari In Parfume kak ada yg varian Zwitsal sama Cuddle Baby. Itu wanginya wangi bedak bayi ,1903003649699447095,,billaa_07,in,,0,0,0,https://x.com/undefined/status/1903003649699447095,144764103,,
1902904291909833122,Fri Mar 21 02:05:12 +0000 2025,3,-ness di toko parfum refill gitu bisa request buat nge-dupe wangi parfum gak ya? dan btw harganya biasanya kisaran berapa + dapet berapa ml? tysm yang mau jelasinn,1902904291909833122,,,in,,0,0,0,https://x.com/undefined/status/1902904291909833122,2642629536,,
1902828089765396634,Thu Mar 20 21:02:24 +0000 2025,0,Cek Downy Premium Parfum Adorable Bouquet Pewangi Pelembut Pakaian Refill 1.45l - 3 dengan harga Rp197.200. Dapatkan di Shopee sekarang! https://t.co/DYAxF1mBbt https://t.co/ycSKgShMde,1902828089765396634,https://pbs.twimg.com/media/Gmg0DzSaEAI_GAQ.jpg,,in,,0,0,0,https://x.com/undefined/status/1902828089765396634,1847151278776111104,,
1902828022337769506,Thu Mar 20 21:02:08 +0000 2025,0,Cek Downy Premium Parfum Mystique Pewangi Pelembut Pakaian Refill 1.35 l - Isi 3 dengan harga Rp207.400. Dapatkan di Shopee sekarang! https://t.co/YMlEUMJmrr https://t.co/tv1p65ImCB,1902828022337769506,https://pbs.twimg.com/media/Gmg0AIkaEAEmLPt.jpg,,in,,0,0,0,https://x.com/undefined/status/1902828022337769506,1847151278776111104,,
1902511475660640634,Thu Mar 20 01:34:15 +0000 2025,0,@cananmelia12 Mungkin pake layering habis mandi nder. Trus klo pake parfum mungkin yg kadar alkoholnya rendah klo bisa malah non alkohol. My bf pake parfum refill tp yg non alkohol wanginya awet bgt tp memang lebih mahal dripada yg alkohol sih,1902534117809385661,,cananmelia12,in,,0,0,0,https://x.com/undefined/status/1902534117809385661,1517597039445803009,,
1902520791524323729,Thu Mar 20 01:17:12 +0000 2025,0,@babybreaths__ betul sekali makanya sering bli tempat parfum refill biar yg penting ga ketinggalan,1902529827321913476,,babybreaths__,in,,0,1,0,https://x.com/undefined/status/1902529827321913476,1664197517888856065,,
1901802205528596956,Thu Mar 20 00:01:18 +0000 2025,0,@wooyosmoochie Kalo incer VS tp boikot ada 2 opsi 1. budget aman: parfum lokal yg modal biang contoh heur (kalo biang biasanya tahan lama) 2. budget terbatas: eskulin!! (Dia mist seperti VS jd ga tahan lama). Jaman kuliah aku selalu refill pure seduction pakai eskulin https://t.co/E9lJ7sKFd3,1902510723684876754,https://pbs.twimg.com/media/GmcTaqYaoAAreea.jpg,wooyosmoochie,in,,0,1,0,https://x.com/undefined/status/1902510723684876754,1739418642457284608,,
1902360238357147919,Wed Mar 19 14:03:19 +0000 2025,1,Nama : pol Keahilan : ngebedain parfum baccarat n sauvage dior yang refill atau rill,1902360238357147919,,,in,,0,0,0,https://x.com/undefined/status/1902360238357147919,74403523,,
1902353504548876677,Wed Mar 19 13:45:01 +0000 2025,4,@fwbsolo2 Evangeline Paquito Octarine (adanya online) Mau cari di tempat parfum refill jg bagus kok cuma kalo aku pribadi cocok²an karena ada yg kena kulitku bikin iritasi,1902355631518183452,,fwbsolo2,in,,0,1,0,https://x.com/undefined/status/1902355631518183452,1161633553248968704,,
1902034736329138411,Wed Mar 19 05:37:30 +0000 2025,0,@CidnyZip Aku pakai parfum refill dr In Parfume kak VS Back to Pink sama CH 212 VIP Rose,1902232945861259478,,CidnyZip,in,,0,0,0,https://x.com/undefined/status/1902232945861259478,144764103,,
1902051066528825792,Wed Mar 19 05:29:11 +0000 2025,0,@PinkeuSecr50414 Parfum refill dari In Parfume mau kak? Aku open jastip ,1902230852689653990,,secretpinku,in,,0,0,0,https://x.com/undefined/status/1902230852689653990,144764103,,
1902192749883093413,Wed Mar 19 03:22:22 +0000 2025,0,@_tokonadia parfum ada sotb kak tapi masih di perjalanan kalo make up ada cushion wardah colorfit glpw concealer mad for make up lip moss guele refill cushion guele setting spray studio tropik semua nya underprice https://t.co/A0kQZfiR0G,1902198937060295082,https://pbs.twimg.com/media/GmX32goa8AARa_w.jpg,_tokonadia,in,,0,1,0,https://x.com/undefined/status/1902198937060295082,1489903111158128641,,
1902039556847022101,Tue Mar 18 16:49:03 +0000 2025,0,WAHAHAHA mang boleh masukin saham 2M jajannya parfum refill maaaas,1902039556847022101,,,in,,0,0,0,https://x.com/undefined/status/1902039556847022101,1894353275778138112,,
1902011170208547116,Tue Mar 18 14:56:15 +0000 2025,0,Gue tadi beli parfum refill kan... Dikasih bonus anjay sama mas-masnya. Terus enakan parfum yang bonus kocakkk daripada yang gue beli. ,1902011170208547116,,,in,,0,1,0,https://x.com/undefined/status/1902011170208547116,1861332733856792577,,
1901243525590827395,Mon Mar 17 05:51:34 +0000 2025,0,@hhayakawaa Lagi suka pakai parfum refill dari In Parfume varian VS Back to Pink sama CH 212 VIP Rose ,1901511710508531870,,hhayakawaa,in,,0,0,0,https://x.com/undefined/status/1901511710508531870,144764103,,
1901246919617425858,Mon Mar 17 05:01:10 +0000 2025,0,@ngabbchan Kalo suka parfum refill aku saranin varian Cuddle kak wangi bayi habis mandi Kebetulan aku lagi open jastip In Parfume Bandung yaa bisa kirim ke luar kota pakai ekspedisi. Belanja tgl 20 Maret yaa https://t.co/Ugf7i4Dnht,1901499024357953874,,ngabbchan,in,,0,0,0,https://x.com/undefined/status/1901499024357953874,144764103,,
1901394096251695264,Mon Mar 17 04:57:39 +0000 2025,0,@TahuTekAddict Parfum refill dari In Parfume Bandung kak pilih yg Jo Malone English Pear &amp; Freesia. Kebetulan aku lagi open jastip In Parfume Bandung yaa bisa kirim ke luar kota pakai ekspedisi. Belanja tgl 20 Maret yaa https://t.co/Ugf7i4Dnht,1901498138965549424,,TahuTekAddict,in,,0,0,0,https://x.com/undefined/status/1901498138965549424,144764103,,
1901243525590827395,Mon Mar 17 04:31:40 +0000 2025,0,@hhayakawaa pake parfum refill punya bapak ,1901491599571329113,,hhayakawaa,in,,0,0,0,https://x.com/undefined/status/1901491599571329113,1399046676036292609,,
1900749205083492690,Mon Mar 17 02:09:32 +0000 2025,0,@lustyesa Beuh gue mah selain cakep emang pinter juga. Cuman yah kadang-kadang akting as cowok kosong. Iya dia kota Paris yang kumuh. Kalau lo long lost brothernya Jati sekarang lu harusnya udah buka toko parfum biang yang refill itu. ,1901455833785147823,,lustyesa,in,,0,1,0,https://x.com/undefined/status/1901455833785147823,1068840983159169026,,
1901264444757520475,Sun Mar 16 13:29:02 +0000 2025,0,Cek Botol parfum mini 5ml Tmpat parfum mini travel size botol Btol parfum refill/Btol parfum mini/Botol prfum prtable Mimi/Tempat parfum Parfum mini 5ml botol/ Btol parfume mini/Refill parfum/Parfum btol pcahan/Botol sray tavel sze/wadah parfum mini https://t.co/wLd1tSnQSj,1901264444757520475,,,in,,0,0,0,https://x.com/undefined/status/1901264444757520475,1857668889670524928,,
1901243525590827395,Sun Mar 16 12:10:39 +0000 2025,0,@hhayakawaa zara pink flambe evangeline pinkberry morris ANDD KMRN AKU NYOBA PARFUM REFILL ak nyoba yg dior blooming bouquet,1901244722406158355,,hhayakawaa,in,,0,0,0,https://x.com/undefined/status/1901244722406158355,1395989137333755906,,
1900846405930963081,Sun Mar 16 07:51:08 +0000 2025,0,@aaffebri Parfum refill dari In Parfume Bandung kak yg Escada Candy Love. Bisa jastip di aku yaa kalo mau ,1901179409853485350,,aaffebri,in,,0,0,0,https://x.com/undefined/status/1901179409853485350,144764103,,
1901080233043792252,Sun Mar 16 01:17:02 +0000 2025,1,Euy mau minta rekomendasi parfum refill buat cowok yang cocok buat dipake outdoor hanupis,1901080233043792252,,,in,,0,6,0,https://x.com/undefined/status/1901080233043792252,1248335621988311041,,
1901035230263472591,Sat Mar 15 22:18:13 +0000 2025,0,Temukan Parfum Refill -+30ml murah meriah best seller seharga Rp9.875. Dapatkan sekarang juga di Shopee! https://t.co/Iu7NN4wor1,1901035230263472591,,,in,,0,0,0,https://x.com/undefined/status/1901035230263472591,1557393777899479040,,
1900869616403992619,Sat Mar 15 11:20:07 +0000 2025,0,/jbrfess/ rek saranin toko parfum refill yg murah2 kayak blink2 gitu dong yg perml bisa 1-2k an aja. Makasih yesss,1900869616403992619,,,in,,0,3,0,https://x.com/undefined/status/1900869616403992619,1188692236172578816,,
1900526117842239677,Sat Mar 15 09:16:43 +0000 2025,0,@tanyarlfes aku ada pake parfum persis bgt kaya orang abis mandi. tapi bukan sabun ekonomi juga sih. nama parfumnya LUX (ada di refill parfum gtu),1900838562104570210,,tanyarlfes,in,,0,0,0,https://x.com/undefined/status/1900838562104570210,1281464420149850117,,
1900818969994686806,Sat Mar 15 07:58:52 +0000 2025,0,Bang di dunia ini ada botol kecil buat refill parfum bang. Elu dengan kesadaran penuh bawa botol segede bagong begitu ya gimana kaga tumpah ,1900818969994686806,,,in,,0,0,0,https://x.com/undefined/status/1900818969994686806,1345312132754116608,,
1900733709185171778,Sat Mar 15 05:36:49 +0000 2025,0,@convomf Parfum soalnya cuma 35rb di toko refill depan rumah,1900783221442568229,,convomf,in,,0,0,0,https://x.com/undefined/status/1900783221442568229,71804874,,
1900733709185171778,Sat Mar 15 03:31:30 +0000 2025,1,@convomf Pake baju lama gpp tinggal dimix and match yg penting wangi. Kalo ga beli baju aja beli parfum bisa di parfum refill udah murah wangi pula wkwkwkwk,1900751682851725352,,convomf,in,,0,0,0,https://x.com/undefined/status/1900751682851725352,1435445516,,
1900593905697255567,Fri Mar 14 18:53:39 +0000 2025,0,@_yxgskuy mau cium wanginya anjay td gue jg abis refill parfum custom gue,1900621361594384577,,_yxgskuy,in,,0,1,0,https://x.com/undefined/status/1900621361594384577,1266842212685365249,,
1900575360435278094,Fri Mar 14 15:50:51 +0000 2025,0,akhirmya nemu wangi parfum refill yang segerrr banget kayak abis mandi ,1900575360435278094,,,in,,0,0,0,https://x.com/undefined/status/1900575360435278094,1234722321820082176,,
1900493238446006623,Fri Mar 14 10:24:32 +0000 2025,0,Toko parfum kayak zara gitu tuh bisa refill ga sii? Kek sayang banget botolnya tapi kalo isi ulang di toko parfum lain kureng banget wanginya,1900493238446006623,,,in,,0,0,0,https://x.com/undefined/status/1900493238446006623,1762907290162880512,,
1900078697044156649,Thu Mar 13 16:52:10 +0000 2025,0,@bvutteers Dah bisa refill gitu kyk parfum,1900228402738848190,,bvutteers,in,,0,0,0,https://x.com/undefined/status/1900228402738848190,1471826377124945921,,
1900190238259241294,Thu Mar 13 14:20:31 +0000 2025,0,Iseng beli parfum refill ke paals. Anjirrr enakkk. Kek akhirnyaaa bisa nemu campuran parfum yang aku mauuu. Nggak lagi beli parfum parfum viral yg ternyata gk cocok di aku https://t.co/zEsTWulum1,1900190238259241294,https://pbs.twimg.com/media/Gl7U8eNbkAA--mI.jpg,,in,,0,0,0,https://x.com/undefined/status/1900190238259241294,1154930300297723904,,
1900097582573248761,Thu Mar 13 08:12:20 +0000 2025,1,BiBit parfum | minyak wangi / parfum pria | parfum wanita | biang parfum | bibit parfum murni | parfum non alkohol | Isi ulang parfum refill | biang parfum non alkohol | unisex | parfum tahan lama | isi 50ml dan 100ml. Dapatkan di Shopee sekarang! https://t.co/2M0pRDbTgI https://t.co/7ZkA58Y5f2,1900097582573248761,https://pbs.twimg.com/media/Gl6ArZXbYAEPAEf.jpg,,in,,0,0,0,https://x.com/undefined/status/1900097582573248761,1840233981532655616,,
1899787882224583084,Wed Mar 12 21:03:42 +0000 2025,0,@happyselaluya Suamiku udah bertahun² pake parfum Refill dari sini kak (banyak cabang nya) nama parfum nya romantic wish https://t.co/YmRNcuwoeI,1899929316080967937,https://pbs.twimg.com/media/Gl3npBvbYAE19GN.jpg,happyselaluya,in,,0,1,0,https://x.com/undefined/status/1899929316080967937,1570718303974494212,,
1899860017614119151,Wed Mar 12 16:28:20 +0000 2025,0,mending parfum Indomaret atau refill yak? wkwk,1899860017614119151,,,in,,0,0,0,https://x.com/undefined/status/1899860017614119151,1739164912092672000,,
1899770132718862501,Wed Mar 12 13:12:03 +0000 2025,0,@urlavoca ada kak oca bilang aja di parfum refill aroma roti o tapi ga semua toko punya,1899810621899907551,,urlavoca,in,,0,0,0,https://x.com/undefined/status/1899810621899907551,1468896793718976513,,
1899468542309015789,Wed Mar 12 08:08:24 +0000 2025,0,@isoflvran @wndrfllme Coba beli deh kalo gitu reviewnya sih bagus katanya parfum refill tp wanginya lbh awet,1899734204587622558,,isoflvran,in,,0,2,0,https://x.com/undefined/status/1899734204587622558,1790391989755891712,,
1899505363956973983,Wed Mar 12 06:42:12 +0000 2025,0,@natsanweong gaktau njirr gw beli parfum refill kaya bibit gt,1899712513509630381,,natsanweong,in,,0,0,0,https://x.com/undefined/status/1899712513509630381,1758533126966620160,,
1899468542309015789,Wed Mar 12 04:06:27 +0000 2025,0,@GoballGabull @wndrfllme Awet cuma ya emang parfum refill sih,1899673314647498892,,GoballGabull,in,,0,0,0,https://x.com/undefined/status/1899673314647498892,1145239245897867264,,
1897853531618726144,Wed Mar 12 01:27:18 +0000 2025,0,@anakayam_91 aku di refill parfum deket rumah mas. ,1899633263804625300,,anakayam_91,in,,0,1,0,https://x.com/undefined/status/1899633263804625300,1343582090814578688,,
1899468542309015789,Tue Mar 11 22:09:16 +0000 2025,0,@wndrfllme Octarine wangine awet kah? Meh coba blind buy tp macam parfum refill di kauman tkudnyaa,1899583428213023032,,wndrfllme,in,,0,3,0,https://x.com/undefined/status/1899583428213023032,1790391989755891712,,
1899526682920599894,Tue Mar 11 18:23:47 +0000 2025,0,Laiya masa pabrik kemasan minyak udah kyk cabang parfum refill,1899526682920599894,,,in,,0,0,0,https://x.com/undefined/status/1899526682920599894,82615278,,
1898771899871850776,Tue Mar 11 16:00:58 +0000 2025,0,@markeucheoll aku pake 2 parfum ini. emang ga se dar der dor itu tapi aku cuma 1x respray tahan dari pagi sampe malem (indoor activity). kalo mau yang awet bgt paling bener parfum refill tinggal sebut aja mau dupe parfum apa. https://t.co/uDpWWmjFHM,1899490744311976407,https://pbs.twimg.com/media/GlxYws5bkAAMR3r.jpg,markeucheoll,in,,0,0,0,https://x.com/undefined/status/1899490744311976407,908897318404997120,,
1898771899871850776,Tue Mar 11 15:13:21 +0000 2025,0,@markeucheoll Ke tempat parfum refill beli yg harga per mlnya Rp3000 keatas pake perbandingan antara bibit sama canpuran (alkohol) 2:1.,1899478759469646023,,markeucheoll,in,,0,0,0,https://x.com/undefined/status/1899478759469646023,1298991779220344835,,
1899461124233527392,Tue Mar 11 14:03:16 +0000 2025,0,random banget dijalan tiba-tiba dipepet mba-mba nanyain pake parfum apaa agak syok jadi cuma jawab parfum refill seketika lupa nama variannya,1899461124233527392,,,in,,0,0,0,https://x.com/undefined/status/1899461124233527392,1127301547,,
1898771899871850776,Tue Mar 11 13:35:46 +0000 2025,0,@markeucheoll Parfum refill dari In Parfume kak aku pakai ini dari masih kuliah di Bandung. Skrg aku buka jastip sendiri tiap ke Bandung kota https://t.co/wz3NNcvQLC,1899454202575040575,https://pbs.twimg.com/media/Glw3g6aaEAAq2BG.jpg,markeucheoll,in,,0,1,0,https://x.com/undefined/status/1899454202575040575,144764103,,
1898771899871850776,Tue Mar 11 11:50:21 +0000 2025,0,@yeyun05 oh yg parfum refill gtu ya ka klo mau beli yg wanginya awet gtu bilang ke abang nya gmna ya?,1899427671110807984,,yeyun05,in,,0,3,0,https://x.com/undefined/status/1899427671110807984,1796502108549873664,,
1898771899871850776,Tue Mar 11 11:47:25 +0000 2025,1,@markeucheoll Pernah jg beli di sini parfum refill/inspirasi fox sn11f. Cari varian Scandalnya VS aja itu seger manis. Kayaknya hampir semua suka https://t.co/ie5hYEgNH6,1899426934679118248,https://pbs.twimg.com/media/GlweudsaIAAg__n.jpg,anttieee_,in,,0,0,0,https://x.com/undefined/status/1899426934679118248,16836324,,
1898771899871850776,Tue Mar 11 11:42:58 +0000 2025,0,@markeucheoll Di sopi sekarang banyak yg parfum aslinya refill dan inspirasi tetapi dgn merk sendiri. Makanya namanya mirip dgn parfum aslinya. Misalnya Xx Daun (asli kenzo daun) Xx Scandal (VS) merknya Xx. Gw pernah beli di sini 10ml jadi bs banyak dan ini lumayan bgt. https://t.co/GNV4icMVHN,1899425813617058245,https://pbs.twimg.com/media/GlwdtNCbAAATI5y.jpg,anttieee_,in,,0,1,0,https://x.com/undefined/status/1899425813617058245,16836324,,
1898771899871850776,Tue Mar 11 11:38:23 +0000 2025,0,@markeucheoll Harus cari yg EDP ya. Paling engga lebih baik beli parfum refill atau terinspirasi. Refill minta yg premium alkoholnya sedikit. Klo macam di Alfa bbrapa jatuhnya hanya body mist.,1899424659789189168,,markeucheoll,in,,0,2,0,https://x.com/undefined/status/1899424659789189168,16836324,,
1899356274615259391,Tue Mar 11 07:06:38 +0000 2025,0,baru nemu varian parfum refill yg enaakk yuhuu,1899356274615259391,,,in,,0,0,0,https://x.com/undefined/status/1899356274615259391,1737369351261708288,,
1899139698809045096,Mon Mar 10 22:14:27 +0000 2025,0,@pissfaiwy Parfum refill beb tapi wenak banget,1899222343140184556,,pissfaiwy,in,,0,0,0,https://x.com/undefined/status/1899222343140184556,1474984113463447555,,
1899203421783376080,Mon Mar 10 20:59:15 +0000 2025,0,rumah pacar gw kemalingan dan barang yang hilang di kamar dia adalah semua koleksi parfumnya itu (kecuali octarine) malingnya tauan aja parfum mahal. katanya udahlah besok2 beli refill parfum biasa aja. juga dia beberapa hari kemudian beli parfum harga ratusan ribu lagi,1899203421783376080,,,in,,0,0,0,https://x.com/undefined/status/1899203421783376080,132814136,,
1899191136499216722,Mon Mar 10 20:10:26 +0000 2025,0,gapernah dikasih suka sama parfum lokal bukan nya ga support lokal tapi lebih mirip parfum refill an dikasih botol bagus. note per note nya ga jelas transisi nya amburadul kecuali local niche ya itu mah w mau ,1899191136499216722,,,in,,0,0,0,https://x.com/undefined/status/1899191136499216722,607768204,,
1893642593784729711,Mon Mar 10 13:34:00 +0000 2025,0,@aIifbataa kalau kamu mau beli refill parfum di condet aku mau nitip satu dong! yang wangi gucci bloom ya. kamu habis ngapain kok bisa punya hutang budi? ,1899091369286586553,,aIifbataa,in,,0,1,0,https://x.com/undefined/status/1899091369286586553,2303355638,,
1899068156645384549,Mon Mar 10 12:01:46 +0000 2025,0,Parfum refill wangi stela jeruk,1899068156645384549,,,in,,0,0,0,https://x.com/undefined/status/1899068156645384549,1271000074634448896,,
1898978401886642294,Mon Mar 10 06:05:06 +0000 2025,1, guys tolong saranin parfum refill dong yang enak di-mix,1898978401886642294,,,in,,0,1,0,https://x.com/undefined/status/1898978401886642294,3543491593,,
1898917154919203204,Mon Mar 10 02:10:54 +0000 2025,0,@SaintyLady fakkk parfum gua dari sma ga ganti ganti anjay refill on top,1898919463300538628,,SaintyLady,in,,0,1,0,https://x.com/undefined/status/1898919463300538628,3557150899,,
1898763256015294481,Sun Mar 09 16:09:05 +0000 2025,0,@furiikawa Parfum refill ituuu wkwk,1898768011378770283,,d1aryawa,in,,0,1,0,https://x.com/undefined/status/1898768011378770283,1340253368032219136,,
1898759442726072646,Sun Mar 09 15:35:03 +0000 2025,0,parfum dah abiss rencana doang dari beberapa hari lalu mau refill tapi gajadi jadi suog,1898759442726072646,,,in,,0,0,0,https://x.com/undefined/status/1898759442726072646,1244996769479417856,,
1898685227779645731,Sun Mar 09 15:13:23 +0000 2025,0,@jogjamfs Sarankuu kamu ke maestro atau ke t4 parfum refill nder. Nanti uang mu 50rb atau under 50rb itu kamu buat beli parfum yg bibitt. Aku pernah beli di refill tuh yg wangi jasmine 30k full bibit,1898753991615647992,,jogjamfs,in,,0,0,0,https://x.com/undefined/status/1898753991615647992,1088783388499034112,,
1898740214039793943,Sun Mar 09 14:18:38 +0000 2025,5,kalo cari longevity beli aja parfum refillan pinggir jalan minta 2:1 cari yg scentnya vanilla/gourmand/oud 24 jam tembus parfum nih emang preferensi tiap org beda beda ada yg emg nyari scent-nya SPL-nya blending-nya transisi notes dll kalo cuma cari tahan lama ya refill aja,1898740214039793943,,,in,,0,3,0,https://x.com/undefined/status/1898740214039793943,1152116202648399872,,
1898524146239500343,Sun Mar 09 13:58:39 +0000 2025,0,@ukniversey1 ada sebenernya kak ak dlu pke parfum refill tahan bgtt cmn bosenn pengen coba suasana baruu,1898735186713649249,,ukniversey1,in,,0,1,0,https://x.com/undefined/status/1898735186713649249,2758561763,,
1898670248058146870,Sun Mar 09 13:02:17 +0000 2025,0,@habistenaga oh maestro sama urban tuh toko kah? tpi mending parfum refill apa beli body mist aja?,1898721000948482545,,dehidrqsi,in,,0,1,0,https://x.com/undefined/status/1898721000948482545,123492393,,
1898712261398810943,Sun Mar 09 12:27:34 +0000 2025,0,bener-bener gabisa maksain suka baunya hmns baunya kayak parfum refill,1898712261398810943,,,in,,0,1,0,https://x.com/undefined/status/1898712261398810943,1548921860741804034,,
1898707877705236811,Sun Mar 09 12:10:08 +0000 2025,0,Cek WAYS REFILL 1 LITER Parfum Sepatu Helm / Pewangi Sepatu Antibacterial 1L dengan harga Rp85.000. Dapatkan di Shopee sekarang! https://t.co/nNMlUwH3fM https://t.co/F3bnDs5JQ1,1898707877705236811,https://pbs.twimg.com/media/GlmQwJ4bIAAyiQd.jpg,,in,,0,0,0,https://x.com/undefined/status/1898707877705236811,1846622878328041472,,
1898696817287840086,Sun Mar 09 11:26:11 +0000 2025,0,Parfum alt uptown mirip wangi parfum refill tp lupa namanya apa,1898696817287840086,,,in,,0,1,0,https://x.com/undefined/status/1898696817287840086,1250228731,,
1898467678240838117,Sun Mar 09 06:47:37 +0000 2025,0,buttonscarves - colmar. wangi jasmine yang mature classy. ada tuberose. kalo orang sekarang bilang sih parfum kunti core yak i might get cancelled tapi entah kenapa di hidung gua mirip perfume refill yg pernah gua coba 3 tahun yg lalu maaf banget,1898626711341908187,,vediverome,in,,0,1,0,https://x.com/undefined/status/1898626711341908187,1227803952915214336,,
1898537887433679087,Sun Mar 09 06:10:35 +0000 2025,1,@crabshy Bener kak. Aku juga pake oriflame sumpah awet bgt. Apalagi metode yg marinasi parfum(?) makin awet. Dari sekian parfum aku coba sampai refill yg awet kata org. Oriflame ini doang yg dipuji org2 bahkan sampe ngechat nanyain parfum apa ,1898617393225830766,,crabshy,in,,0,0,0,https://x.com/undefined/status/1898617393225830766,1388617541510078466,,
1898614718186602921,Sun Mar 09 06:07:05 +0000 2025,0,dan keuntungan lainnya adalah wanginya itu ga pasaran kalau di tukang parfum refill sih kayanya ada ya satu dua tapi ga spesifik itu wangi varian apa dan ga semirip itu juga btw parfum buat cowonya ihhhhhhhhh ya Allah enak bgt sayangnya lebih mahal ,1898616510836314581,,askarasadara,in,,0,0,0,https://x.com/undefined/status/1898616510836314581,1002988475912634368,,
1898615140322332878,Sun Mar 09 06:01:38 +0000 2025,0,yuemes- infokan tempat refill parfum yang murah dong bess,1898615140322332878,,,in,,0,1,0,https://x.com/undefined/status/1898615140322332878,330231149,,
1898372155001471403,Sun Mar 09 04:03:02 +0000 2025,0,@ithinkshes blm nemu sih nder tapi coba parfum refill yg racik gtuu. bapakuu punya parfum dari situ wangi teh. gila dicuci pun masi nempel wanginyaaa tpi wanginya agak pusing sih soalnya kuat bgtt trs semerbak klau d ruangan AC. harganya nya jg under 100rb,1898585294502580236,,ithinkshes,in,,0,0,0,https://x.com/undefined/status/1898585294502580236,1666970706230509569,,
1898537887433679087,Sun Mar 09 02:46:54 +0000 2025,0,@crabshy parfum refill juga awet asal semprotnya banyak,1898566133667844184,,crabshy,in,,0,0,0,https://x.com/undefined/status/1898566133667844184,1685680375350370304,,
1884784822637498705,Sat Mar 08 22:17:11 +0000 2025,0,Update: Gratitude ternyata dry down nya enak temen aku bilang kayak kue. Emang Gratitude ni manis tp ga eneg seger jg tapi ga nyegrak. Awal nyemprot bakal darderdor kek parfum refill tapi lama-lama enak. Love-hate sama onix yg ini ,1898498258084987323,,willachiitra,in,,0,0,0,https://x.com/undefined/status/1898498258084987323,82597568,,
1898304737633562887,Sat Mar 08 09:28:12 +0000 2025,1,Guys kalian ada yg pakai parfum refill gak. Biasanya kalau beli online beli dimana dan varian apaaa.. minta sarannyaa dongg,1898304737633562887,,,in,,0,1,0,https://x.com/undefined/status/1898304737633562887,1302509322451128320,,
1898270621513191736,Sat Mar 08 07:12:38 +0000 2025,0,baru membeli parfum refill pink chiffon lagi pertama kali beli karena mau nyoba eh ternyata suka bgt wangi nya ,1898270621513191736,,,in,,0,1,1,https://x.com/undefined/status/1898270621513191736,1184630610293215232,,
1898218435857072489,Sat Mar 08 03:45:16 +0000 2025,4,Peralihan pertama kali dari parfum refill ke sebuah brand lokal langsung jatuh cinta sama Oliver nya Hambel. Sampe nyetok banyak. Nah dari sini lah petualangan eksplore parfum di mulai. Next masih ada Alchemist dan Make it yang jadi wishlist! https://t.co/yln3BFiPmK,1898218435857072489,https://pbs.twimg.com/media/GlfTlUnbwAE-LQe.jpg,,in,,0,2,1,https://x.com/undefined/status/1898218435857072489,1088810501797163008,,
1898022886167724527,Fri Mar 07 21:17:51 +0000 2025,0,@ohmy_beautybank Punten parfum refill mau join. Tapi serius walaupun refill wanginya enak bangettt. Manis dan fresh dari buah gitu ga bikin enek tapi tetep terkenang wanginya https://t.co/jHZwbrUShL,1898120938690158735,,ohmy_beautybank,in,,0,0,0,https://x.com/undefined/status/1898120938690158735,1220355288898793478,,
1898022014340022527,Fri Mar 07 14:44:46 +0000 2025,0,Cek Parfum Sepatu Anti Bacterial Formula Kemasan Jerigen Refill 1 Liter C dengan harga Rp25.000. Dapatkan di Shopee sekarang! https://t.co/1ST11zxGcO https://t.co/6Aksn7Nydv,1898022014340022527,https://pbs.twimg.com/media/Glcg9oFbYAAzPdG.jpg,,in,,0,0,0,https://x.com/undefined/status/1898022014340022527,1846622878328041472,,
1897960214550528261,Fri Mar 07 10:58:36 +0000 2025,0,Nama parfumnya aquakiss parfum refill gitu wkwk,1897965098792263761,,0X1CM,in,,1,0,1,https://x.com/undefined/status/1897965098792263761,980218305393803264,,
1897929067430920350,Fri Mar 07 08:35:26 +0000 2025,0,pls nyari wangi ini susah bgt ak ke tmpat refill parfum wanginya cm mirip ajaaa gk sama trs kmrn bu wid ga sengaja nyium parfumku yg dh abis itu n katanya punya wangi kek gt terus td dibawa DAN DIKASIH WOY SAMA BGT WANGINYA HUHUUUU LOP https://t.co/DILj6tdGFT,1897929067430920350,https://pbs.twimg.com/media/GlbMazIa0AAGzWj.jpg,,in,,0,0,0,https://x.com/undefined/status/1897929067430920350,1772447620193267712,,
1897853531618726144,Fri Mar 07 08:29:28 +0000 2025,1,@maslov___ Aku kemaren di Uchi parfum mas yg di Cicadas. lebih murah disitu ternyata kalo refill.,1897927565962363148,,maslov___,in,,0,0,0,https://x.com/undefined/status/1897927565962363148,1343582090814578688,,
1897853531618726144,Fri Mar 07 03:57:18 +0000 2025,0,@Rayjoseph69 wkwkwkk dulu mah masih pake parfum biasa deh belum pake yg refill gitu aku.,1897859075293221124,,Rayjoseph69,in,,0,1,0,https://x.com/undefined/status/1897859075293221124,1343582090814578688,,
1897853531618726144,Fri Mar 07 03:35:17 +0000 2025,22,Kemaren abis refill parfum terus minta dibanyakin konsentrasi minyak wanginya barusan pake dan beneran wangi banget. tipikal yang orangnya udah sejauh 1 km tapi wanginya masih ketinggalan.,1897853531618726144,,,in,,0,12,0,https://x.com/undefined/status/1897853531618726144,1343582090814578688,,
1897830661593206859,Fri Mar 07 02:37:33 +0000 2025,0,@juweirdd beli yang refill aja di toko parfum. itu wanginya bisa awet banget dan harganya juga murcee,1897839003556282867,,juweirdd,in,,0,1,0,https://x.com/undefined/status/1897839003556282867,1546123317689479168,,
1897829970644549785,Fri Mar 07 02:01:39 +0000 2025,0,Cek Botol parfum mini 5ml Tmpat parfum mini travel size botol Btol parfum refill/Btol parfum mini/Botol prfum prtable Mimi/ pcahan/Botol sray tavel sze/wadah parfum mini dengan harga Rp5.999. https://t.co/0umi6VqVzM https://t.co/h5ztyEHQSM,1897829970644549785,https://pbs.twimg.com/media/GlZyTN4bwAA7ShU.jpg,,in,,0,0,0,https://x.com/undefined/status/1897829970644549785,570774603,,
1897818490704154846,Fri Mar 07 01:16:02 +0000 2025,0,rekomendasi terbaik parfum refill yang wanginya tahan lama. Harganya lebih terjangkau dibanding parfum original https://t.co/NCK9uJCz8X,1897818490704154846,,,in,,0,0,0,https://x.com/undefined/status/1897818490704154846,1404018642,,
1897621906096103694,Thu Mar 06 12:22:01 +0000 2025,0,@ksjk9297 Salah beli botol gak si kamu kak? Ada botol Refill parfum yang lebih mudah soalnya,1897623701048496193,,ksjk9297,in,,0,1,0,https://x.com/undefined/status/1897623701048496193,1364933355607744514,,
1897303069383442853,Wed Mar 05 15:07:56 +0000 2025,0,Latest purchase dr parfum di atas 500 yg menurut gue gak worth it: Nct dream perfume (both var); they smell good but smells very cheap kayak parfum refill or parfum indo Alien objects yg wangi sabun2 ; first spray enak tp makin kelamaan wallahi pusing,1897303069383442853,,,in,,0,1,0,https://x.com/undefined/status/1897303069383442853,1419301725945556995,,
1897260741675434384,Wed Mar 05 14:40:50 +0000 2025,0,@acacialiceable Mauu kak kebetulan parfum aku habis dan lgi nyari referens parfum lain yg ada di ol shop (biasa beli di minimarket atw refill) semoga cocok dehh kalo cocok mngkin bakal langganan,1897296249273082047,,acacialiceable,in,,0,0,0,https://x.com/undefined/status/1897296249273082047,877965636,,
1897177886274281715,Wed Mar 05 10:07:06 +0000 2025,0,@skinlovelies akuu si parfum refill,1897227363244790110,,skinlovelies,in,,0,0,0,https://x.com/undefined/status/1897227363244790110,1166226541358927872,,
1897168417595253187,Wed Mar 05 06:12:53 +0000 2025,1,Tak cukup dengan size besar travel kit pun kita kena ada juga Selalunya kalau pergi travel i refill dalam botol 30ml yang old version. Tapi botol tu keras sikit susah nak tekan time guna. Sekarang @LaFlorHaircare dah ada new packaging dalam tube lagi senang! https://t.co/Aupamy5TpQ,1897168417595253187,https://pbs.twimg.com/media/GlQYnkBa4AIjDtj.jpg,,in,,0,2,2,https://x.com/undefined/status/1897168417595253187,239266720,,
1897001374552101072,Tue Mar 04 19:09:06 +0000 2025,0,Cek Refill Sachet Parfum Mobil 10 ml - Isi Ulang Parfum Gantung Apel dengan harga Rp2.900. Dapatkan di Shopee sekarang! https://t.co/YChjXQNJdX https://t.co/Uty6yW8Khc,1897001374552101072,https://pbs.twimg.com/media/GlOAso7a4Akd6yP.jpg,,in,,0,0,0,https://x.com/undefined/status/1897001374552101072,1846622878328041472,,
1896974881977458931,Tue Mar 04 17:23:50 +0000 2025,0,Cek Downy Premium Parfum Passion Pewangi Pelembut Pakaian Refill 1.35 l - Isi 2 dengan harga Rp183.600. Dapatkan di Shopee sekarang! https://t.co/GMV1CPAXPY https://t.co/A6sRh1KtlE,1896974881977458931,https://pbs.twimg.com/media/GlNomiYXwAE9zu4.jpg,,in,,0,0,0,https://x.com/undefined/status/1896974881977458931,1846622878328041472,,
1896917129254814069,Tue Mar 04 14:05:18 +0000 2025,2,@ohmy_beautybank parfum refill mau join donggg. wanginya enak bangettt. Manis dan fresh dari buah gitu ga bikin enek tapi tetep terkenang wanginya https://t.co/jHZwbrUShL,1896924918631280665,,ohmy_beautybank,in,,0,0,0,https://x.com/undefined/status/1896924918631280665,1220355288898793478,,
1896761904431083691,Tue Mar 04 03:19:49 +0000 2025,0,tapi BROK di ina mah malah kita kita ada yang sampe nyalon dulu luluran dulu semprot parfum udah kek sebotol refill parfum dulu banyak ritual nya cegil tuh sebelum ketemu idol nya bukan cuma mandi da mandi mah is a must gak sih? yakali nonton idol kaga mandi ,1896762478744486389,,haruhaven,in,,0,1,0,https://x.com/undefined/status/1896762478744486389,1291864629337972737,,
1896726917417668733,Tue Mar 04 01:09:01 +0000 2025,0,@amazeachoo Enggaaa asal jangan pilih yg ada notes vanilla atau yg terlalu manis aman deehh (aku biasanya kalo di parfum refill kaya lab aromatique atau metro req yg mirip gucci bloom),1896729559367893366,,amazeaac,in,,0,1,1,https://x.com/undefined/status/1896729559367893366,1889572313789767680,,
1895906760302759981,Tue Mar 04 01:05:34 +0000 2025,0,@nanis_nisaa Kalau outdoor sih better yang soft aja wanginya aku kalau outdoor pake lux parfum refill Kalau indoor aku pake itu karna baunya lumayan strong,1896728691579003281,,nanis_nisaa,in,,0,0,0,https://x.com/undefined/status/1896728691579003281,1613562490063065089,,
1896584047461323251,Mon Mar 03 15:30:48 +0000 2025,0,Aku kan pke parfum refill ya tapi kenapa wanginya itu ngga semerbak gtu wangi pas awal2 doang bahkan di aku nya juga kecium wangi di titik yg aku pake aja padahal wanginya enak,1896584047461323251,,,in,,0,3,0,https://x.com/undefined/status/1896584047461323251,1586907504386375680,,
1896456194270851408,Mon Mar 03 07:02:46 +0000 2025,0,I nak share something lagi best untuk malam ni sebenarnya. Untuk 3.3 @LaFlorHaircare launching refill pack 600ml! Boleh dapat 50% OFF malam ni je start 11pm untuk 30 orang terawal kat TikTok So alang-alang nak beli hair perfume borong shampoo sekali okay!,1896456197844480221,,anisaniesa,in,,1,0,0,https://x.com/undefined/status/1896456197844480221,239266720,,
1896352523059134625,Mon Mar 03 05:15:11 +0000 2025,0,@fullsunflakes06 klo parfum refill aku sukanya yang aqua kiss dia seger gituu,1896429122202820626,,fullsunflakes06,in,,0,1,0,https://x.com/undefined/status/1896429122202820626,1353379664341819392,,
1896352523059134625,Mon Mar 03 00:10:48 +0000 2025,0,guysss ada yang pake parfum refill gaa? deket kos ku ada yang baru opening mau nyobaa mumpung murah saranin dong kalau ada yang makeee,1896352523059134625,,,in,,0,2,0,https://x.com/undefined/status/1896352523059134625,1728314736524279808,,
1896032540856893860,Sun Mar 02 21:32:13 +0000 2025,2,@adkdict Klo prfum aku biasanya pke prfum yg Refill gtu sih kak smpe temenku klo nyender di bhuku blang gni Kmu wangi bgt pke prfum apa sih? pdahal slain parfum aku juga ngutamain pake tawas murni/batangan dan deodorant andalan ini baru nyoba pk sih u/ Deo ini tp bkl repurchase lagi https://t.co/kpJDf2FjNA,1896312615242170450,https://pbs.twimg.com/media/GlEORfYawAA4_ij.jpg,adkdict,in,,0,1,0,https://x.com/undefined/status/1896312615242170450,1137601013207068672,,
1896032540856893860,Sun Mar 02 14:57:37 +0000 2025,0,@adkdict Aku pake body mist miniso awet sih sajuah ini makenya tapi aku kadang juga make parfum refill dan ini lebih awet lagi sih,1896213308795195847,,adkdict,in,,0,1,0,https://x.com/undefined/status/1896213308795195847,1484326243344732160,,
1896032540856893860,Sun Mar 02 06:50:11 +0000 2025,8,@adkdict Aku pake dari teratu!! Asliii dia nahan bau keti bgt dia wanginya cuma dikittttttt aja jd buat gue ga ganggu trs gmpg kering dan dia bentukannya spray jd gada drama lengket atau bikin baju kuning. Dipake kerja dr pagi aman ajaaaaa. Kl parfum aku pake onix fwb sm parfum refill,1896090641949737450,,adkdict,in,,0,0,0,https://x.com/undefined/status/1896090641949737450,1265216866177310722,,
1896080683619242398,Sun Mar 02 06:10:37 +0000 2025,0,girlss kasih tau aku ada yg suka pakai parfum refill ga disini? Kalau iya biasanya pakai apa? atau ada rekomendasi gabungan parfum refill yg wanginya ga pasaran pls let me know! nama detail wangi dan rasionya,1896080683619242398,,,in,,0,0,0,https://x.com/undefined/status/1896080683619242398,1602583434890997760,,
1895972123749060629,Sat Mar 01 22:59:14 +0000 2025,0,nunggu toko parfum refill langganan di sopi buat nyetok jpg le beau paradise garden https://t.co/SFzK8OBUfT,1895972123749060629,https://pbs.twimg.com/tweet_video_thumb/Gk_Yl-qbQAIMacZ.jpg,,in,,0,0,0,https://x.com/undefined/status/1895972123749060629,164581616,,
1895487383140991304,Sat Mar 01 08:12:26 +0000 2025,0,@bstevrevr @beauthingy Gue juga udh curiga buzzer kak soalnya banyak mf pancingan gini wkwk pdhl ya...parfum refill aja loh ampe segitunya reviewnya ,1895748953792266547,,bstevrevr,in,,0,0,0,https://x.com/undefined/status/1895748953792266547,1386988707073331200,,
1895688813844054134,Sat Mar 01 04:13:28 +0000 2025,0,intinya adalah jgn pernah beli diffuser cebanan tapi kayanya gw mau ke toko parfum refill gw replace pake parfum yang di sono,1895688813844054134,,,in,,0,0,0,https://x.com/undefined/status/1895688813844054134,903466291993886720,,
1895582287225360724,Sat Mar 01 01:55:07 +0000 2025,0,@UGM_FESS aku pernah pake Evangeline yang zodiac awet. tapi karena aku cepet bosen sama parfum aku skrng beli parfum refill ukuran 15ml yang kaya di maestro dsb tapi pilih yg perbandingan 2:1 atau 3:1 biar awet wanginya,1895653998528798923,,UGM_FESS,in,,0,0,0,https://x.com/undefined/status/1895653998528798923,1889572313789767680,,
1895584018730746197,Fri Feb 28 21:26:03 +0000 2025,0,@escibidi Atau custom di tukang parfum refill wkwk,1895586284745392632,,escibidi,in,,0,0,0,https://x.com/undefined/status/1895586284745392632,1048927364497911809,,
1895384728439751163,Fri Feb 28 08:05:08 +0000 2025,0,Cek Downy Premium Parfum Passion Pewangi Pelembut Pakaian Refill 1.35 l - Isi 3 dengan harga Rp142.800. Dapatkan di Shopee sekarang! https://t.co/QlE1154oA5 https://t.co/RiLskyiVoG,1895384728439751163,https://pbs.twimg.com/media/Gk3CXbFagAAZ0kz.jpg,,in,,0,0,0,https://x.com/undefined/status/1895384728439751163,1846622878328041472,,
1895384468267176082,Fri Feb 28 08:04:06 +0000 2025,0,Cek Downy Premium Parfum Passion Pewangi Pelembut Pakaian Refill 1.35 l - Isi 2 dengan harga Rp109.600. Dapatkan di Shopee sekarang! https://t.co/gLXUMvijg4 https://t.co/MIahFqGn4K,1895384468267176082,https://pbs.twimg.com/media/Gk3CINrXYAAaoPj.jpg,,in,,0,0,0,https://x.com/undefined/status/1895384468267176082,1846622878328041472,,
1895071059956666728,Thu Feb 27 12:28:00 +0000 2025,0,@ohmy_beautybank Parfum refill mau join dong kak‍↕️ https://t.co/jHZwbrUShL,1895088495225675916,,ohmy_beautybank,in,,0,0,0,https://x.com/undefined/status/1895088495225675916,1220355288898793478,,
1894997090704728149,Thu Feb 27 06:30:40 +0000 2025,0,@bywway Aku pake parfum refill di oren nder lumayan tahan lama sih,1894998569305956574,,bywway,in,,0,1,0,https://x.com/undefined/status/1894998569305956574,1800521334746992640,,
1894753999343264027,Wed Feb 26 14:18:50 +0000 2025,0,Beli parfum di toko online dengan judul aroma yg sama ternyata agak lebih kecut dari yg biasa beli di abang2 refill. Eh kata adek baunya kayak permen kaki Tapi aku sukaaa (dan meng-gaslight diri biar suka soalnya sayang udah beli yg agak mahal masa gak dipake).,1894753999343264027,,,in,,0,0,0,https://x.com/undefined/status/1894753999343264027,1819058375453560832,,
1894701750038475162,Wed Feb 26 12:50:51 +0000 2025,0,@jjslhs_ RedZara tapi lebih ke manis sih kalo Eros dia powdery. Atau kalo mau yang lebih strong parfum refill Ana Abyadh lebih setipe sama si Eros ini. https://t.co/5ayBEnk3Qs,1894731855242617063,https://pbs.twimg.com/media/GktwlKZWQAA4Ul-.jpg,jjslhs_,in,,0,1,0,https://x.com/undefined/status/1894731855242617063,1550862652012118016,,
1894724745515393030,Wed Feb 26 12:22:36 +0000 2025,0,Aromanya meninggalkan jejak ini rekomendasi parfum refill buat pria. Salah satunya ada parfum Adidas Sport https://t.co/lpmG0bQhX7,1894724745515393030,,,in,,0,0,0,https://x.com/undefined/status/1894724745515393030,1404018642,,
1894691102902620245,Wed Feb 26 10:08:55 +0000 2025,0,Cek Parfum refill 50ml terlaris murah best seller dengan harga Rp14.600. Dapatkan di Shopee sekarang! https://t.co/BnNWPgBdTR https://t.co/8gTeZjDvXd,1894691102902620245,https://pbs.twimg.com/media/GktLgdRb0AAbP9D.jpg,,in,,0,0,0,https://x.com/undefined/status/1894691102902620245,1881842403096829952,,
1894670816329236589,Wed Feb 26 08:48:18 +0000 2025,0,Aku nemu promo menarik di Lazada nih. Yuk coba lihat! Nama Produk: Dispenser Parfum Pengharum Ruangan Otomatis Alat Stella Matic + refill Harga Produk: Rp66.499 Harga Diskon: Rp63.830 | https://t.co/EpaIy75g3M,1894670816329236589,,,in,,0,0,0,https://x.com/undefined/status/1894670816329236589,1733417658815750144,,
1894519680465080762,Wed Feb 26 08:01:37 +0000 2025,0,@aaditbagas Eskulin cologne gel iklan cherrybelle kalau ada uang saku sisa lebih ya beli casablanca kadang iseng beli parfum refill 1ml= 1.000 beli 10ml aja wkwk,1894659068264157330,,aaditbagas,in,,0,0,0,https://x.com/undefined/status/1894659068264157330,1257994548615114754,,
1894653458919088561,Wed Feb 26 07:39:20 +0000 2025,0,Rekomendasi parfum refill untuk pria dan wanita yang paling laris diburu di Ponorogo. Aroma segar wangi tahan lama dengan harga bersahabat. https://t.co/t4ok2K1VSx,1894653458919088561,,,in,,0,0,0,https://x.com/undefined/status/1894653458919088561,1404018642,,
1894350250200240450,Wed Feb 26 02:06:36 +0000 2025,0,@dyasaputrii Ini emg wajib punya! Enak kalau refill parfum tinggal masukkin tas krna kecill,1894569726422233088,,dyasaputrii,in,,0,0,0,https://x.com/undefined/status/1894569726422233088,295488003,,
1894564623355138217,Wed Feb 26 01:46:20 +0000 2025,0,Cek Parfum Refill Pria Wanita 100ml dengan harga Rp3.990. Dapatkan di Shopee sekarang! https://t.co/XOpQBROW2b https://t.co/AJJACbJLnh,1894564623355138217,https://pbs.twimg.com/media/GkrYe-NbkAI8PJv.jpg,,in,,0,0,0,https://x.com/undefined/status/1894564623355138217,1881842403096829952,,
1894551822100247003,Wed Feb 26 00:58:11 +0000 2025,0,beli parfum refill aja gue mikirnya berkali-kali ,1894552506514145781,,markfapsi,in,,0,0,0,https://x.com/undefined/status/1894552506514145781,989791961333706752,,
1894519680465080762,Tue Feb 25 23:23:35 +0000 2025,0,@aaditbagas Aku mah apa atuh cuma pake parfum refill harga 10rb-an,1894528700642988238,,aaditbagas,in,,0,1,0,https://x.com/undefined/status/1894528700642988238,1801978714672267264,,
1894342040772657258,Tue Feb 25 11:05:42 +0000 2025,0,@ohmy_beautybank Punten parfum refill mau join. Tapi serius walaupun refill wanginya enak bangettt. Manis dan fresh dari buah gitu ga bikin enek tapi tetep terkenang wanginya https://t.co/jHZwbrUShL,1894343005999697975,,ohmy_beautybank,in,,0,0,0,https://x.com/undefined/status/1894343005999697975,1220355288898793478,,
1894295948794499504,Tue Feb 25 07:58:43 +0000 2025,0,GUYS buat kalian mahasiswa/i jogja khususnya yg dket ISI YK HATI HATI KLO ADA ORANG NAWARIN PARFUM Kalo bisa langsung tolak Ada 2 ibu - ibu sekitar umur 40-50an yang keliling jalan kaki nawarin pafrum refill ke kos kos dengan harga 150K dan gw kena https://t.co/5Xi3vmPcOS,1894295948794499504,https://pbs.twimg.com/media/GknkIESbEAAqkCI.jpg,,in,,0,1,0,https://x.com/undefined/status/1894295948794499504,1653297685406027776,,
1893642593784729711,Tue Feb 25 05:14:14 +0000 2025,0,@aIifbataa halo alif! kamu yang punya toko refill parfum di bekasih itu kan? yang terkenal sama black opium bekasinya.,1894254557167063204,,aIifbataa,in,,0,1,0,https://x.com/undefined/status/1894254557167063204,2303355638,,
1894238851243163958,Tue Feb 25 04:22:14 +0000 2025,0,@Jejeyyyyz kalo suka yang flowery bisa coba mykonos enchanted atau mine perfumery ethereal thermal. kalo mau parfum refill kenzo bali (wanginya unisex) ysl lhomme ysl paris,1894241471601283223,,Jejeyyyyz,in,,0,1,0,https://x.com/undefined/status/1894241471601283223,1548577080748564480,,
1894212308018368982,Tue Feb 25 02:26:21 +0000 2025,0,Stella orang betawi condet guys beneran aku pernah mergokin dia di Evi Parfum lagi refill parfum Malaikat Subuh,1894212308018368982,,,in,,0,1,0,https://x.com/undefined/status/1894212308018368982,1257744326639017984,,
1894082789877694815,Mon Feb 24 17:51:42 +0000 2025,0,Adek buka pintu kamar trs blg bau melati abis itu ditutup lg ga jd masuk. Maaf lg akhir bulan blm bs beli refill matic pengharum ruangan jd pake parfum melati,1894082789877694815,,,in,,0,2,0,https://x.com/undefined/status/1894082789877694815,1883822283451740160,,
1893920249705009600,Mon Feb 24 07:05:49 +0000 2025,0,guys yang pake parfum refill kasih rekomen dong,1893920249705009600,,,in,,0,2,0,https://x.com/undefined/status/1893920249705009600,1742990725812555776,,
1892860100689457623,Mon Feb 24 01:41:38 +0000 2025,0,@RealMulyono Aku beli yang series awal beli 2 full bottles. Wanginya nge-dupes parfum lain si jadi kaya refill parfum Kalo performanya lumayan oke dibaju beneran ninggalin wangi.,1893838664125263973,,RealMulyono,in,,0,1,0,https://x.com/undefined/status/1893838664125263973,1048285054294609920,,
1892749092947734914,Sun Feb 23 23:50:38 +0000 2025,0,@Project1945 Aku pengen banget menang parfum ini karena vibenya Indonesia banget! Mereka parfum bukan sekadar refill. Nama nya juga terinspirasi dan membawa elemen Indonesia banget kayak Sunset in Sumba itu misal foreigners baca aja pasti penasaran keindahan sunset di sana.,1893810730656260224,,Project1945,in,,0,1,0,https://x.com/undefined/status/1893810730656260224,1301114539832827904,,
1893631583095054553,Sun Feb 23 11:58:46 +0000 2025,0,pertama kali beli parfum di tukang refill surprisingly mirippp,1893631583095054553,,,in,,0,2,0,https://x.com/undefined/status/1893631583095054553,1867865247392083968,,
1893618870344130681,Sun Feb 23 11:10:01 +0000 2025,0,@Eriinelyxion Ke toko parfum refill kak mnta tolong dibukain trus sekalian mnta ganti botolnya paling bayar buat biaya ganti botol aja,1893619314986557702,,Eriinelyxion,in,,0,1,0,https://x.com/undefined/status/1893619314986557702,1042450146,,
1893612981948215402,Sun Feb 23 10:44:51 +0000 2025,0,mau samaan tapi aku masih mampunya parfum refill gak papa kan.. https://t.co/hDknqKgDMC,1893612981948215402,https://pbs.twimg.com/amplify_video_thumb/1893457038690394114/img/68oVbGSswZ4vwhOr.jpg,,in,,0,0,0,https://x.com/undefined/status/1893612981948215402,999853125258248192,,
1893210444690546882,Sun Feb 23 10:11:28 +0000 2025,0,@tanyarlfes Ada yg bisa kasih saran parfum lokal (bibit/refill) yg wanginya dupe charlie white revlon? Sender suka bgt parfum ini tp makin kesini bau alkoholnya nyegrak bgt.,1893604580023230577,,tanyarlfes,in,,0,0,0,https://x.com/undefined/status/1893604580023230577,1204070577079631873,,
1893584376648106066,Sun Feb 23 08:51:11 +0000 2025,0,ini enak dan so far wangi yang tipe gua banget tuh begini tapi di gua ga tahan lamaaaa berakhir memakai parfum refill di depan rumah atau parfum laundry,1893584376648106066,,,in,,0,0,0,https://x.com/undefined/status/1893584376648106066,1807962480964259840,,
1893210444690546882,Sun Feb 23 01:18:40 +0000 2025,0,@__streetstill @tanyarlfes Parfum refill non alkohol itu kak yang Avril,1893470497100210424,,__streetstill,in,,0,1,0,https://x.com/undefined/status/1893470497100210424,1096989934555033600,,
1893335692236718212,Sat Feb 22 16:23:00 +0000 2025,0,Guys ada yang tau parfum yang mirip wanginya sama musk by lilian ashley satin yang ini? Refill boleh local brand boleh atau yang branded juga bolehh sedih banget yang ini udah susah banget nyarinya padahal wanginya enak banget https://t.co/jW9xEJI2tC,1893335692236718212,https://pbs.twimg.com/media/GkZ6xsPaoAI2DcW.jpg,,in,,0,0,0,https://x.com/undefined/status/1893335692236718212,2954992056,,
1893295380453789902,Sat Feb 22 13:42:49 +0000 2025,0,Kok bisa orang2 pake parfum Indomaret pd aweeettttt?????? Gue berangkat naik tj trs nyampe kampus wuuusshhh gada kecium tuh parfum. Endingnya balik lg parfum refill or miniso,1893295380453789902,,,in,,0,1,0,https://x.com/undefined/status/1893295380453789902,1516458189461811201,,
1893293554002272305,Sat Feb 22 13:35:33 +0000 2025,0,Love parfum Libre meskipun pake parfum refill udah berasa wangi Dua Lipa,1893293554002272305,,,in,,0,0,0,https://x.com/undefined/status/1893293554002272305,73326170,,
1891298323706863794,Fri Feb 21 14:36:31 +0000 2025,0,3. Botol parfum mini refill 5ml https://t.co/zoXFxm96Cc Buat yang parfumnya segede gaban bisa banget pake ini jadi tinggal isi dan bisa dipakai selama 2 harian untuk travelling juga cucook,1892946507940220982,,Kelincigila10,in,,0,0,0,https://x.com/undefined/status/1892946507940220982,1791048469035237377,,
1892925332904345749,Fri Feb 21 14:26:16 +0000 2025,0,@einafeets kalo parfum refill gini biasanya berapaan ya kakk?,1892943929550774394,,stillfunnierr,in,,0,1,0,https://x.com/undefined/status/1892943929550774394,1301227469383462912,,
1892941792485449978,Fri Feb 21 14:17:47 +0000 2025,1,mauuu juga tapi versi parfum refill!! aku bosen pake wangi pink chiffon teruuus mau coba wangi baruuuu,1892941792485449978,,,in,,0,0,0,https://x.com/undefined/status/1892941792485449978,1338467534756933632,,
1892931521637429307,Fri Feb 21 13:52:51 +0000 2025,0,@ohmy_beautybank Punten parfum refill mau join. Tapi serius walaupun refill wanginya enak bangettt. Manis dan fresh dari buah gitu ga bikin enek tapi tetep terkenang wanginya https://t.co/jHZwbrUksd,1892935517852828061,,ohmy_beautybank,in,,0,0,0,https://x.com/undefined/status/1892935517852828061,1220355288898793478,,
1892898218758824397,Fri Feb 21 12:17:04 +0000 2025,0,@ohmy_beautybank Masih juara tuh parfum refill dari In Parfume sih kalo aku nder ,1892911413678723358,,ohmy_beautybank,in,,0,0,0,https://x.com/undefined/status/1892911413678723358,144764103,,
1892430569075614078,Fri Feb 21 09:36:15 +0000 2025,0,@arteleis adaaa! parfum refill forever night wanginyaaa enakk kaya semangka + shampoo segerr https://t.co/LOvqzO1PrD,1892870944604999853,,arteleis,in,,0,0,0,https://x.com/undefined/status/1892870944604999853,1412711921569071105,,
1892809839749059050,Fri Feb 21 08:10:13 +0000 2025,1,@4kryst2cool ini dia yg punya toko refill parfum condet ,1892849292676882692,,4kryst2cool,in,,0,1,0,https://x.com/undefined/status/1892849292676882692,1830206786290454528,,
1892803731181142359,Fri Feb 21 05:09:10 +0000 2025,0,Iseng beli parfum refill ternyata kok wangi kayanya bakal beralih deh,1892803731181142359,,,in,,0,0,0,https://x.com/undefined/status/1892803731181142359,1800521334746992640,,
1892597610076086590,Fri Feb 21 04:01:24 +0000 2025,0,@orchidpoison Lagi seneng pake parfum refill dr in Parfume nder ,1892786674293481555,,orchidpoison,in,,0,0,0,https://x.com/undefined/status/1892786674293481555,144764103,,
1892760076135649341,Fri Feb 21 03:31:45 +0000 2025,0,@vousnavozey @szzidney Aku belinya di offstore refill kak istana parfum,1892779213314544057,,vousnavozey,in,,0,0,0,https://x.com/undefined/status/1892779213314544057,1387851354735972354,,
1892757423657480681,Fri Feb 21 03:16:52 +0000 2025,0,@tanyarlfes Iyaaa cuma body mist sii sama kadang bawa parfum refill gitu atau saffnco yg xocolatl sama loui,1892775469935685893,,tanyarlfes,in,,0,0,0,https://x.com/undefined/status/1892775469935685893,1435445516,,
1892430569075614078,Fri Feb 21 02:07:03 +0000 2025,0,@arteleis @nerilyn__ Yg mirip itu ada parfum Refill d&amp;g li'imperatrice kak kalo mau lokal ada Mykonos pink beach note nya mereka sama² semangka cuma Mykonos lebih bold https://t.co/ZHCmQVw32E,1892757900650541444,https://pbs.twimg.com/media/GkRtR32WEAAapVq.jpg,arteleis,in,,0,1,0,https://x.com/undefined/status/1892757900650541444,1570718303974494212,,
1892626516032307513,Thu Feb 20 17:24:59 +0000 2025,0,Yaa maaf deh kalo gua sukanya beli parfum refill tapi gua kalo lagi ada duit beli yg asli kok. dengan catatan sesuai budget gua hehe ,1892626516032307513,,,in,,0,0,0,https://x.com/undefined/status/1892626516032307513,1682934391654486017,,
1892430569075614078,Thu Feb 20 16:14:36 +0000 2025,0,@arteleis Gw pernah belii parfum refill tapi,1892608804119846957,,arteleis,in,,0,0,0,https://x.com/undefined/status/1892608804119846957,1639240266333949952,,
1892575297956151637,Thu Feb 20 14:41:57 +0000 2025,82,@nebo_ola kalo mau alternatifnya beli aja di refill an kak minta parfum bau anggur gitu aku jg punya baunya kayak permen sugus yg anggur itu,1892585486222323926,,nebo_ola,in,,0,3,0,https://x.com/undefined/status/1892585486222323926,1316734332283756545,,
1892564827844862341,Thu Feb 20 13:20:55 +0000 2025,0,Pasaran iya. Tapi blendnya enak banget buseh ga kaya parfum refill Alkoholnya masih mayan lah ya 50k buat 30ml standar lah ya seharga octarine,1892565095244279865,,chikimwing,in,,0,0,0,https://x.com/undefined/status/1892565095244279865,1420719491768406023,,
1892515801472663638,Thu Feb 20 10:05:02 +0000 2025,0,jir gua disuruh refill parfum ke innparfum keinget ke sono sama doni dia udh sampe depan abangnya bukannya pesen malah ngechat gw ini gw harus apa ,1892515801472663638,,,in,,0,0,0,https://x.com/undefined/status/1892515801472663638,1026024233741123584,,
1892453290601853151,Thu Feb 20 06:05:36 +0000 2025,1,@laudesnotlordes hemm cobain parfum pinkberry nder wangi berry gt kalo menurutku enak ga nyengat terus kalem cantik manis gitu kesannya. biasa aku kalo butuh cepet sih beli refill di refill namanya red berry sama aja wanginya lebih tahan lama karena murni gapake tambahan lain lain,1892455542901145899,,laudesnotlordes,in,,0,0,0,https://x.com/undefined/status/1892455542901145899,1088651711151927296,,
1892253291452760307,Wed Feb 19 16:41:55 +0000 2025,1,aku langganan parfum refill non alkohol 20ml nya 32k ada banyak varian yg udah pernah kucoba. so far so good kadang minta tester ke tokonya biar next beli ganti varian,1892253291452760307,,,in,,0,0,0,https://x.com/undefined/status/1892253291452760307,1184355642,,
1892230215293603847,Wed Feb 19 16:32:31 +0000 2025,3,@tanyarlfes parfum isi ulang romantic wish. dah berkali2 refill ini. karena baunya enak manis seger. ga ganti karena tiap mau ganti hidungku berasa ga bisa mencium perbedaan aroma parfum yg lain,1892250924560667129,,tanyarlfes,in,,0,1,0,https://x.com/undefined/status/1892250924560667129,1009043702747021313,,
1892230215293603847,Wed Feb 19 15:18:36 +0000 2025,1,@tanyarlfes Sekarang pakai Kahf Hitam dan Miniso yang Urban Traveler untuk acara. Kalau untuk daily pake parfum2 dari braven walaupun harus sering respray tapi paling masuk di kantong. Oiya ada yang tau toko parfum refill yang oke kah? Kalau ada bisa sharing:),1892232321878692085,,tanyarlfes,in,,0,3,0,https://x.com/undefined/status/1892232321878692085,2231310583,,
1892202852627722471,Wed Feb 19 13:21:30 +0000 2025,0,Anjir ya punya ide buka toko online parfum refill kalo ga dicatet suka lupa2an mau konsepnya gmn ,1892202852627722471,,,in,,0,0,0,https://x.com/undefined/status/1892202852627722471,1535414806706266113,,
1892172781741056260,Wed Feb 19 11:22:00 +0000 2025,0,Aku nemu promo menarik d/ Parfum Wanita All Varian / JL 1/ BABY PURE / GARDENIA/ LOVE SARAH/ Laundry Refill 500 ml/ PARFUM WANITA SOFT DAN ANGGUN/UM WANITA TAHAN LAMA / Harga Produk: Rp76.579 Harga Diskon: Rp58.907 | https://t.co/z94M3OuLVw,1892172781741056260,,,in,,0,0,0,https://x.com/undefined/status/1892172781741056260,1866795009661603840,,
1892166504466252220,Wed Feb 19 11:17:13 +0000 2025,0,@yeonmicasa iya wkwkwk. lgi bucin parfum lokal. biasanya parfum refill doang,1892171576323494006,,yeonmicasa,in,,0,1,0,https://x.com/undefined/status/1892171576323494006,1156212333103812610,,
1892107894545334293,Wed Feb 19 09:24:28 +0000 2025,0,@aamaster_ Isinya parfum refill 2ml,1892143203559891444,,aamaster_,in,,0,1,0,https://x.com/undefined/status/1892143203559891444,395783025,,
1892107894545334293,Wed Feb 19 09:06:00 +0000 2025,1,@awantirtawan Isinya parfum refill mas,1892138555452915782,,awantirtawan,in,,0,0,0,https://x.com/undefined/status/1892138555452915782,395783025,,
1889779003130556811,Wed Feb 12 20:49:59 +0000 2025,0,liat qrt pada pake ipad n brand high end semua nih orang pada kerja apaan yak i yg pake parfum refill abang² sama bedak marcks mundur teratur,1889779003130556811,,,in,,0,0,0,https://x.com/undefined/status/1889779003130556811,1170111372689997829,,
1889648484745195826,Wed Feb 12 12:30:51 +0000 2025,0,@ohmy_beautybank Yang caru parfum refill bisa coba ini walaupun refill wanginya enak bangettt. Manis dan fresh dari buah gitu ga bikin enek tapi tetep terkenang wanginya https://t.co/jHZwbrUksd,1889653391883743501,,ohmy_beautybank,in,,0,0,0,https://x.com/undefined/status/1889653391883743501,1220355288898793478,,
1889646343397740747,Wed Feb 12 12:22:08 +0000 2025,1,BOTOL REFILL. setiap konseran selalu bawa botol parfum refill gini biar parfumnya gak disita under 10Ribu terus kalau mau ngisi juga gampang ga akan tumpah-tumpah. from this to this: https://t.co/WemTLTaKAC,1889651197314728100,https://pbs.twimg.com/media/GjljvjlaIAE8fGS.jpg,queerisy,in,,0,1,0,https://x.com/undefined/status/1889651197314728100,4891527996,,
1889315290682396807,Tue Feb 11 14:50:27 +0000 2025,0,@youronlyev tergantung wangi nya gimana kak tpi aku sebagai pengguna saff n co dan pernah pake parfum refill. menurutku bau parfum refill tuh dari awal sampe drydown tetep sama sedangkan saff n co dia beda mulai dari top notes gitu gituu,1889326134774600069,,yourenoughjema,in,,0,0,0,https://x.com/undefined/status/1889326134774600069,1087513418729369600,,
1888944804639260988,Tue Feb 11 12:35:16 +0000 2025,0,@convomf Parfum Refill yg pramugari gue jualan dan beberapa kali di notice pembeli gue wkwk,1889292115131445412,,convomf,in,,0,0,0,https://x.com/undefined/status/1889292115131445412,1586907504386375680,,
1889280686949101908,Tue Feb 11 11:49:51 +0000 2025,6,guys yang disurabaya tinggal nya deket TP ada kah? aku mau minta tolong titip beliin parfum arab deket TP 1 itu parfum refill tapi enak banget spl nya manteb kalo ada yang mau nolongin pleaseee let me kno,1889280686949101908,,,in,,1,1,0,https://x.com/undefined/status/1889280686949101908,1650889859459080192,,
1889141829662298470,Tue Feb 11 11:31:02 +0000 2025,0,@hwidrogen aku pake parfum refill,1889275950501855241,,hwidrogen,in,,0,0,0,https://x.com/undefined/status/1889275950501855241,1597108500865245185,,
1889188822484681006,Tue Feb 11 05:44:49 +0000 2025,0,Usaha Parfum Refill Peluang dan Persiapan yang Dilakukan https://t.co/cEPwALxPEm,1889188822484681006,,,in,,0,0,0,https://x.com/undefined/status/1889188822484681006,239873274,,
1889172600699642035,Tue Feb 11 04:40:21 +0000 2025,0,info tempat parfum refill yang jual bibit murah area tembalang-banyumanik dong,1889172600699642035,,,in,,0,1,0,https://x.com/undefined/status/1889172600699642035,4408842215,,
1888945775691825652,Mon Feb 10 13:39:02 +0000 2025,0,Rekomendasi parfum refill untuk laki yang memiliki aroma segar dan tahan lama ada parfum refill Shop Black Musk salah satunya https://t.co/jAbOpsZMv1,1888945775691825652,,,in,,0,0,0,https://x.com/undefined/status/1888945775691825652,1404018642,,
1888843300116852945,Mon Feb 10 06:51:50 +0000 2025,0,girls! Kalian ada yang tau wangi parfum yang mirip²body lotion iswhite? Atau kalo parfum refill nama aroma nya apa ya? Terimakasih! ‍️ https://t.co/La4fiUz8vP,1888843300116852945,https://pbs.twimg.com/media/GjaElL0agAEI5Mv.jpg,,in,,0,0,0,https://x.com/undefined/status/1888843300116852945,1579329578723856385,,
1888836906081042834,Mon Feb 10 06:45:55 +0000 2025,0,@womanfeeds_id Parfum reefill ini!!! Serius deh walaupun refill wanginya enak bangettt. Manis dan fresh dari buah gitu ga bikin enek tapi tetep terkenang wanginya https://t.co/jHZwbrUShL,1888841812133224839,,womanfeeds_id,in,,0,0,0,https://x.com/undefined/status/1888841812133224839,1220355288898793478,,
1888819528270069999,Mon Feb 10 05:17:22 +0000 2025,0,Kamu pecinta parfum refill tapi malas beli offline? Ga usah khawatir sekarang bisa beli di online lho. Link shopee: https://t.co/C4elqstmqm https://t.co/Gopp99T8ji,1888819528270069999,https://pbs.twimg.com/media/GjZvWYGbYAEQGDE.jpg,,in,,0,0,0,https://x.com/undefined/status/1888819528270069999,1319258650595131392,,
1888643393729003950,Sun Feb 09 17:37:30 +0000 2025,0,50 ml mereka bisa jual 100-150 an padahal di toko parfum refill paling 50-70 an. Botol sama spray kualitasnya sama.,1888643400427295028,,narendrawegik,in,,0,1,0,https://x.com/undefined/status/1888643400427295028,1088373935245123584,,
1888643393729003950,Sun Feb 09 17:37:29 +0000 2025,2,Mendingan pikir ulang buat beli parfum brand lokalmu itu. Sebagian besar cuma rebranding parfum refill dan dijual dengan harga ga masuk akal di ukurannya. Mending beli di toko parfum refill. Larisin toko parfum umkm yg masih bertahan itu (ga tokoku tok wkwk).,1888643393729003950,,,in,,0,1,0,https://x.com/undefined/status/1888643393729003950,1088373935245123584,,
1887895215983534409,Sun Feb 09 14:20:13 +0000 2025,0,@Thinkaboutzee7 aku pake parfum refill aku pake yg avril lavigne. banyak yg nanya pake parfum apa dan ada yg ikut2an beli. wanginya awet + enak,1888593753260310686,,Thinkaboutzee7,in,,0,0,0,https://x.com/undefined/status/1888593753260310686,981750518153277441,,
1887895215983534409,Sun Feb 09 13:22:30 +0000 2025,0,@Thinkaboutzee7 tergantung mood kadang giorgio armani my way salvatore ferragamo misteriosa hmns aroma 02/unpatched/unrosed/darker shade of o kadang body mist marina kadang parfum refill. Seringnya kispray ungu,1888579225063723142,,Thinkaboutzee7,in,,0,0,0,https://x.com/undefined/status/1888579225063723142,285425933,,
1888255206686859485,Sun Feb 09 05:40:20 +0000 2025,0,@SayRamdhan Tapi ini wangi banget kak nggak betah aku kayak minum parfum refill wkwkwkw,1888462917278077309,,SayRamdhan,in,,0,1,0,https://x.com/undefined/status/1888462917278077309,2716404854,,
1888411545098752077,Sun Feb 09 02:16:11 +0000 2025,0,Cek Parfum Mobil Refill 115ml Car Air Freshener dengan harga Rp6.800. Dapatkan di Shopee sekarang! https://t.co/O90gqWymKd https://t.co/xKs35sxoSz,1888411545098752077,https://pbs.twimg.com/media/GjT8St1aQAAaW3K.jpg,,in,,0,0,0,https://x.com/undefined/status/1888411545098752077,391491528,,
1887895215983534409,Sun Feb 09 01:18:43 +0000 2025,0,@Thinkaboutzee7 kl buat sehari pke parfum refill yg 50rban doang kl buat centil centilan pke jpg scandal,1888397079447589074,,Thinkaboutzee7,in,,0,0,0,https://x.com/undefined/status/1888397079447589074,1119463154142990336,,
1888366350076436759,Sat Feb 08 23:16:36 +0000 2025,0,lagi refill parfum 10ml terus tumpah nyesek bgt soalnya sisa dikit mana mau konser,1888366350076436759,,,in,,0,0,0,https://x.com/undefined/status/1888366350076436759,2274041060,,
1887895215983534409,Sat Feb 08 18:30:43 +0000 2025,14,@Thinkaboutzee7 tergantung occasion/mood pengen wangi apa formal/mau centil: coach floral casual: onix gratitude gym: parfum refill (gatau apa dikasih polosan) di rumah + hair mist: geamoore dream baby,1888294406073328073,,Thinkaboutzee7,in,,0,0,0,https://x.com/undefined/status/1888294406073328073,536419566,,
1888222557532270681,Sat Feb 08 14:16:00 +0000 2025,0,@tanyakanrl cb ke tempat refill parfum gitu nder tanya yg wanginya mirip salep ituu,1888230302566486524,,tanyakanrl,in,,0,0,0,https://x.com/undefined/status/1888230302566486524,1278184425906307072,,
1888018364926493004,Sat Feb 08 00:29:18 +0000 2025,0,Satu hari satu pelajaran hidup. Pelajaran bahwa sebuah vitamin eceran bisa menjadi sebuah kemewahan. Parfum Refill bisa jadi sebuah hal yang hanya bisa dibeli satu kali seumur hidup. Pelajaran bahwa pilihan dalam menjalani hidup itu sendiri adalah sebuah kemewahan.,1888022257991303202,,solmifado,in,,0,0,0,https://x.com/undefined/status/1888022257991303202,1573183756617142272,,
1887842014924013831,Fri Feb 07 22:09:04 +0000 2025,0,@immadoe biasa make parfum refill agak syok gue mad liat harganya wkwkwkwkwkwk,1887986967268442246,,immadoe,in,,0,1,0,https://x.com/undefined/status/1887986967268442246,1237018106314149889,,
1887754424111796665,Fri Feb 07 06:45:33 +0000 2025,0,Botol Parfum Mini Travel Isi Ulang Refill Cek harga : https://t.co/7KkNH4fm9A https://t.co/TkAvL9jnTK,1887754556966379654,https://pbs.twimg.com/ext_tw_video_thumb/1887754538658242563/pu/img/mhGlRx5s9czzt0or.jpg,Goes_Brand,in,,0,1,0,https://x.com/undefined/status/1887754556966379654,1652963644119056385,,
1887481032745619827,Thu Feb 06 12:57:51 +0000 2025,0,@ohmy_beautybank Punten parfum refill mau join. Tapi serius walaupun refill wanginya enak bangettt. Manis dan fresh dari buah gitu ga bikin enek tapi tetep terkenang wanginya https://t.co/jHZwbrUShL,1887485858783297682,,ohmy_beautybank,in,,0,0,0,https://x.com/undefined/status/1887485858783297682,1220355288898793478,,
1887418182085783759,Thu Feb 06 10:19:30 +0000 2025,0,@archiveofblues deo gatau ya cocok cocokan. parfum pake parfum refill dr inparfume bandung yg varian prada paradox wkwkwk ini udah approved sama org org kantor aku krn dr pagi sampe jam 9 malem masih dblg wangi,1887446011175403754,,archiveofblues,in,,0,0,0,https://x.com/undefined/status/1887446011175403754,1542379754363297792,,
1887358025297764371,Thu Feb 06 05:45:39 +0000 2025,0,@thefirstsnowxx di itc kuningan ada yg oke parfum refill gini masih di area lantai yg deket lobby kok. deket perhiasan2 tokonya,1887377094205972516,,thefirstsnowxx,in,,0,0,0,https://x.com/undefined/status/1887377094205972516,1878065318423330816,,
1887358025297764371,Thu Feb 06 04:29:53 +0000 2025,0,di mana beli parfum inspired atau refill yang mirip banget sama burberry her?,1887358025297764371,,,in,,0,1,0,https://x.com/undefined/status/1887358025297764371,1761471062066544640,,
1887289475501596937,Wed Feb 05 23:57:29 +0000 2025,0,Cek PEACH - Botol Parfum Refill 5ML / Bottle Spray Aluminium / Wadah Tempat Body Spray Isi Ulang / Bottle Spray Alumunium https://t.co/wj9vozQtv4 https://t.co/58KQAQXJOj,1887289475501596937,https://pbs.twimg.com/media/GjD_xrtbIAAURlJ.jpg,,in,,0,0,0,https://x.com/undefined/status/1887289475501596937,1699708266090315776,,
1887288624145903942,Wed Feb 05 23:55:16 +0000 2025,0,bukan ga mampu beli tapi kadang parfum lokal udah edp pun kadang ga tahan lama kalo refill kadang tahan bisa berhari hari,1887288916551794833,,scarllottaca,in,,0,0,0,https://x.com/undefined/status/1887288916551794833,1599931566100447235,,
1886989641326456840,Wed Feb 05 06:50:30 +0000 2025,0,@ciptiann Syukur anda ketemu org pakai vanilla/oud wood disiang bolong jgn sampe ketemu org pake parfum refill merk baccarat nying,1887031024120684821,,ciptiann,in,,0,1,0,https://x.com/undefined/status/1887031024120684821,1425804905550290944,,
1887002445555097758,Wed Feb 05 04:56:56 +0000 2025,0,Cek Refill Sachet Parfum Mobil 10 ml - Isi Ulang Parfum Gantung Apel - Refill Botol Apel dengan harga Rp2.450. Dapatkan di Shopee sekarang! https://t.co/kDxuSoww86 https://t.co/OqRjQUtxs6,1887002445555097758,https://pbs.twimg.com/media/Gi_6uVfa0AAqWBF.jpg,,in,,0,0,0,https://x.com/undefined/status/1887002445555097758,1846622878328041472,,
1887002308149699002,Wed Feb 05 04:56:23 +0000 2025,0,Cek RURY - REFILL PARFUM MOBIL PEWANGI MOBIL 500ML- Refill Parfum Botol Apel - isi Ulang Parfum Mobil dengan harga Rp35.000. Dapatkan di Shopee sekarang! https://t.co/PtQiq9xIRC https://t.co/6mz8Z1RtF0,1887002308149699002,https://pbs.twimg.com/media/Gi_6mTya4AAYCJg.jpg,,in,,0,0,0,https://x.com/undefined/status/1887002308149699002,1846622878328041472,,
1885353972413981087,Sat Feb 01 22:22:55 +0000 2025,0,@therdorong AKU PERNAH BELI PARFUM DI MINISO karna ada diskon waktu itu tapi aku gatau itu parfum apaan HAHAH cuma ya enak enak aja sih wanginya! kalo yang refill refill parfum gt suka ada di mall bagus ga sih kk? gapernah aku tapi kepo. ish pantes lho kalau kk lewat wanginya keluar.,1885816125101134046,,therdorong,in,,0,0,0,https://x.com/undefined/status/1885816125101134046,735632390131974144,,
1885632000683331876,Sat Feb 01 10:11:16 +0000 2025,0,df bayar yay or nay? harga aslinya brp? biasanya aku pke parfum refill soalnya https://t.co/DPuRhO9Wgm,1885632000683331876,https://pbs.twimg.com/media/GiscT4BWEAAQ9iL.jpg,,in,,0,0,0,https://x.com/undefined/status/1885632000683331876,1816814779815878656,,
1885420126918644147,Fri Jan 31 20:09:22 +0000 2025,1,andai yang dagang parfum di selokan mataram seganteng ini tiap hari gue jabanin refill parfum di sana https://t.co/2UCtRTjLxq,1885420126918644147,https://pbs.twimg.com/media/GipbnGybAAAwxS2.jpg,,in,,0,0,0,https://x.com/undefined/status/1885420126918644147,1387369507182632961,,
1885171743742165127,Fri Jan 31 03:45:18 +0000 2025,0,@cloudjoonz Setauku kasablanka sih wkwk soalnya mamaku pake itu tiap mau keluar tapi msh wangi. Atau coba² beli parfum yg suka bisa di refill deh biasanya itu awet wanginya,1885172479100063959,,cloudjoonz,in,,0,1,0,https://x.com/undefined/status/1885172479100063959,1369159317199360004,,
1884994739310882961,Thu Jan 30 15:59:02 +0000 2025,0,dari kemaren aku jd gampang nangis perihal refill parfum yg ga sesuai skrng akun ipusnas gabisa dibuka ya allah tolongg :((,1884994739310882961,,,in,,0,0,0,https://x.com/undefined/status/1884994739310882961,1215926643459411968,,
1884924597415383326,Thu Jan 30 11:36:17 +0000 2025,4,@tanyarlfes Ga bisa wkwk aku pernah dulu ngetes kang parfum Refill ada parfum ini ga? Coba tebak parfum apa ga ada yg sama wkwk aku dulu kasih tunjuk parfum eskulin Cinderella aku masukin botol kaca cantik gitu,1884928616804536471,,tanyarlfes,in,,0,0,0,https://x.com/undefined/status/1884928616804536471,1570718303974494212,,
1884616415254302917,Thu Jan 30 07:23:06 +0000 2025,0,@BosPurwa @gibran_tweet Omongan kamu kaya parfum refill wangi tapi palsu. Semuanya selalu salah di mata kamu Terus apa yg sdh kau sumbangkan utk Negara ,1884864903997259844,,BosPurwa,in,,0,0,0,https://x.com/undefined/status/1884864903997259844,1659438502348722176,,
1884629019662115104,Wed Jan 29 15:45:47 +0000 2025,0,he's a 10 tapi pake parfum baccarat refill yg bikin puyeng ,1884629019662115104,,,in,,0,0,0,https://x.com/undefined/status/1884629019662115104,1308704702280867841,,
1884573733106618686,Wed Jan 29 12:06:06 +0000 2025,0,sedih bgt aku refill parfum padahal namanya sama tapi wanginya beda jauh ,1884573733106618686,,,in,,0,0,0,https://x.com/undefined/status/1884573733106618686,1215926643459411968,,
1884320002163266037,Tue Jan 28 19:17:52 +0000 2025,0,gue tiba tiba keinget pernah suka sm cowo waktu sma trs biar gue banyak interaksi sama dia gue rela beli parfum jualan dia mana mahal banget 100k gue 3 ato 4 kali refill dan itung sendiri berapa duit yg gue habiskan wkwk mana masih sma kan duitnya pas pasan bulol bgt,1884320002163266037,,,in,,1,0,0,https://x.com/undefined/status/1884320002163266037,1649032975848460289,,
1884178367840137453,Tue Jan 28 16:18:54 +0000 2025,1,@18fesss Zara Orchid refresh banget Parfum refill - Yellow Amber juga enak (tp aku suka campur hint soap/switsal biar agak soft? Atau aroma musky and wood ke galeri parfum lebih leluasa milih dan tanya rekomendasi sih,1884274965241098528,,18fesss,in,,0,0,1,https://x.com/undefined/status/1884274965241098528,1776251614942437376,,
1884178367840137453,Tue Jan 28 11:09:31 +0000 2025,14,@18fesss Parfum refill ..minta yg wangi Victoria secret - Bombshell Selena Gomez Yellow Amber Aqua di gio Lady Issey Lady Clinique Woman Bvlgari Aqua Marine Cobain satu2 nti pilih mana yg masup men suami kau,1884197107420258612,,18fesss,in,,0,0,1,https://x.com/undefined/status/1884197107420258612,1561980858764238848,,
1884050722406424798,Tue Jan 28 01:36:41 +0000 2025,0,@Liliaceeae @moontouur ini keknya ke inparfum beli refill buat diminum dah ntu parfum ketikan orang mabok,1884052946293510488,,Liliaceeae,in,,0,2,0,https://x.com/undefined/status/1884052946293510488,1197034738336190467,,
1884032508628717599,Tue Jan 28 00:15:28 +0000 2025,0,beneran wangi bgt njir semriwing trs bau nya juga ga yg parfum refill,1884032508628717599,,,in,,0,0,0,https://x.com/undefined/status/1884032508628717599,3253781880,,
1883856982487994703,Mon Jan 27 17:02:52 +0000 2025,0,@ohmy_beautybank aku refill parfum huhuu,1883923641630662857,,ohmy_beautybank,in,,0,0,0,https://x.com/undefined/status/1883923641630662857,1692908009545187328,,
1883856982487994703,Mon Jan 27 16:35:03 +0000 2025,0,@ohmy_beautybank Parfum yg mahal emg awet tapi parfum refill enakk bisa semprot sepuas hati,1883916643291873601,,ohmy_beautybank,in,,0,0,0,https://x.com/undefined/status/1883916643291873601,1839893939467497473,,
1883856982487994703,Mon Jan 27 15:06:22 +0000 2025,0,@ohmy_beautybank kata gua beli parfum aja di tempat yg bisa refill gitu awet bgt wanginya,1883894324930441313,,ohmy_beautybank,in,,0,1,0,https://x.com/undefined/status/1883894324930441313,1014734910572015616,,
1883881804601626993,Mon Jan 27 14:16:37 +0000 2025,0,ada yg pake tempat refill parfum ini gak https://t.co/y1kXS1rPbb,1883881804601626993,https://pbs.twimg.com/media/GiTkg2Rb0AAUYT-.jpg,,in,,0,4,0,https://x.com/undefined/status/1883881804601626993,1492837167202447360,,
1881942482348589263,Wed Jan 22 05:50:27 +0000 2025,0,Cek Refill Isi Ulang Parfum 100ml Unisex dengan harga Rp4.950. Dapatkan di Shopee sekarang! https://t.co/1BW55L6YZY https://t.co/qw2rbxI8af,1881942482348589263,https://pbs.twimg.com/media/Gh4AtPFagAANJGf.jpg,,in,,0,0,0,https://x.com/undefined/status/1881942482348589263,1846622878328041472,,
1881308694169985394,Mon Jan 20 11:52:00 +0000 2025,0,Axl black hmns parfum refill pinggir jalan,1881308694169985394,,,in,,0,2,0,https://x.com/undefined/status/1881308694169985394,1567537972983242752,,
1881251396869365974,Mon Jan 20 08:04:19 +0000 2025,0,Kalian wajib punya botol refill parfum yg kecil bgt itu buat dibawa kemana-mana. Biar wangi setiap saat.,1881251396869365974,,,in,,1,0,0,https://x.com/undefined/status/1881251396869365974,945369956,,
1881172414970945981,Mon Jan 20 02:50:28 +0000 2025,0,Cek Tmpat parfum mini/Btol parfum refill/Btol parfum mini/Botol prfum prtable Mimi/Tempat parfum/Tmpat parfum mini/Parfum mini 5ml botol/ Btol parfume mini/Refill parfum/Parfum btol pcahan/Botol sray tavel sze/wadah parfum mini/tempat isi ulang parfum https://t.co/8j9O7zWiYj https://t.co/QeCEDa2ki5,1881172414970945981,https://pbs.twimg.com/media/GhtEVs6agAAs_tf.jpg,,in,,0,0,0,https://x.com/undefined/status/1881172414970945981,361807186,,
1880460179839336799,Sat Jan 18 23:59:31 +0000 2025,0,@UGM_FESS gvcci bloom tapi aku beli versi parfum yg refill gitu nah ini mirip sama mykonos yang warna putih,1880767005718106601,,UGM_FESS,in,,0,0,0,https://x.com/undefined/status/1880767005718106601,1391580856725086216,,
1880141808933417214,Sat Jan 18 23:26:58 +0000 2025,0,@txtfrompiranha @tanyakanrl parfumku parfum refill jadi minder dikit,1880758811180614032,,txtfrompiranha,in,,0,1,0,https://x.com/undefined/status/1880758811180614032,1207134630622584833,,
1880525495697395820,Sat Jan 18 07:59:51 +0000 2025,0,Temukan 1 LITER REFILL Parfum Kopi Bali Multiguna / Pengharum Pewangi Sepatu Helm Jaket Lemari Ruangan Mobil seharga Rp26.000. Dapatkan sekarang juga di Shopee! https://t.co/ny0S5jv9ZW,1880525495697395820,,,in,,0,0,0,https://x.com/undefined/status/1880525495697395820,1846622878328041472,,
1880165838294229091,Fri Jan 17 08:11:48 +0000 2025,0,Kalo prinsip gue mending beli parfum ori murah yg nge dupe parfum2 mahal daripada beli parfum refill yang baunya linear aja,1880166117660070005,,Dimas_P_N,in,,0,1,0,https://x.com/undefined/status/1880166117660070005,593424782,,
1880162676128817581,Fri Jan 17 07:58:08 +0000 2025,0,Ril balik lagi ke mulegh buat refill parfum yang gue pikir ga bakal gue refill lagi,1880162678112686591,,Monmondede,in,,0,0,0,https://x.com/undefined/status/1880162678112686591,1281438697737449473,,
1880121320672788848,Fri Jan 17 05:13:48 +0000 2025,0,-dips! serius nanya kl di refill parfum itu 50% bibit + 50% alkohol sm 65% bibit + 35% alkohol lebi strong dan tahan lama yg mana,1880121320672788848,,,in,,0,0,0,https://x.com/undefined/status/1880121320672788848,1212593816630251520,,
1880086450579898635,Fri Jan 17 02:55:14 +0000 2025,4,-ness infokan refill parfum yang murah sekitar unnes,1880086450579898635,,,in,,0,4,0,https://x.com/undefined/status/1880086450579898635,2642629536,,
1879936020961218787,Thu Jan 16 16:57:29 +0000 2025,4,most of my fav adalah a thousand wishes nya bbw karna wanginya kaya mewwwah bgt manis tp seger jg+lumayan tahan lama cm agak pricey si ya jd better beli pas sale aja wakkak tp kl skg lg pake parfum refill romantic wish (seger buah gt wanginya enakk),1879936020961218787,,,in,,0,0,0,https://x.com/undefined/status/1879936020961218787,1478684567913394176,,
1879892831378280890,Thu Jan 16 16:09:54 +0000 2025,0,@polarisminoris ga harus si ja menurutku dulu aku pernah pake parfum refill 20k an jg org2 pada nanya parfum ku apa wkwkwk. kataku si yg penting kalo pake parfum tuh di titik nadi,1879924045791338746,,polarisminoris,in,,0,0,0,https://x.com/undefined/status/1879924045791338746,765648991,,
1879779045707272345,Thu Jan 16 06:33:43 +0000 2025,0,parfum refill ternyata wanginya awet bgt to baru tau,1879779045707272345,,,in,,0,0,0,https://x.com/undefined/status/1879779045707272345,1107139789872988160,,
1879721835258118527,Thu Jan 16 02:51:56 +0000 2025,0,@unicornqie Mau cumbu bocah parfum black opium refill ya?,1879723230166221237,,unicornqie,in,,0,0,0,https://x.com/undefined/status/1879723230166221237,1260967267354857473,,
1877914467524080042,Sat Jan 11 05:04:32 +0000 2025,0,@iamyourdinda @ohmy_beautybank dari yg aku perhatiin di tukang parfum refill jg pake botol yg gampang bisa diputer gt aja sih sedangkan kalo keluaran pabrik emg ada mesin untuk press tutup botolnya. tapi coba aja tanya nder siapa tau ada alatnya di mereka,1877944660523676068,,iamyourdinda,in,,0,0,0,https://x.com/undefined/status/1877944660523676068,2322375925,,
1877534784064467038,Fri Jan 10 01:55:50 +0000 2025,0,aku kemaren dapet tester gt pas beli facewash enakk bjir parfumnya tp nyari di toko refill parfum ada ga ya.. https://t.co/1A18ZoMqFv,1877534784064467038,https://pbs.twimg.com/media/Gg5X73maMAIOvR5.jpg,,in,,0,2,0,https://x.com/undefined/status/1877534784064467038,1437302787478462464,,
1877534375606210951,Fri Jan 10 01:54:12 +0000 2025,0,Masih belum bisa berhenti dari beli tester parfum udah paling bener ke toko parfum Refill buat nyiumin semua wanginya kali ini biar gak boncos wkwk Tapi sejauh ini beli tester juga yang parfum lokal terus sih.,1877534375606210951,,,in,,0,0,0,https://x.com/undefined/status/1877534375606210951,1522714222051921927,,
1877383269345309070,Thu Jan 09 15:53:46 +0000 2025,0,Aku jg beli mlen!!! Sama refill parfum ku yg endulita itu,1877383269345309070,,,in,,0,0,0,https://x.com/undefined/status/1877383269345309070,1208324683080163334,,
1877362213305884999,Thu Jan 09 14:30:06 +0000 2025,0,yang bilang parfum mahal atau yang murah ga ada yang awet apa? apa kalian ga pernah coba parfum refill? selain bisa custom mereka juga kadang punya yang mirip parfum mahal loh?,1877362213305884999,,,in,,0,0,0,https://x.com/undefined/status/1877362213305884999,1513476888752132101,,
1877353531629302129,Thu Jan 09 13:55:36 +0000 2025,0,Nah ini orang slalu klaim parfum ori = mahal = awet. Padahal y ga juga. Nyokap gue dibeliin parfum 500k+ ngeluh baunya lewat doang. Lbih milih parfum refill 80k an. Produksi minyak kulit bodylotion jenis kain pakaian (katun sutra poliester) itu ngaruh banget ke parfum.,1877353531629302129,,,in,,0,1,0,https://x.com/undefined/status/1877353531629302129,1608894045493030912,,
1877322702555361596,Thu Jan 09 12:03:16 +0000 2025,3,@ohmy_beautybank Punten parfum refill mau join. Tapi serius walaupun refill wanginya enak bangettt. Manis dan fresh dari buah gitu ga bikin enek tapi tetep terkenang wanginya https://t.co/jHZwbrUksd,1877325262834073670,,ohmy_beautybank,in,,0,0,1,https://x.com/undefined/status/1877325262834073670,1220355288898793478,,
1877051017579069460,Wed Jan 08 17:55:52 +0000 2025,0,alternatif lain ya.. beli parfum refill aja udah. Heroes parfum tuh dia bisa bikin 'dupe' wangi yg kamu mau tinggal bawa botolnya aja.,1877051608627851724,,marshwalow,in,,0,0,0,https://x.com/undefined/status/1877051608627851724,1197914733485015046,,
1877050663856697639,Wed Jan 08 17:54:05 +0000 2025,0,Ini pun tempat refillnya gak milih-milih soalnya cuma bisa milih wangi parfumnya aja saya gak sejago itu buat judging quality bedanya apa. Tapi longevity parfum refill blm ada yg ngalahin so far meski udah coba beberapa parfum lokal. Paling deket extraitnya Saff n Co deh ,1877051161334718893,,nananafyou,in,,0,0,0,https://x.com/undefined/status/1877051161334718893,1255796787933138946,,
1877050663856697639,Wed Jan 08 17:52:06 +0000 2025,0,Sebagai manusia pelit (dan actually jarang pake parfum karena sejarang itu keluar rumah) yg paling win-win emang parfum refill kalo jago milih dan udah punya patokan note favorite aman-aman aja gak nyemprot di jaket dan cuma kena dari baju aja itu jaket bisa wangi 3-5 hari,1877050663856697639,,,in,,0,1,0,https://x.com/undefined/status/1877050663856697639,1255796787933138946,,
1877031217423397325,Wed Jan 08 16:34:50 +0000 2025,0,ah parfum refill gue 30rb seminggu ga ilang wanginya ga bau alkohol lagi ,1877031217423397325,,,in,,0,0,0,https://x.com/undefined/status/1877031217423397325,1382115154804936704,,
1876981614745460963,Wed Jan 08 13:17:44 +0000 2025,0,Cek (30 KTK PLSTK) PARFUM REFILL ISI ULANG 30 ML.DENGAN BOTOL PLASTIK KULITAS PREMIUM.HARGA TERMURAH. dengan harga Rp3.500. Dapatkan di Shopee sekarang! https://t.co/k2zOECtXtH https://t.co/eHnDRy3uZW,1876981614745460963,https://pbs.twimg.com/media/Ggxg1OrbAAAGBt-.jpg,,in,,0,0,0,https://x.com/undefined/status/1876981614745460963,1570213637780017155,,
1876976662316822730,Wed Jan 08 12:58:03 +0000 2025,0,Cek Scandlous bs2 (Parfume Inspired Refill Ami Ali Parfum's) dengan harga Rp35.000. Dapatkan di Shopee sekarang! https://t.co/iJmcjdquhV https://t.co/nvEARENp0j,1876976662316822730,https://pbs.twimg.com/media/GgxcU7Za0AAYRyO.jpg,,in,,0,0,0,https://x.com/undefined/status/1876976662316822730,1570213637780017155,,
1876976637440401613,Wed Jan 08 12:57:57 +0000 2025,0,Cek ( KHUSUS BOTOL KOTAK / 35ML ) Refill Sc Parfum Bandung 35ML dengan harga Rp25.999. Dapatkan di Shopee sekarang! https://t.co/0mrx9mPIp8 https://t.co/4HZWiCHIp7,1876976637440401613,https://pbs.twimg.com/media/GgxcTg9bwAArOes.jpg,,in,,0,0,0,https://x.com/undefined/status/1876976637440401613,1570213637780017155,,
1876976324268445808,Wed Jan 08 12:56:42 +0000 2025,0,Cek Collector Parfum - TESTER parfum refill bandung dengan harga Rp9.399. Dapatkan di Shopee sekarang! https://t.co/gZEfhqOsLV https://t.co/ZeXdRQvot2,1876976324268445808,https://pbs.twimg.com/media/GgxcBQgaYAA5-r6.jpg,,in,,0,0,0,https://x.com/undefined/status/1876976324268445808,1570213637780017155,,
1876974780366131690,Wed Jan 08 12:50:34 +0000 2025,0,Cek ( KHUSUS 35ML ) Refill Parfum Bandung - Sc Parfum dengan harga Rp23.199. Dapatkan di Shopee sekarang! https://t.co/Vz6nOhbuTY https://t.co/pZ8eR3zYJd,1876974780366131690,https://pbs.twimg.com/media/GgxanXaagAE7Noy.jpg,,in,,0,0,0,https://x.com/undefined/status/1876974780366131690,1570213637780017155,,
1876973135645286678,Wed Jan 08 12:44:02 +0000 2025,0,Cek ( KHUSUS BOTOL DRAT/ PUTAR ) Inspired Parfum Refill - Sc Parfum 15ML 35ML 60ML 100ML dengan harga Rp44.999. Dapatkan di Shopee sekarang! https://t.co/xs27cBauMz https://t.co/BONZVWruiV,1876973135645286678,https://pbs.twimg.com/media/GgxZHo_akAAkC8e.jpg,,in,,0,0,0,https://x.com/undefined/status/1876973135645286678,1570213637780017155,,
1876960285027713346,Wed Jan 08 11:55:15 +0000 2025,0,beberapa parfum refill bahkan lebih awet daripada beberapa parfum mahal yg lu bilang ada harga ada kualitas itu,1876960858619716081,,depthtoyou,in,,0,0,0,https://x.com/undefined/status/1876960858619716081,1054359394060689408,,
1876833668276129802,Wed Jan 08 05:12:39 +0000 2025,1,@overdossist Makanya gabisa kalo diukur pake standar tahan lama kalo standarnya notes yg ga nyegrak dan berlayer itu masih masuk. Karena brand parfum lokal/parfum refill masih sulit buat bikin parfum yg tiap notesnya nyatu dan ga nyegrak/tajem sekaligus bisa awet,1876859542362898563,,overdossist,in,,0,1,0,https://x.com/undefined/status/1876859542362898563,957565378258862080,,
1935447932846883251,Wed Jun 18 21:22:00 +0000 2025,0,Cek Deodorant Tawas Spray by ARUNA | Aroma Black Opium | Deodorant Spray Anti Bau Badan Ampuh Mengatasi Bau Burket / anti bau ketiak jenifer coppen vivelle tosca sakura ketekin tawas 60 ml dengan harga Rp9.750. Dapatkan di Shopee sekarang! https://t.co/HM4jxGFJoI https://t.co/TKFyCThqRS,1935447932846883251,https://pbs.twimg.com/media/GtwXo2_XsAAtmrf.jpg,,in,,0,0,0,https://x.com/undefined/status/1935447932846883251,973077666,,
1935298103311233464,Wed Jun 18 11:49:28 +0000 2025,0,@goodlucksofea @Szindorehq @szindorw Sedative tu dupe for black opium kan? sebab pernah bau memang hampir sama. ,1935303850585637358,,goodlucksofea,in,,0,1,0,https://x.com/undefined/status/1935303850585637358,784563177849753600,,
1935225203497550321,Wed Jun 18 06:36:57 +0000 2025,0,Turun harga lagii nangiss bangett promo lazada! harga diskon + potongan 50% cek lagii disini : 2PCS body serum https://t.co/c6so0Zm5Jp black Opium https://t.co/S2xTelVO1u orange Blossom https://t.co/QqMzD9HHc8 body wash https://t.co/hvvn7OjKmB https://t.co/WT0ZHTRvsn,1935225203497550321,https://pbs.twimg.com/media/GttNEOwaQAIpqtA.jpg,,in,,0,0,0,https://x.com/undefined/status/1935225203497550321,3312246380,,
1935220213210894344,Wed Jun 18 06:17:08 +0000 2025,3,Tunachukua order za Black Opium tukifanya delivery asap. ️Call/WhatsApp - 0711904064 https://t.co/lHUXE2kL8H,1935220213210894344,https://pbs.twimg.com/media/GttIhtAXkAERYI8.jpg,,in,,0,0,2,https://x.com/undefined/status/1935220213210894344,807236302408220673,,
1934540941177860493,Wed Jun 18 03:04:52 +0000 2025,0,@SFTProtocol @MimboNode CCvs7WVuJEr1qSFhL9AcYpGfVGPHgoRVPQJP9ctJddrS,1935171827942203885,,SFTProtocol,in,,0,0,0,https://x.com/undefined/status/1935171827942203885,1270270620979224577,,
1934943320679366661,Wed Jun 18 02:50:40 +0000 2025,1,@Khusnulany jkt M34 tinggi 179cm (dijamin 11+ ) parfum fav. aroma Black Opium **menunggu sambil jaga lilin,1935168257503404531,,Khusnulany,in,,0,0,0,https://x.com/undefined/status/1935168257503404531,1902218051548016642,,
1934887016443072621,Tue Jun 17 08:13:07 +0000 2025,0,salam nak beli black opium ysl september ni ameen,1934887016443072621,,,in,,0,0,0,https://x.com/undefined/status/1934887016443072621,599831542,,
1934834337146601812,Tue Jun 17 04:43:48 +0000 2025,0,Penasaraaan sama wanginya ih soalnya suka sm bau black opium ,1934834337146601812,,,in,,0,0,0,https://x.com/undefined/status/1934834337146601812,1470474753349599238,,
1934834316930072648,Tue Jun 17 04:43:43 +0000 2025,0,orang paling ganggu jatuh kepada org yang pake black opium di siang bolong LAGI ENAK ENAK MAKAN MALAH NYIUM PERFUME LU YG SEMERBAK GAJELAS ITU,1934834316930072648,,,in,,0,0,0,https://x.com/undefined/status/1934834316930072648,1565950228162703360,,
1934819038959685756,Tue Jun 17 03:43:00 +0000 2025,0,parfum yang wanginya kaya sabun grace and glow black opium ada ga sih,1934819038959685756,,,in,,0,0,0,https://x.com/undefined/status/1934819038959685756,1257048131734171648,,
1934638724115206630,Mon Jun 16 15:46:30 +0000 2025,0,Black opium. Tapi lupa punya nya siapa.,1934638724115206630,,,in,,0,0,0,https://x.com/undefined/status/1934638724115206630,1878581295703625728,,
1934619988096401431,Mon Jun 16 15:44:28 +0000 2025,0,@Kecebongggggggg black opium kan jenisnya banyak ada yang emang buat cewe dan emang unisex lebih mantep coba dari YSL yang LVDP series deh hehehe terutama tuxedo gacor parah,1934638214024990990,,Kecebongggggggg,in,,0,1,0,https://x.com/undefined/status/1934638214024990990,1605366483374116864,,
1934619988096401431,Mon Jun 16 15:02:03 +0000 2025,0,@Kecebongggggggg unisex bang tapi gue suka banget sm black opium tu,1934627537357050139,,Kecebongggggggg,in,,0,1,0,https://x.com/undefined/status/1934627537357050139,1913782826119667712,,
1934619988096401431,Mon Jun 16 14:32:03 +0000 2025,1,emg black opium buat cewe ya?,1934619988096401431,,,in,,0,5,0,https://x.com/undefined/status/1934619988096401431,1717278306700320768,,
1933786708145053712,Mon Jun 16 07:59:48 +0000 2025,0,@Atitty_ @solpotcom CCvs7WVuJEr1qSFhL9AcYpGfVGPHgoRVPQJP9ctJddrS,1934521277340856519,,Atitty_,in,,0,0,0,https://x.com/undefined/status/1934521277340856519,1270270620979224577,,
1934503189812068498,Mon Jun 16 06:47:56 +0000 2025,0,promo lazada Lavojoy turun harga Harga diskon voucher 30% tambah potongan koin Cek disini : Body Serum Instant Tone Up https://t.co/0OmiWyOxsO Orange Blossom Body Serum https://t.co/Q6wrW7k7rs BLACK OPIUM https://t.co/pEjT9tPisY yg bingung gimana cek pin https://t.co/I85Y0KbMtO,1934503189812068498,https://pbs.twimg.com/media/Gti8Zd_bYAA9Awp.jpg,,in,,0,0,0,https://x.com/undefined/status/1934503189812068498,3312246380,,
1934252092840980676,Sun Jun 15 14:12:12 +0000 2025,0,@tanyarlfes wangi black opium sih nder mau yg panas panasan ujan ujanan tetep enak,1934252606362407193,,tanyarlfes,in,,0,0,0,https://x.com/undefined/status/1934252606362407193,1879382449937166336,,
1934201770647118068,Sun Jun 15 11:22:22 +0000 2025,1,@abhrtg Evangeline black opium atau yang baby nder awet sampai 8 jam https://t.co/kCGGKIDMoS,1934209865091805391,,abhrtg,in,,0,0,0,https://x.com/undefined/status/1934209865091805391,1524573484612919296,,
1934122946190262563,Sun Jun 15 05:36:59 +0000 2025,0,yang mau langsung cek link di bawah ya BPOM JEUNE FEN Black Opium Collagen Body Lotion Menutrisi Melembabkan Mencerahkan Kulit 400 ml Pencerah Hand Tubuh Tangan Pria dan wanita https://t.co/bJmks6AG52,1934122946190262563,,,in,,0,0,0,https://x.com/undefined/status/1934122946190262563,1719670472437374976,,
1933832108084261327,Sat Jun 14 10:37:41 +0000 2025,0,@shoariety black opium sih,1933836233542885722,,shoariety,in,,0,0,0,https://x.com/undefined/status/1933836233542885722,1575778020706902017,,
1933782757571764615,Sat Jun 14 07:05:12 +0000 2025,3,preloved hadalabo strip pink 30k primer pixy jarang dipake 30k ampoule skin 1004 55ml sisa segitu 45k parfum savin edt black opium 50ml 40k lok undip bawah -dips! https://t.co/qw6IsLbdpX,1933782757571764615,https://pbs.twimg.com/media/GtYtK4tWMAE5RMv.jpg,,in,,0,3,0,https://x.com/undefined/status/1933782757571764615,1212593816630251520,,
1933732165831045237,Sat Jun 14 03:44:09 +0000 2025,1,WTS WANT TO SALE lavojoy let it glow body serum brightening ganti alamat di shopee harga 30k ada bar black opium summertrain sama body serum biasa isi 180 ml mt after DM #zonauang️ㅤㅤㅤㅤㅤ https://t.co/OHmRRP3oTR,1933732165831045237,https://pbs.twimg.com/media/GtX_JbQbMAAVNfh.jpg,,in,,0,1,0,https://x.com/undefined/status/1933732165831045237,1377099793130954757,,
1912061461280801143,Sat Jun 14 00:36:56 +0000 2025,0,@axsahh @ithinkshes chno itu dupenya black opium ysl kak biasanya ada di toko parfum bibit. atau parfumnya la rive yg touch of women dia 60ribuan dapet 30 ml.,1933685049960116538,,axsahh,in,,0,0,0,https://x.com/undefined/status/1933685049960116538,1406964988908953605,,
1933109304552259718,Fri Jun 13 18:43:16 +0000 2025,1,@underderoof @NafaFebriana4 @tanyakanrl Dia kalo dideskripsiin wanginya spicy wood gt si kak aku bingung bahasa parfumnya apa. Dia lebih spicy daripada black opium. Jadi kurang cocok dipake siang hari yg terik panas matahari^-^,1933596047399682418,,underderoof,in,,0,0,0,https://x.com/undefined/status/1933596047399682418,860096055106355200,,
1933562068181135736,Fri Jun 13 16:28:15 +0000 2025,0,PARFUM BLACK OPIUM GUA JATUH PECAH,1933562068181135736,,,in,,0,3,0,https://x.com/undefined/status/1933562068181135736,1276165392579342343,,
1933109304552259718,Fri Jun 13 16:17:56 +0000 2025,0,@vaustiin @tanyakanrl oliver ni wanginya mirip black opium ga kak?,1933559471596581033,,vaustiin,in,,0,0,0,https://x.com/undefined/status/1933559471596581033,1307857159514808320,,
1933527530998473196,Fri Jun 13 14:35:49 +0000 2025,0,@sbyfess Evangeline black opium nder cuma 30ribuan awett bangett dan wangi bangett https://t.co/NBUVGnNYHd,1933533771997098192,,sbyfess,in,,0,0,0,https://x.com/undefined/status/1933533771997098192,1546396373779886080,,
1933109304552259718,Fri Jun 13 12:26:53 +0000 2025,0,@jeondzy @tanyakanrl Black opium tuh cocok dipake siang hari gasi? Aku pengen pake tp takut orang sekitar ngerasa pusing karena wanginya manis bukan yg segar gitu,1933501326325067776,,jeondzy,in,,0,1,0,https://x.com/undefined/status/1933501326325067776,1567911300772274177,,
1933109304552259718,Fri Jun 13 11:49:20 +0000 2025,0,@kambingugling__ @tanyakanrl kak octarine yg wanginya seger kek org abis mandi apa ya?? aku biasa beli yg black opium tp lg bosen sama black opium soalnya jadi mau coba wangi yg lain,1933491877220962316,,kambingugling__,in,,0,1,0,https://x.com/undefined/status/1933491877220962316,1855424610613010432,,
1933441928793895145,Fri Jun 13 10:00:59 +0000 2025,0,@xkillucha aku pake black opium,1933464609350168724,,xkillucha,in,,0,1,0,https://x.com/undefined/status/1933464609350168724,3285295314,,
1933441928793895145,Fri Jun 13 09:13:52 +0000 2025,0,@xkillucha ah gua lupa lagi namanya black opium intinya,1933452750626738346,,xkillucha,in,,0,0,0,https://x.com/undefined/status/1933452750626738346,1751187588638281728,,
1933424381574983893,Fri Jun 13 08:26:24 +0000 2025,0,@kforkinsley Black opium inspiration sama u2 sih dib,1933440805139853341,,kforkinsley,in,,0,0,0,https://x.com/undefined/status/1933440805139853341,1432010685857239041,,
1933358666196922393,Fri Jun 13 08:21:49 +0000 2025,0,@undipmfs preloved parfum savin black opium 50ml 40k lok undip bawah https://t.co/of3eosBNhe,1933439654117986394,https://pbs.twimg.com/media/GtT1HOJbgAAB4MU.jpg,undipmfs,in,,0,2,0,https://x.com/undefined/status/1933439654117986394,1479668555603795970,,
1933392184017121447,Fri Jun 13 05:13:12 +0000 2025,0,ges parfum black opium tuh emang baunya bikin enek apa aku sek emang ndeso sih aku kemaren dibonceng orang pake motor tp pusing bgt anj gegara parfum itu,1933392184017121447,,,in,,0,1,0,https://x.com/undefined/status/1933392184017121447,1775985226759766016,,
1933109304552259718,Fri Jun 13 05:03:42 +0000 2025,0,@tanyakanrl aku kalo gak careso ya octarine careso sakura blossom sama secret garden juga sama yg jasmine blossom kalo octarine yang scandalous black opium ,1933389794593419405,,tanyakanrl,in,,0,0,0,https://x.com/undefined/status/1933389794593419405,1359974666069176321,,
1933371163503378797,Fri Jun 13 03:49:40 +0000 2025,1,DE PARFUM 90ML/Y.SL LIBRE EAU DE PARFUM INTENSE 90ML/YSL Black Opium Woman EDP 90 ML/Y.SL Y LE PARFUM 100ML/Y.SL Y EAU DE PARFUM/Y.SL Parfum wanita M0N PARlS Tahan lama EDP Parfum Wanita 90ml dengan harga Rp285.000. Dapatkan di Shopee sekarang! https://t.co/6jzvlHo0BG https://t.co/jiKdY4FvOx,1933371163503378797,https://pbs.twimg.com/media/GtS20tsaoAACHBC.jpg,,in,,0,0,0,https://x.com/undefined/status/1933371163503378797,1677941905974513665,,
1933109304552259718,Fri Jun 13 02:39:22 +0000 2025,350,@tanyakanrl Octarine nder ya Allah kecintaan bgt guee sama ini brand. ya meskipun wanginya kw-an parfum mahal tp ini enaakk Selalu repurchase yg inii selain itu yg enak ada black opium scandalous (enak tp yaa aman aja) omni amethyst. https://t.co/yL5d7fiSKo,1933353470683492587,https://pbs.twimg.com/media/GtSmu2Da4AAo0_q.jpg,tanyakanrl,in,,2,16,22,https://x.com/undefined/status/1933353470683492587,1198444242588143616,,
1933243166968492316,Thu Jun 12 19:21:24 +0000 2025,0,minyak wangi murce dupe ysl black opium Link Shopee : https://t.co/Dhn8RDQ6d8 https://t.co/d0iUk1WvgQ,1933243255740903436,https://pbs.twimg.com/media/GtRCfqlbIAAt1cc.jpg,PemburuProduk,in,,0,1,0,https://x.com/undefined/status/1933243255740903436,894625644813795328,,
1933037480384827539,Thu Jun 12 17:49:48 +0000 2025,1,@maulunasya Beli parfum laundry literan refil ke spray kemasan travel molto baby Dan black opium Cobain ,1933220202503942488,,maulunasya,in,,0,0,1,https://x.com/undefined/status/1933220202503942488,1918968872478375936,,
1933052047999578222,Thu Jun 12 06:41:37 +0000 2025,0,Black opium si paling best seller#swspill#rekomendasiparfum#parfumjogja#swperfumery#sariwangiparfumjogja https://t.co/ioUvFtyyYE,1933052047999578222,https://pbs.twimg.com/ext_tw_video_thumb/1933052011475517440/pu/img/pDhCOgmrkTKG0ggM.jpg,,in,,0,0,0,https://x.com/undefined/status/1933052047999578222,1917930934487363584,,
1933051964604232098,Thu Jun 12 06:41:17 +0000 2025,0,Black opium si paling best seller#swspill#rekomendasiparfum#parfumjogja#swperfumery#sariwangiparfumjogja https://t.co/z2e6dstdij,1933051964604232098,https://pbs.twimg.com/ext_tw_video_thumb/1933051918726897665/pu/img/o5Q1FWAuV8ZBwtXI.jpg,,in,,0,0,0,https://x.com/undefined/status/1933051964604232098,1917930934487363584,,
1933033129146724569,Thu Jun 12 05:26:26 +0000 2025,0,Aku rasa ekkk kalau kau baling batu dlm ukm yg kena batu tu mesti pakai perfume black opium inspired,1933033129146724569,,,in,,0,0,0,https://x.com/undefined/status/1933033129146724569,3076032702,,
1932755345560191173,Thu Jun 12 05:23:15 +0000 2025,0,@MrBsol @jmz36 CCvs7WVuJEr1qSFhL9AcYpGfVGPHgoRVPQJP9ctJddrS,1933032327007064475,,MrBsol,in,,0,0,0,https://x.com/undefined/status/1933032327007064475,1270270620979224577,,
1932987525221539960,Thu Jun 12 02:29:41 +0000 2025,2,@tanyarlfes aku saranin black opium aku udh pernah make emg jujur brand ini gacor sih. walaupun murah wanginya awettt bangett aku juga pernah coba yg omnia amethyst tp aku lebih suka ke yg black op,1932988648527663384,,tanyarlfes,in,,0,0,0,https://x.com/undefined/status/1932988648527663384,1580105707973939200,,
1932987263132291477,Thu Jun 12 02:24:11 +0000 2025,231,I siap buat list dupe perfume Arab beb. Sumpah win win cause boleh jimat ratus ratus Paling tak sangka Alhambra Opera Noir tu sumpah sebiji dgn YSL Black OpiumSAVE GIRLS!! https://t.co/1bAv3yAvHA,1932987263132291477,https://pbs.twimg.com/media/GtNZqw3bMAAXPmk.jpg,,in,,1,1,149,https://x.com/undefined/status/1932987263132291477,1296802530962243585,,
1932820379451773127,Wed Jun 11 15:31:58 +0000 2025,0,@munvess biasa pake black opium atau ga aigner black,1932823129560396242,,munvess,in,,0,0,0,https://x.com/undefined/status/1932823129560396242,1677167641860116480,,
1932613622850859357,Wed Jun 11 01:39:28 +0000 2025,0,BPOM JEUNE FEN Black Opium Collagen Body Wash &amp; Body Lotion Menghaluskan Pencerah Hidrasi Kulit 400 ml Soap Mandi Tubuh Hand https://t.co/izQlBeougp,1932613622850859357,,,in,,0,0,0,https://x.com/undefined/status/1932613622850859357,1627475018673446912,,
1932611580333863401,Wed Jun 11 01:31:21 +0000 2025,0,Cek Beli 1 Dapat 4 Parfum Scandalove Black Opium Uniseks dengan harga Rp35.500. Dapatkan di Shopee sekarang! https://t.co/jAGzJNqzhz https://t.co/oz3bH3ccpA,1932611580333863401,https://pbs.twimg.com/media/GtID_YDbgAABwU_.jpg,,in,,0,0,0,https://x.com/undefined/status/1932611580333863401,1154176156330946560,,
1932449025128841299,Tue Jun 10 16:17:46 +0000 2025,0,@coldafthor Eh jujur ysl black opium WANGI BANGET i love it &gt;__&lt;,1932472264936833100,,coldafthor,in,,0,0,0,https://x.com/undefined/status/1932472264936833100,1611516109,,
1932449025128841299,Tue Jun 10 14:45:25 +0000 2025,0,berhasil meracuni pacarku dengan ysl black opium,1932449025128841299,,,in,,0,1,0,https://x.com/undefined/status/1932449025128841299,1207619803185209344,,
1932426102733259207,Tue Jun 10 13:14:20 +0000 2025,0,Habis beli parfum black opium ngapa wanginya malah kek bapack² mau jumatan dah islami banget wanginya,1932426102733259207,,,in,,0,0,0,https://x.com/undefined/status/1932426102733259207,1672947576872792064,,
1931996754054090895,Tue Jun 10 09:27:34 +0000 2025,0,@kangmas_adj @unmagnetism Beli yang opyuma bang inspired black opium tapi mungkin karna brand baru kali bang ketahannya kurang lama tapi enak.,1932369035704091031,,kangmas_adj,in,,0,1,0,https://x.com/undefined/status/1932369035704091031,1911777941845082112,,
1932101114067087533,Mon Jun 09 15:42:56 +0000 2025,0,BPOM JEUNE FEN Black Opium Collagen Body Wash Moisturizing Sabun Mandi Mengencangkan kulit 400ml Order disini⤵️ https://t.co/zgx7nOm1g4 https://t.co/a87ymV7KHU,1932101114067087533,https://pbs.twimg.com/media/GtAzuUiaEAArM-V.jpg,,in,,0,0,0,https://x.com/undefined/status/1932101114067087533,1831616583355228160,,
1932089417591898435,Mon Jun 09 14:56:28 +0000 2025,0,ngomongin naro org di parfum.. dulu mantan gue gonta ganti parfum tp gue paling suka kalau manis alias black opium kw.. udh tuh kan putus. tapi masalahnya bapak gue make parfum itu jirrr dia jg suka wangi itu jadi pernah nitip beliin parfum itu.,1932089417591898435,,,in,,0,1,0,https://x.com/undefined/status/1932089417591898435,812203962,,
1932052609180836170,Mon Jun 09 14:44:08 +0000 2025,0,@ohmy_beautybank Parfum enak cm 50ribuan yg black opium &amp; scandalusy https://t.co/o2VXJS171T https://t.co/1TMnJN6ogt,1932086314868093405,https://pbs.twimg.com/media/GtAmQ3zaEAEn5ZY.jpg,ohmy_beautybank,in,,0,0,0,https://x.com/undefined/status/1932086314868093405,1073858334808170497,,
1932050230704570585,Mon Jun 09 12:21:52 +0000 2025,0,@DogterDimas Itu member black opium,1932050513157292375,,DogterDimas,in,,0,0,0,https://x.com/undefined/status/1932050513157292375,2485154755,,
1932047299133518132,Mon Jun 09 12:09:06 +0000 2025,0,Black opium sisa 1 aku turunin jd 40k ada yg mau? https://t.co/1RGDxvUwzf,1932047299133518132,,,in,,0,0,0,https://x.com/undefined/status/1932047299133518132,1789332662060261376,,
1932039812770656464,Mon Jun 09 11:39:21 +0000 2025,0,gatau knp gue ngebayangin Skywong wangi black opium trus nani pake parfume tom ford gatau yg apa ,1932039812770656464,,,in,,0,0,0,https://x.com/undefined/status/1932039812770656464,1926601144454782976,,
1931979482015187228,Mon Jun 09 08:39:19 +0000 2025,2,YSL &amp; Black Opium Perfume ‍️ wehhh serius perfume ini wangi gila bawah RM30-RM35 jeeee Shop here Kiri : https://t.co/PMGomqegPx Kanan : https://t.co/pAgC1QDMLg https://t.co/WwqTSAA22c,1931994505995231414,https://pbs.twimg.com/media/Gs_SwqLaAAA7pjr.jpg,qtpilove,in,,0,1,0,https://x.com/undefined/status/1931994505995231414,1819379869152956416,,
1931914754001662103,Mon Jun 09 07:06:56 +0000 2025,0,@novialvitap Kalo di panas terik wanginya nyengat kayak black opium gak kakk???,1931971256930422788,,novialvitap,in,,0,1,0,https://x.com/undefined/status/1931971256930422788,1021084827364151297,,
1931967454403867047,Mon Jun 09 07:01:41 +0000 2025,0,@tubbirfess Parfum sih. Tiap ada yg make black opium/kahf oud suka baper sndiri,1931969934755790860,,tubbirfess,in,,0,0,0,https://x.com/undefined/status/1931969934755790860,878486840273063936,,
1931600723273466024,Mon Jun 09 03:32:13 +0000 2025,0,@whosresaa Haha iyaa gapapa Black opium enak kok cuma kurang cocok aja kalo dipake olahraga yg keringatan,1931917219614924872,,whosresaa,in,,0,0,0,https://x.com/undefined/status/1931917219614924872,1754749563179761664,,
1931908425866531150,Mon Jun 09 02:57:16 +0000 2025,0,Grace and glow black opium Pesan disini klik https://t.co/fTPzq4aI8i https://t.co/FikYczJNYF,1931908425866531150,https://pbs.twimg.com/ext_tw_video_thumb/1931908400876752896/pu/img/fK-OCt6XtfkD_rTf.jpg,,in,,0,0,0,https://x.com/undefined/status/1931908425866531150,1801968682203271168,,
1931600723273466024,Sun Jun 08 15:46:04 +0000 2025,0,@skwnguer mff kak untung ak tida pernah ngegymI LOVE BLACK OPIUM SM,1931739513065488647,,skwnguer,in,,0,1,0,https://x.com/undefined/status/1931739513065488647,1913782826119667712,,
1931730117640036748,Sun Jun 08 15:08:44 +0000 2025,1,jauhkan aku dr hirupan parfum black opium ysl,1931730117640036748,,,in,,0,1,0,https://x.com/undefined/status/1931730117640036748,1498232488920973316,,
1931699481998717101,Sun Jun 08 13:07:00 +0000 2025,0,Gue pake 'Black Opium' pas mood gue lagi 'jangan ganggu gue' tapi tetep pengen diliat cakep. Kamu pasti relate. #valoux #signatureyou #wangiituperlu #fyp Cari wanginya di sini: https://t.co/sTqczPngKC,1931699481998717101,,,in,,0,0,0,https://x.com/undefined/status/1931699481998717101,1919998190876819459,,
1931663823351795834,Sun Jun 08 10:45:18 +0000 2025,0,BPOM JEUNE FEN Black Opium Collagen Body Lotion Menutrisi Melembabkan Mencerahkan Kulit 400 ml Pencerah Hand Tubuh Tangan Pria dan wanita https://t.co/NfiL7zs98t,1931663823351795834,,,in,,0,0,0,https://x.com/undefined/status/1931663823351795834,1887412562578579462,,
1931416905329635562,Sun Jun 08 09:41:33 +0000 2025,0,@alotsofweird Saff n co Coco atau parfum isi ulang yang aqua kiss mix black opium wkwkw,1931647778129916190,,alotsofweird,in,,0,1,0,https://x.com/undefined/status/1931647778129916190,699006025026777088,,
1931604411861893351,Sun Jun 08 06:49:13 +0000 2025,0,BPOM JEUNE FEN Black Opium Collagen Body Lotion Menutrisi Melembabkan Mencerahkan Kulit 400 ml Pencerah Hand Tubuh Tangan Pria dan wanita https://t.co/aou6UlEqKw,1931604411861893351,,,in,,0,0,0,https://x.com/undefined/status/1931604411861893351,1886690717168492544,,
1931600723273466024,Sun Jun 08 06:34:34 +0000 2025,2,Black opium Bonfire Vanilla SOTB Dan Angel's share tolong di-blacklist dari tempat gym ,1931600723273466024,,,in,,0,4,0,https://x.com/undefined/status/1931600723273466024,1754749563179761664,,
1931580872685449334,Sun Jun 08 05:15:41 +0000 2025,0,Mari kita tutup black opium setelah dua tahun ini,1931580872685449334,,,in,,0,0,0,https://x.com/undefined/status/1931580872685449334,1131378451254931456,,
1931479793461235900,Sat Jun 07 22:34:02 +0000 2025,0,Cek ELODORIFEROUS - Black Opium Parfum Wanita Tahan Lama Extrait de parfum dengan harga Rp136.000. Dapatkan di Shopee sekarang! #parfumoriginal #parfum #racunshopee #promoguncang #shopeeaffiliate https://t.co/3Aj8KVdyEc https://t.co/IkMLjhM80R,1931479793461235900,https://pbs.twimg.com/media/Gs3-otBawAAaEZH.jpg,,in,,0,0,0,https://x.com/undefined/status/1931479793461235900,1912897595623849984,,
1931453122389725313,Sat Jun 07 20:48:19 +0000 2025,0,minyak wangi murce dupe ysl black opium Link Shopee : https://t.co/6B6rMzlXiA https://t.co/4psTL4IjPm,1931453188324090170,https://pbs.twimg.com/media/Gs3mcDBbIAE5BIS.jpg,ViralToday20,in,,0,1,0,https://x.com/undefined/status/1931453188324090170,1561392230794874880,,
1931422407673401699,Sat Jun 07 18:46:00 +0000 2025,0,BPOM JEUNE FEN Black Opium Collagen Body Lotion Menutrisi Melembabkan Mencerahkan Kulit 400 ml Pencerah Hand Tubuh Tangan Pria dan wanita https://t.co/noGJsC9YQT,1931422407673401699,,,in,,0,1,0,https://x.com/undefined/status/1931422407673401699,1794632305237192706,,
1931336640909148233,Sat Jun 07 14:58:45 +0000 2025,0,@tanyarlfes Plis parfum vanilla siang bolong terik gerah tuh bikin enek yg nyium woyyy. Rekomendasi: 1. Choco musk alrehab roll on 30 ribuan. tahan buanget. 2. ysl black opium - under 2 juta. (Minusnya aromanya udah bertebaran dimana2). 3. Jpg ultramale. Parfum cowo tapi cewe bisa pake.,1931365217176351145,,Z43NAB,in,,0,1,0,https://x.com/undefined/status/1931365217176351145,1858104478421127168,,
1931287233992265969,Sat Jun 07 09:48:52 +0000 2025,0,Diffuser black opium kamar gw sampe kalah sama aroma mabora elu yang bau miskin itu asu,1931287233992265969,,,in,,0,1,0,https://x.com/undefined/status/1931287233992265969,3309592218,,
1931284399129350575,Sat Jun 07 09:37:36 +0000 2025,5,seonghwanin black opium glitter kokuyor olusunu asla asamayacagim i need to eat him https://t.co/hzkomYQtmM,1931284399129350575,https://pbs.twimg.com/tweet_video_thumb/Gs1M69nXAAAMjpb.jpg,,in,,0,0,0,https://x.com/undefined/status/1931284399129350575,1501512294924267521,,
1931235688680141088,Sat Jun 07 06:45:37 +0000 2025,1,@furiikawa wahhh udh di fase bosen bgt sama parfum kahf dimana2 bau kahf itemm anjj kya baccarat &amp; black opium ,1931241114847379500,,furiikawa,in,,0,1,0,https://x.com/undefined/status/1931241114847379500,1895957297064742912,,
1931037479391617242,Fri Jun 06 17:16:30 +0000 2025,0,minyak wangi murce dupe ysl black opium Rating 4 7 https://t.co/LEjaxXEbwd,1931037493891338633,https://pbs.twimg.com/media/GsxsXd2aUAEq6BW.jpg,somerecom,in,,0,1,0,https://x.com/undefined/status/1931037493891338633,896908717123223553,,
1930979444568756719,Fri Jun 06 13:25:50 +0000 2025,0,pusing beli parfume ysl libre ayau black opium ya️,1930979444568756719,,,in,,0,0,0,https://x.com/undefined/status/1930979444568756719,1121289242427052034,,
1930971536695173537,Fri Jun 06 13:15:58 +0000 2025,0,@wavetoraes riyal coba yg windrises sih kayanya lebih murah ya LUPA aku juga oh elvicto 10pm tuh dupenya black opium YSL!!! katanya yang mirip tuh carl claire yang black orchid. atau coba deh kahf yang revered oud. kayaknya bakal suka.,1930976965260910968,,wavetoraes,in,,0,1,0,https://x.com/undefined/status/1930976965260910968,1544985476834406400,,
1930758115345236018,Fri Jun 06 06:57:26 +0000 2025,0,@tahuisiverkwan black opium juga eugh nyengat sakit idung,1930881702802452898,,tahuisiverkwan,in,,0,1,0,https://x.com/undefined/status/1930881702802452898,1425751587184467972,,
1930880845516349713,Fri Jun 06 06:54:02 +0000 2025,0,Temukan Seven Days 24K Gold Black Opium Body Wash 360ml / Sabun Mandi seharga Rp29.900. Dapatkan sekarang juga di Shopee! https://t.co/Dx1UjX58Qd,1930880845516349713,,,in,,0,0,0,https://x.com/undefined/status/1930880845516349713,361720873,,
1930842645682667709,Fri Jun 06 04:22:14 +0000 2025,0,Beli disini Ysl Yves Saint Laurent Wanita BLACK OPIUM EAU DE PARFUM SPRAY EDP 90 ML seharga Rp247.000. Dapatkan sekarang juga di Shopee! https://t.co/6EoBUmmZsp,1930842645682667709,,,in,,0,0,0,https://x.com/undefined/status/1930842645682667709,1798318850406252544,,
1930637275588964808,Thu Jun 05 14:46:14 +0000 2025,0,Black Opium wanginya cocok untuk kerja di luar kantor pastinya tahan lama ! Link Shopee : https://t.co/xvUp3BG0Yh https://t.co/n9mBuIxid5,1930637290042470804,https://pbs.twimg.com/media/GssAYh_bEAIJElH.jpg,KucingSiOren,in,,0,1,0,https://x.com/undefined/status/1930637290042470804,1536149718396350465,,
1930527395179835651,Thu Jun 05 07:41:19 +0000 2025,1,YSL &amp; Black Opium Perfume ‍️ wehhh serius perfume ini wangi gila bawah RM30-RM35 jeeee Shop here Kiri : https://t.co/PjprVYMCWP Kanan : https://t.co/mCCp6cP7vG https://t.co/dYkKGjo9Y8,1930530356479840342,https://pbs.twimg.com/media/GsqfIA7aIAAATb8.jpg,qtpilove,in,,0,1,0,https://x.com/undefined/status/1930530356479840342,1819379869152956416,,
1930527324002517152,Thu Jun 05 07:29:23 +0000 2025,0,YSL &amp; Black Opium Perfume ‍️ wehhh serius perfume ini wangi gila bawah RM30-RM35 jeeee Shop here Kiri : https://t.co/o49l16GdNo Kanan : https://t.co/17pSaVmzu7 https://t.co/bCEZUkUUH9,1930527356780728488,https://pbs.twimg.com/media/GsqcZbAbAAAD4z9.jpg,qtpilove,in,,0,1,0,https://x.com/undefined/status/1930527356780728488,1819379869152956416,,
1930478568334881204,Thu Jun 05 04:16:48 +0000 2025,0,@stephanieciaa2 aku ada octarine black opium kak tp udh kepake,1930478890713264640,,stephanieciaa2,in,,0,0,0,https://x.com/undefined/status/1930478890713264640,1249988146235764736,,
1929920233764205015,Wed Jun 04 16:41:55 +0000 2025,0,@reveurgirl sesuai promo tapi paling suka : lux honey &amp; zaitun grace &amp; glow black opium bonavie citron glace wanginya nempelll kadang aku sayang mau pake lotion takut wangi sabunnya ilang,1930304017328156707,,reveurgirl,in,,0,0,0,https://x.com/undefined/status/1930304017328156707,1537586138344738817,,
1930265023563096212,Wed Jun 04 16:23:11 +0000 2025,0,@ohmy_beautybank ih tau brand nya zf parfume gakk? itu wangi banget beneran yang nempel gitu wanginya. my fav victoria sec &amp; black opium. PLS COBAINNN,1930299301428900092,,ohmy_beautybank,in,,0,0,0,https://x.com/undefined/status/1930299301428900092,1723151540314329088,,
1930291109911208050,Wed Jun 04 15:50:50 +0000 2025,0,Serendipity Premium Minyak Wangi Black Opium Link Shopee : https://t.co/DtwI2drG6v https://t.co/nB9vjH80n1,1930291159122973013,https://pbs.twimg.com/media/GsnFk1oasAIKqT5.jpg,askyourneedss,in,,0,1,0,https://x.com/undefined/status/1930291159122973013,895205518888714240,,
1930257278198001680,Wed Jun 04 13:47:33 +0000 2025,0,@kwseleo silahlan dicek kak https://t.co/RIIhjLk3ql,1930260135429189647,https://pbs.twimg.com/media/GsmpXILasAEyzJk.jpg,kwseleo,in,,0,0,0,https://x.com/undefined/status/1930260135429189647,1093022856227635200,,
1930169601327018028,Wed Jun 04 09:50:25 +0000 2025,2,YSL &amp; Black Opium Perfume ‍️ wehhh serius perfume ini wangi gila bawah RM30-RM35 jeeee Shop here Kiri : https://t.co/PjprVYNaMn Kanan : https://t.co/mCCp6cPFle https://t.co/AFFDXEPYZf,1930200458385338499,https://pbs.twimg.com/media/GslzFeXasAAwa8C.jpg,qtpilove,in,,0,1,0,https://x.com/undefined/status/1930200458385338499,1819379869152956416,,
1930149671269478750,Wed Jun 04 06:28:36 +0000 2025,1,#zonauang️ masup tidak?,1930149671269478750,,,in,,0,0,0,https://x.com/undefined/status/1930149671269478750,1093022856227635200,,
1930145697598501247,Wed Jun 04 06:19:44 +0000 2025,0,@tepakbuIu 500 500 mau gak kak?,1930147438523809853,,tepakbuIu,in,,0,0,0,https://x.com/undefined/status/1930147438523809853,1093022856227635200,,
1930145697598501247,Wed Jun 04 06:19:31 +0000 2025,0,@tepakbuIu aku aada kak,1930147386296545381,,tepakbuIu,in,,0,0,0,https://x.com/undefined/status/1930147386296545381,1093022856227635200,,
1930146086473347235,Wed Jun 04 06:15:57 +0000 2025,0,@hitchiedreyse gas kak,1930146487885017161,,hitchiedreyse,in,,0,1,0,https://x.com/undefined/status/1930146487885017161,1093022856227635200,,
1930127748816875848,Wed Jun 04 06:11:46 +0000 2025,0,@soyovee beli di aku ada potongam harga yakz,1930145432166174729,,Stiffie_127,in,,0,0,0,https://x.com/undefined/status/1930145432166174729,1093022856227635200,,
1930143580389290215,Wed Jun 04 06:07:54 +0000 2025,0,@chamelight lagi ada prmo kak,1930144462061351084,,Stiffie_127,in,,0,0,0,https://x.com/undefined/status/1930144462061351084,1093022856227635200,,
1930128810676236627,Wed Jun 04 05:20:52 +0000 2025,0,@nzteaa nieeee kak lagi ada promo https://t.co/bdcfbnrxb9,1930132623642505282,https://pbs.twimg.com/media/Gsk1ZC7asAMZspI.jpg,nzteaa,in,,0,0,0,https://x.com/undefined/status/1930132623642505282,1093022856227635200,,
1929920233764205015,Wed Jun 04 04:37:42 +0000 2025,0,@viriestar @reveurgirl Ihh aku beli di official store nya beli 2 beda varian yg 1 nya malah wanginya cuma pas mandi doang Kalo black opium iya emg wangi sih tapi ga yg semerbak gitu Mending pake lux wkkw,1930121759975453074,,viriestar,in,,0,1,0,https://x.com/undefined/status/1930121759975453074,1800097927278579712,,
1929920233764205015,Wed Jun 04 02:06:30 +0000 2025,0,@reveurgirl biore ungu atau ga grace and glow black opium,1930083711875420448,,reveurgirl,in,,0,0,0,https://x.com/undefined/status/1930083711875420448,1486242854213402625,,
1929920233764205015,Tue Jun 03 16:54:19 +0000 2025,0,@reveurgirl Apapun sabun cairnya pas part sabun batang tetep pake biotalk. Sekarang lg pake grace n glow yg wangi black opium kalo gasalah.,1929944748825162141,,reveurgirl,in,,0,0,0,https://x.com/undefined/status/1929944748825162141,881104347509043201,,
1927375471949263010,Tue Jun 03 16:16:47 +0000 2025,0,@mekdical ce tuh apa,1929935304536010985,,mekdical,in,,0,1,0,https://x.com/undefined/status/1929935304536010985,1093022856227635200,,
1929934504673550357,Tue Jun 03 16:13:37 +0000 2025,0,jualan apk prem ah #zonauang,1929934504673550357,,,in,,0,0,0,https://x.com/undefined/status/1929934504673550357,1093022856227635200,,
1929906020694012419,Tue Jun 03 14:20:25 +0000 2025,0,BPOM JEUNE FEN Black Opium Collagen Body Lotion Menutrisi Melembabkan Mencerahkan Kulit 400 ml Pencerah Hand Tubuh Tangan Pria dan wanita https://t.co/9wIzQJPnL5,1929906020694012419,,,in,,0,0,0,https://x.com/undefined/status/1929906020694012419,1921948747745165312,,
1929802643972460660,Tue Jun 03 12:36:07 +0000 2025,4,YSL &amp; Black Opium Perfume ‍️ wehhh serius perfume ini wangi gila bawah RM30-RM35 jeeee Shop here Kiri : https://t.co/PjprVYNaMn Kanan : https://t.co/mCCp6cPFle https://t.co/LRb3lP38Lm,1929879770395037960,https://pbs.twimg.com/media/GshPa0Zb0AYgjG0.jpg,qtpilove,in,,0,1,0,https://x.com/undefined/status/1929879770395037960,1819379869152956416,,
1929853382874870046,Tue Jun 03 10:51:16 +0000 2025,50,gue ga dibayar samsek ngomong gini jujur awal awal dia launch gue skeptis kyk paling dupe black opium dll LAH TERNYATA ENAK BGT JIRRR https://t.co/UXPkJyH1Gs,1929853382874870046,https://pbs.twimg.com/media/Gsg3Zqeb0AIB3jI.jpg,,in,,0,1,1,https://x.com/undefined/status/1929853382874870046,1270376478270582785,,
1929091421933318539,Tue Jun 03 07:24:42 +0000 2025,0,@for_reaallll @bertatapan Enak bgt ini aku pake tapi skrg2 lagi pake yg black opium sih,1929801400399417652,,for_reaallll,in,,0,0,0,https://x.com/undefined/status/1929801400399417652,1777442119369793537,,
1929534044594692414,Tue Jun 03 00:32:12 +0000 2025,0,@realityfuckup black opium klau di siang hari too much ga ya?,1929697590234533970,,realityfuckup,in,,0,1,0,https://x.com/undefined/status/1929697590234533970,1722128856340107264,,
1929472368772047323,Mon Jun 02 09:51:26 +0000 2025,1,@unesa_fess beli bibit aja lek pengen awet kalau suka manis manis ak rekomin roman wish kalau yg banyak org pake biasnya black opium atau ga scandal kalau mau bau seger gitu ada aqua kiss. smuanya ena ena ko tergantung mau yg manaa,1929475940423254316,,unesa_fess,in,,0,0,0,https://x.com/undefined/status/1929475940423254316,1874892439032623104,,
1929380238762315831,Mon Jun 02 03:31:09 +0000 2025,0,Cek Yves Saint Laurent YSL Black Opium Intense for Women EDP 90 ml dengan harga Rp1.750.000. Dapatkan di Shopee sekarang! https://t.co/6ggxPbzNaI https://t.co/dcFBNzwbgu,1929380238762315831,https://pbs.twimg.com/media/GsaJGXSaAAA7Z1e.jpg,,in,,0,0,0,https://x.com/undefined/status/1929380238762315831,251598820,,
1929350083620868288,Mon Jun 02 01:51:22 +0000 2025,0,Black Opm inspired by YSL Black Opium | EDP 30ml sensasi yg memikat &amp; berkelas wangi yg ikonik berani &amp; elegan. aroma kopi hitam yg khas bunga putih yg lembut dan vanila manis memberikan kesan modern hangat dan memikat. °Eau de Parfum (EDP) °30ml °Ketahanan aroma: 5-8 jam https://t.co/swRJaFaN1i,1929355126545727945,https://pbs.twimg.com/media/GsZyQzJbEAAuYGb.jpg,inxpnity,in,,0,1,0,https://x.com/undefined/status/1929355126545727945,1098216603764719616,,
1929080560439160852,Mon Jun 02 01:29:34 +0000 2025,4,YSL &amp; Black Opium Perfume ‍️ wehhh serius perfume ini wangi gila bawah RM30-RM35 jeeee Shop here Kiri : https://t.co/PjprVYNaMn Kanan : https://t.co/mCCp6cPFle https://t.co/8WXVq7tFhI,1929349639532347898,https://pbs.twimg.com/media/GsZtRNoboAAOkAb.jpg,qtpilove,in,,0,2,0,https://x.com/undefined/status/1929349639532347898,1819379869152956416,,
1929195134413103524,Sun Jun 01 15:15:37 +0000 2025,0,WTS YSL EDP BLACK OPIUM masih tersegel harga beli 1.400 harga jual 1.200 Jakarta Barat https://t.co/KegNOXLjYo,1929195134413103524,https://pbs.twimg.com/media/GsXguyDboAA-PEt.jpg,,in,,0,0,0,https://x.com/undefined/status/1929195134413103524,1759572808504659968,,
1929116003931508868,Sun Jun 01 10:01:51 +0000 2025,0,Klo ga black opium,1929116172554805289,,greentealist_,in,,0,0,0,https://x.com/undefined/status/1929116172554805289,1295710007481085954,,
1928940110667530380,Sun Jun 01 08:57:02 +0000 2025,0,@Thevokofficial Ajak! ,1929099862999536075,,Thevokofficial,in,,0,0,0,https://x.com/undefined/status/1929099862999536075,327313482,,
1929068989029716308,Sun Jun 01 06:54:22 +0000 2025,0,Rekomendasi sabun mandi dengan aroma parfum yang awet. Ada aroma seperti Baccarat hingga Black Opium dengan harga di bawah Rp 100 ribu. https://t.co/gaolv75fxU,1929068989029716308,,,in,,0,0,0,https://x.com/undefined/status/1929068989029716308,1404018642,,
1928816964924850482,Sun Jun 01 06:30:23 +0000 2025,0,@ohmy_beautybank udah nyoba beli ampe 2x yg cereme canele tahan cuma beberapa jam wanginya enak mirip black opium,1929062953720099062,,ohmy_beautybank,in,,0,0,0,https://x.com/undefined/status/1929062953720099062,1817463872833617920,,
1929034130504954058,Sun Jun 01 04:35:51 +0000 2025,0,pusing habis nyobain tester parfum mahal ini jadi agak mikir wangi orang kaya tu begini yaa black opium original yg no tiru tiru tu begini yaa aduh bingung nanti jadi orang kaya masa parfum nya tetap m*ris mar*na??? https://t.co/CFX9HCSfQc,1929034130504954058,https://pbs.twimg.com/media/GsVOTYIaMAAkStg.jpg,,in,,0,0,0,https://x.com/undefined/status/1929034130504954058,1832480127776931840,,
1928797626180264194,Sat May 31 13:18:34 +0000 2025,1,@dazzlecloud Berarti mirip black opium ya hrsnya??,1928803289363038329,,dazzlecloud,in,,0,0,0,https://x.com/undefined/status/1928803289363038329,3978109033,,
1928436388476715119,Fri May 30 13:45:12 +0000 2025,0,@catallene wangy bedak bayi campur black opium jir,1928447606050681118,,catallene,in,,0,1,0,https://x.com/undefined/status/1928447606050681118,939737898005303296,,
1928302394720297363,Fri May 30 04:08:11 +0000 2025,0,[TOP SELLING] Lavojoy Let It Glow Black Opium Body Serum Skin Brightening Upgraded Version | Body Lotion untuk Mencerahkan dan Melembabkan kulit dengan Niacinamide + Ceramide + Vitamin E https://t.co/83gJZYFWkW https://t.co/Hd96zguwoM,1928302394720297363,https://pbs.twimg.com/media/GsK0zQ6XkAABq_h.jpg,,in,,0,0,0,https://x.com/undefined/status/1928302394720297363,876815545223356418,,
1922679267072118871,Thu May 29 15:56:45 +0000 2025,0,@seulpeunorae Setuju sih. Pernah cium varian black dahlia yang dupe black opium di kkv. Itu blendingannya halus banget dan gak nyegrak ke hidung. Enak dah pokoknya. Cuma harganya mahal banget untuk ukuran 30 ml,1928118323566497948,,seulpeunorae,in,,0,0,0,https://x.com/undefined/status/1928118323566497948,1360220677567991808,,
1927990733216034898,Thu May 29 07:36:53 +0000 2025,0,YSL &amp; Black Opium Perfume ‍️ wehhh serius perfume ini wangi gila bawah RM30-RM35 jeeee Shop here Kiri : https://t.co/PjprVYMCWP Kanan : https://t.co/mCCp6cP7vG https://t.co/KOEXbvPH7t,1927992527363227803,https://pbs.twimg.com/media/GsGa-0ZaUAQMzEO.jpg,qtpilove,in,,0,1,0,https://x.com/undefined/status/1927992527363227803,1819379869152956416,,
1927978193027486052,Thu May 29 06:39:57 +0000 2025,0,minyak wangi murce dupe ysl black opium Rating 4 7 https://t.co/6tfdYFLgvM,1927978199914533200,https://pbs.twimg.com/media/GsGN9HRaUAAkZDg.jpg,critaharian,in,,0,1,0,https://x.com/undefined/status/1927978199914533200,1541007641191006214,,
1927574154485608519,Thu May 29 04:56:22 +0000 2025,0,@LoreofVixen gourmand + little bit spicy i guess kaya Black Opium nya Uchi Parfume kak nah sekarang lg nyari wangi yg lain.,1927952131572781413,,LoreofVixen,in,,0,0,0,https://x.com/undefined/status/1927952131572781413,1672077936491634689,,
1927765130701328720,Wed May 28 16:33:17 +0000 2025,3,the 9% nawapenda sana colgne nilibuy my fav( black opium) sai nanukia msuli https://t.co/FIGU9vaWvS,1927765130701328720,https://pbs.twimg.com/media/GsDMKINW4AAcBti.jpg,,in,,0,0,2,https://x.com/undefined/status/1927765130701328720,1448944165161668635,,
1927707266121101444,Wed May 28 12:43:21 +0000 2025,3,Hii Black Opium tuwapatie na shii ngapi? https://t.co/7CRKYMbp09,1927707266121101444,https://pbs.twimg.com/media/GsCXeoDXwAAZXZX.jpg,,in,,0,0,1,https://x.com/undefined/status/1927707266121101444,807236302408220673,,
1927574154485608519,Wed May 28 07:28:35 +0000 2025,0,@RealMulyono @trusturnose noted. ada rekomendasi lain ga kak selain Black Opium biar beda gitu,1927628049249657013,,RealMulyono,in,,0,1,0,https://x.com/undefined/status/1927628049249657013,1672077936491634689,,
1925436521882214905,Wed May 28 01:46:26 +0000 2025,0,@playitsafehoney @academiacht Kayaknya maksud twt si reddish tuh meskipun influencer bilang capek banget kerjanya tapi kalo dibayar puluhan sampe ratusan juta harusnya jangan ngeluh seolah olah kamu melakukan pekerjaan kasar yang upahnya minimum. ,1927541946139951437,,playitsafehoney,in,,0,0,0,https://x.com/undefined/status/1927541946139951437,1093022856227635200,,
1926863406335725683,Wed May 28 01:14:24 +0000 2025,0,@yearsmoo @baseconvo Kamu jajan keliling pulau Jawa apa gimana mana blg semua muanya isi bihun pas ada yang bales di sumtra juga ada isi bihun malah dijawab itu yang jualan kebanyakan rantauan dari jawa kak kata gua teh lo nanya setiap penjual pastel isi bihun kh? generalisir Jawa trs wkwk,1927533884905771320,,yearsmoo,in,,0,0,0,https://x.com/undefined/status/1927533884905771320,1093022856227635200,,
1927287454102438087,Wed May 28 00:42:01 +0000 2025,0,@luvthepinkblood @minwonwow @tanyarlfes gemeshhh izin ambil ya kak,1927525734383333823,,luvthepinkblood,in,,0,0,0,https://x.com/undefined/status/1927525734383333823,1093022856227635200,,
1927394360691195939,Tue May 27 15:59:59 +0000 2025,0,Cek [ LLB ] BLACK OPIUM PARFUM REFILL LELABO 30 ML TERMURAH TERLARIS dengan harga Rp9.500. Dapatkan di Shopee sekarang! https://t.co/RaTXZ5LssC https://t.co/s6rDoUhxwp,1927394360691195939,https://pbs.twimg.com/media/Gr969M-XQAEgQF8.jpg,,in,,0,0,0,https://x.com/undefined/status/1927394360691195939,1846622878328041472,,
1927394201504780715,Tue May 27 15:59:21 +0000 2025,0,Cek [ SPRAY LELABO 30ML ] YSL BLACK OPIUM PARFUM REFILL UKURAN 30ML TERMURAH DAN BERKUALITAS. dengan harga Rp9.100. Dapatkan di Shopee sekarang! https://t.co/LRetTuPopD https://t.co/zJmYGfzppB,1927394201504780715,https://pbs.twimg.com/media/Gr96z1YWYAER1q5.jpg,,in,,0,0,0,https://x.com/undefined/status/1927394201504780715,1846622878328041472,,
1927394094231208341,Tue May 27 15:58:55 +0000 2025,0,Cek NVN Perfume Inspired by Black Opium Woman - BEST SELLER - Parfum Wanita dengan harga Rp85.500. Dapatkan di Shopee sekarang! https://t.co/XOTFFZUgH2 https://t.co/EqMSGTu9ph,1927394094231208341,https://pbs.twimg.com/media/Gr96trtWwAEt0Lw.jpg,,in,,0,0,0,https://x.com/undefined/status/1927394094231208341,1846622878328041472,,
1927394017366450362,Tue May 27 15:58:37 +0000 2025,0,Cek 【100% Original】YSL Yves Saint Laurent Black Opium Woman EDP - 90 ML dengan harga Rp411.000. Dapatkan di Shopee sekarang! https://t.co/q1qoZVa8LT https://t.co/DZ4MzuKpkG,1927394017366450362,https://pbs.twimg.com/media/Gr96pNgWQAAVk-G.jpg,,in,,0,0,0,https://x.com/undefined/status/1927394017366450362,1846622878328041472,,
1927393877629002129,Tue May 27 15:58:04 +0000 2025,0,Cek SEPHORA【100% Original】YSL Yves Saint Laurent Black Opium Woman EDP - 90 ML dengan harga Rp1.159.280. Dapatkan di Shopee sekarang! https://t.co/bYCXxYz5Ro https://t.co/0Mp3OwUxxj,1927393877629002129,https://pbs.twimg.com/media/Gr96hDNXUAANtDK.jpg,,in,,0,0,0,https://x.com/undefined/status/1927393877629002129,1846622878328041472,,
1927186670215991519,Tue May 27 06:41:14 +0000 2025,0,@heavenscents_ Black opium mungkin bub,1927253747920519482,,heavenscents_,in,,0,1,0,https://x.com/undefined/status/1927253747920519482,1297501004909301760,,
1927238099743965224,Tue May 27 05:39:03 +0000 2025,0,Cek Kana Bali Moisturizing Body Butter Melembapkan Black Opium dengan harga Rp108.000. Dapatkan di Shopee sekarang! https://t.co/YpYNrRF8yG https://t.co/XvkfFnKe0z,1927238099743965224,https://pbs.twimg.com/media/Gr7s1dTXMAEtc9B.jpg,,in,,0,0,0,https://x.com/undefined/status/1927238099743965224,1036422983194013696,,
1927204762543374421,Tue May 27 03:26:35 +0000 2025,0,Bisa tanya2 varian dulu. Best seller * scandal * black opium * paris hilton * paris pasport * zara orchid * 212 vip men Bisa co oren harga inc all Dom surabaya https://t.co/l1bUtmUawj,1927204762543374421,https://pbs.twimg.com/media/Gr7OhGvWAAIWRMF.jpg,,in,,1,0,0,https://x.com/undefined/status/1927204762543374421,1493555894554349571,,
1927200975430787132,Tue May 27 03:24:04 +0000 2025,0,@leehaexchani Bisa tanya2 varian dulu. Best seller * scandal * black opium * paris hilton * paris pasport * zara orchid * 212 vip men Bisa co oren kak. Dom surabaya https://t.co/sJZSVrSCzc,1927204127450259636,https://pbs.twimg.com/media/Gr7N8JUWkAAEZ4T.jpg,leehaexchani,in,,0,0,0,https://x.com/undefined/status/1927204127450259636,1493555894554349571,,
1927071334535704840,Mon May 26 18:36:24 +0000 2025,0,kangen wangi abdul yg black opium itu ️,1927071334535704840,,,in,,1,0,0,https://x.com/undefined/status/1927071334535704840,1920483581711036417,,
1927048985883050239,Mon May 26 17:07:35 +0000 2025,0,padahal tiap masuk kamar wangi black opium sama pewangi ruangan teh keraton gini tapi tiap mama masuk pasti ngedumel kamarmu ini mbok dibersihin baune apek ,1927048985883050239,,,in,,0,0,0,https://x.com/undefined/status/1927048985883050239,825626759559155714,,
1926839920452100540,Mon May 26 12:53:38 +0000 2025,0,@thsnadiine libree black opium udah pasaran bgt,1926985075972866462,,thsnadiine,in,,0,0,0,https://x.com/undefined/status/1926985075972866462,1603068574314401792,,
1926839920452100540,Mon May 26 12:47:46 +0000 2025,0,@pornstann yang mana arashhh? libree atau black opium? ,1926983601163268421,,pornstann,in,,0,2,0,https://x.com/undefined/status/1926983601163268421,1899265437139132416,,
1926923892641112254,Mon May 26 08:50:31 +0000 2025,0,sudah melekat bau black opium di aku tp ak akan ganti karna males bgt nanti keinget km,1926923892641112254,,,in,,0,0,0,https://x.com/undefined/status/1926923892641112254,1400260986473312260,,
1926905958313173211,Mon May 26 08:14:51 +0000 2025,1,YSL &amp; Black Opium Perfume ‍️ wehhh serius perfume ini wangi gila bawah RM30-RM35 jeeee Shop here Kiri : https://t.co/PjprVYMCWP Kanan : https://t.co/mCCp6cP7vG https://t.co/1ztsUdfA10,1926914919972094287,https://pbs.twimg.com/media/Gr3G502W8AAcILU.jpg,qtpilove,in,,0,1,0,https://x.com/undefined/status/1926914919972094287,1819379869152956416,,
1926572889316233652,Sun May 25 19:31:59 +0000 2025,0,@DeaAnggara1 boss aku juga pake black opium btw duit mu banyak juga kim pinjem dong seratus wkwkwkwkwk,1926722935298875485,,DeaAnggara1,in,,0,0,0,https://x.com/undefined/status/1926722935298875485,1499151103413260288,,
1926656068190421152,Sun May 25 16:15:24 +0000 2025,0,@saamalaa @kwas0ng_ kak aku mau yg octarine black opium,1926673466146554367,,saamalaa,in,,0,1,0,https://x.com/undefined/status/1926673466146554367,1175827916275347456,,
1926629604896202812,Sun May 25 13:21:07 +0000 2025,0,gatau tata pake ysl yang mana tp my guess would be libre or black opium kalo beneran pakenya itu kebayang tata would smell sweet and powdery makanya perth suka sniff,1926629604896202812,,,in,,0,1,0,https://x.com/undefined/status/1926629604896202812,1889332949977559040,,
1926545373079720426,Sun May 25 07:46:25 +0000 2025,0,Cek Yves Saint Laurent Black Opium Woman EDP - 90 ML dengan harga Rp2.698.000. Dapatkan di Shopee sekarang! https://t.co/KUNsSF2ltI https://t.co/Ayvad0Spl2,1926545373079720426,https://pbs.twimg.com/media/Grx2zpKWkAASX1u.jpg,,in,,0,0,0,https://x.com/undefined/status/1926545373079720426,1036422983194013696,,
1926469502528590301,Sun May 25 02:44:56 +0000 2025,0,buat mba mba yang jogging di lembah ugm Jogj bisa gasih gausah pake parfum vanila baccarat black opium sama pink chiffon? mual bgt apalagi kecampur keringet ,1926469502528590301,,,in,,6,12,1,https://x.com/undefined/status/1926469502528590301,1902629414741143553,,
1926446474172256565,Sun May 25 01:13:27 +0000 2025,0,black opium ysl sedap gila bau!!!!,1926446481805873258,,maaaaansoo,in,,0,0,0,https://x.com/undefined/status/1926446481805873258,371627218,,
1926301463094894798,Sat May 24 15:37:12 +0000 2025,0,cobain black opium itu rasanya soft manis tapi tahan lama,1926301463094894798,,,in,,0,0,0,https://x.com/undefined/status/1926301463094894798,590670443,,
1926226567224508811,Sat May 24 11:35:58 +0000 2025,0,@mnfs_ub Versace eros black opium Sharaf blend vanila so sweet (ini rekomendasi si bang). kalo versace sama black opium enak tapi pasaran,1926240755368038910,,mnfs_ub,in,,0,0,0,https://x.com/undefined/status/1926240755368038910,1850684108063825920,,
1926150224566722629,Sat May 24 05:45:05 +0000 2025,0,@oceanjwie yg zara gardenia black opium sama wood sage menurut aku 3 itu wanginya enak gk nyengat kalo yg zara agak manis wanginya,1926152454338388092,,oceanjwie,in,,0,1,0,https://x.com/undefined/status/1926152454338388092,1669544623814082560,,
1926147370846167227,Sat May 24 05:24:53 +0000 2025,0,Cek Black Opium Women Platinum by Farah Parfum - Parfume Wanita Tahan Lama dengan harga Rp161.700. Dapatkan di Shopee sekarang! https://t.co/2roMEQVJe0 https://t.co/kLhqO1sI46,1926147370846167227,https://pbs.twimg.com/media/GrsM0mYWAAEnh1Y.jpg,,in,,0,0,0,https://x.com/undefined/status/1926147370846167227,1036422983194013696,,
1926087247541002522,Sat May 24 01:30:40 +0000 2025,0,@reuniyukk Kalau seneng yg enak wanginya coba ambil Jlo ka or black opium,1926088427943907766,,reuniyukk,in,,0,1,0,https://x.com/undefined/status/1926088427943907766,1711775138310684672,,
1926047094780924101,Fri May 23 22:46:28 +0000 2025,0,Black Opium wanginya cocok buat kerja di luar kantor pastinya tahan lama ! Link Shopee : https://t.co/nSWaEffwo7 https://t.co/YmBQ0x49Bs,1926047103064658382,https://pbs.twimg.com/media/GrqxoehWEAAWTbk.jpg,RekomendasiArya,in,,0,1,0,https://x.com/undefined/status/1926047103064658382,1555494481755271168,,
1925724321177084094,Fri May 23 20:49:20 +0000 2025,7,@Byundya03 @ohmy_beautybank Wanginya seger sedikit manis. Beberapa yg ku pakai: Dunhill blue Dun red Dun London (maskulin paling suka DB) Black opium (wangi kopi) Sauvage (maskulin) Scandalous (creamy) Baccarat (manis) Sugar baby (seger vanila) Gardenia (seger lembut) Melati Avril L dll.,1926017626532131029,,Byundya03,in,,0,0,0,https://x.com/undefined/status/1926017626532131029,1323398076065673216,,
1925982210512859166,Fri May 23 18:28:56 +0000 2025,0,minyak wangi murce dupe ysl black opium Link Shopee : https://t.co/Cpjctzn4d9 https://t.co/sVp8GCLOps,1925982293371257230,https://pbs.twimg.com/media/Grp2sESXsAI0P-r.jpg,RecomByYou,in,,0,1,0,https://x.com/undefined/status/1925982293371257230,895167677194543104,,
1925915245710553324,Fri May 23 14:02:31 +0000 2025,0,BPOM JEUNE FEN Black Opium Collagen BODY WASH / BODY LOTION Menghaluskan Mengencangkan Hidrasi Kulit 400 ml Soap Cair Mandi Pencerah Scrub https://t.co/uTmneUw7xV,1925915245710553324,,,in,,0,0,0,https://x.com/undefined/status/1925915245710553324,1573913779708235776,,
1925867603945283680,Fri May 23 10:53:12 +0000 2025,0,SARANINN PARFUM BIBIT YG WANGI FLORALL!!!! jangan black opium dah bosen,1925867603945283680,,,in,,0,0,0,https://x.com/undefined/status/1925867603945283680,1716362855682088960,,
1925821324833772013,Fri May 23 09:55:49 +0000 2025,1,YSL &amp; Black Opium Perfume ‍️ wehhh serius perfume ini wangi gila bawah RM30-RM35 jeeee Shop here Kiri : https://t.co/PjprVYMCWP Kanan : https://t.co/mCCp6cP7vG https://t.co/0Mj8mXsW43,1925853164776874481,https://pbs.twimg.com/media/GroBPaEXcAAKGy0.jpg,qtpilove,in,,0,1,0,https://x.com/undefined/status/1925853164776874481,1819379869152956416,,
1925817122183143848,Fri May 23 07:32:36 +0000 2025,0,saranin bau parfum yang enak selain black opium dong....pen ganti parfum bosen sama black opium tpi belum nemu yang pas,1925817122183143848,,,in,,0,0,0,https://x.com/undefined/status/1925817122183143848,1716362855682088960,,
1925725915444568252,Fri May 23 01:30:11 +0000 2025,0,Weekend nongki di mblok or taman literasi. Weekdays abis ngajar baca buku di perpusnas trs ngopi sambil baca buku pram. Outfit kaos item + jeans + converse kalo lg baca buku rambut diiket messy hair. Parfume black opium. Perut berlemak dkit tp ga buncit. Sukanya dipanggil bang.,1925725915444568252,,,in,,0,3,0,https://x.com/undefined/status/1925725915444568252,1876423510500978688,,
1925549963167285716,Thu May 22 13:53:06 +0000 2025,2,Grace and Glow (Body Lotion &amp; Body Serum) Katanya mirip wanginya sama parfum y*l yg black opium. Fungsinya buat mencerahkan dan melembabkan kulit. Wanginyaa tahan lamaaa. https://t.co/2ZGxlIGtvi https://t.co/k2NbUNSf1P,1925550489657307153,https://pbs.twimg.com/media/Grjt9BoboAEKkxa.jpg,rurulistyana,in,,0,1,0,https://x.com/undefined/status/1925550489657307153,1088783388499034112,,
1925452679763173802,Thu May 22 07:24:26 +0000 2025,1,perfume yg bau kuat kuat ni buat rasa pening laaa. mcm black opium ni. rasa cam sakit tekak bauuu kua sangat,1925452679763173802,,,in,,0,0,0,https://x.com/undefined/status/1925452679763173802,1450674421,,
1925389145645752555,Thu May 22 03:12:05 +0000 2025,0,Yang ni pulak sabun mandi bau YSL Black Opium!!! Serious korang akan addicted to this fragrant weh https://t.co/GWELgB3CGM https://t.co/GWELgB3CGM https://t.co/sFlFewV7nh,1925389174930383228,https://pbs.twimg.com/media/GrhbP5cbMAAPf2k.jpg,theiceraf,in,,0,1,0,https://x.com/undefined/status/1925389174930383228,1447492615721553925,,
1925389145645752555,Thu May 22 03:11:58 +0000 2025,179,unpopular opinion: deodorant ni bau macam YSL Black Opium wangi gak dooo https://t.co/z9mIxb1DG6,1925389145645752555,https://pbs.twimg.com/media/GrhbOJTaAAAIxcW.jpg,,in,,1,1,156,https://x.com/undefined/status/1925389145645752555,1447492615721553925,,
1924636868555215206,Wed May 21 23:10:08 +0000 2025,0,@itssux tapi black opium enak bjay,1925328285686231304,,itssux,in,,0,0,0,https://x.com/undefined/status/1925328285686231304,1248944615438184449,,
1925093667917987899,Wed May 21 10:31:45 +0000 2025,0,@heavensbrnita Dicampur oplos atau semprot Libre dulu baru black opium gan,1925137432653242794,,heavensbrnita,in,,0,1,0,https://x.com/undefined/status/1925137432653242794,1825825822093225984,,
1925093667917987899,Wed May 21 08:06:55 +0000 2025,0,@444stpearce agak nabrak tapi black opium kan manis sekali... lama lama jadi enak dan menyatu wanginya,1925100980523442258,,444stpearce,in,,0,0,0,https://x.com/undefined/status/1925100980523442258,1528007356982136833,,
1925093667917987899,Wed May 21 07:37:51 +0000 2025,3,libre dicampur black opium wanginya enak sekali,1925093667917987899,,,in,,0,3,0,https://x.com/undefined/status/1925093667917987899,1528007356982136833,,
1925082477053542785,Wed May 21 06:53:23 +0000 2025,0,@ohmy_beautybank ada yang tau shower gel scarlett cherrylicious itu wanginya dupe parfum apa?enak bgt wanginya. Mau beli parfumnya. Kyk scarlett charming dupe nya bacarat scarlett jolly dupe nya YSL black opium,1925082477053542785,,ohmy_beautybank,in,,0,1,0,https://x.com/undefined/status/1925082477053542785,47281757,,
1924882835137315062,Tue May 20 17:40:05 +0000 2025,0,Cek Parfum Tahan Lama Black Opium / Parfum Unisex /Minyak Wangi Tahan Lama dengan harga Rp50.600. Dapatkan di Shopee sekarang! https://t.co/1xdEd8rUaT https://t.co/lxrKD615Ue,1924882835137315062,https://pbs.twimg.com/media/GraOu69bAAIc7f7.jpg,,in,,0,0,0,https://x.com/undefined/status/1924882835137315062,1840353443904688128,,
1924743858904322546,Tue May 20 08:27:50 +0000 2025,0,eh aku baru nyobain parfum octarine black opium ternyata enak jugaa tp masih belum tau sih ketahanannya brp jam soalnya baru sampe hehe,1924743858904322546,,,in,,0,0,0,https://x.com/undefined/status/1924743858904322546,1307635404250603530,,
1924701452251103385,Tue May 20 05:39:25 +0000 2025,0,avicenna starburst dupe ysl black opium vanilla mentok ga sebikin pusing siren ada bau susu bubuknya vanilla ice cream lilith eve siren dupe ysl black opium vanilla giung memang bikin giung. tp manisnya ada bau gula kalo udh lamaan baunya gula cair simple syrup,1924701474011152687,,endrollment,in,,0,1,0,https://x.com/undefined/status/1924701474011152687,1286562382068645888,,
1893877306403271167,Tue May 20 03:59:49 +0000 2025,0,@mellinssharing @l0tusbiscoff_ @elvicto_id Black opium bukan baccarat,1924676408238080030,,mellinssharing,in,,0,0,0,https://x.com/undefined/status/1924676408238080030,1779086292225335296,,
1924492583285453214,Mon May 19 15:49:21 +0000 2025,0,aneh bgt idung tiba tiba nyium wangi black opium padahal lagi sendirian di kamar,1924492583285453214,,,in,,0,0,0,https://x.com/undefined/status/1924492583285453214,1593664816551337984,,
1924407982676463937,Mon May 19 10:29:14 +0000 2025,0,@martabakismissu parfumnya yg black opium beli dmn ka,1924412023703736693,,martabakismissu,in,,0,0,0,https://x.com/undefined/status/1924412023703736693,1095314552424607744,,
1924401023470477369,Mon May 19 09:45:41 +0000 2025,7,valerie : pas aku sniff ini ngingetin sama parfum black opium. cocok buat indoor chindaga : ada rose dan praline nya jadi dia sweet tp masih ada floral nya enaak! https://t.co/gLxIdLxaKP,1924401060241973712,https://pbs.twimg.com/media/GrTYjo-XIAAPqna.jpg,romapntis,in,,0,1,0,https://x.com/undefined/status/1924401060241973712,939260640643952640,,
1924377973953892608,Mon May 19 08:14:34 +0000 2025,0,@LazadaID Kalau black opium itu wangi apa ya,1924378133303885842,,LazadaID,in,,0,0,0,https://x.com/undefined/status/1924378133303885842,1813882964381691904,,
1923845870308687908,Sat May 17 20:59:33 +0000 2025,0,Banyak varian yang pasaran ysl libre black opium ysl y edp,1923845870308687908,,,in,,0,0,0,https://x.com/undefined/status/1923845870308687908,1744664755841978368,,
1923613993249407128,Sat May 17 05:38:09 +0000 2025,0,BPOM JEUNE FEN Black Opium Collagen Body Lotion Menutrisi Melembabkan Mencerahkan Kulit 400 ml Pencerah Hand Tubuh Tangan Pria dan wanita https://t.co/fEukk9XwgJ,1923613993249407128,,,in,,0,0,0,https://x.com/undefined/status/1923613993249407128,888276672750821376,,
1923538651608383949,Sat May 17 02:51:18 +0000 2025,1,@gladys_alexaaa Saya lebih suka black opium kak,1923572005359772017,,gladys_alexaaa,in,,0,0,0,https://x.com/undefined/status/1923572005359772017,1880680084513906688,,
1923326595936165909,Sat May 17 02:46:11 +0000 2025,0,@_GomChan_ Hypnose mmg fav lama dari dlu... Black Opium start pakai tahun lepas n mula2 rs mcm xsesuai dgn akk sbb bau perempuan ayu sikit now mcm okey la.. Setakat bbrapa jam ni..falling for Oudgasm Vanilla 36 by Kayali ,1923570715175043559,,_GomChan_,in,,0,1,0,https://x.com/undefined/status/1923570715175043559,274337023,,
1923551586720297152,Sat May 17 01:30:10 +0000 2025,0,Cek Kana Bali Moisturizing Body Butter Black Opium dengan harga Rp108.000. Dapatkan di Shopee sekarang! https://t.co/OoEIsOtZjd https://t.co/2DPPIcZDBc,1923551586720297152,https://pbs.twimg.com/media/GrHT-FNXQAA5jn2.jpg,,in,,0,0,0,https://x.com/undefined/status/1923551586720297152,1036422983194013696,,
1923424077529628687,Fri May 16 17:03:30 +0000 2025,3,YSL - black opium HBD HARSHAD CHOPDA #HarshadChopda,1923424077529628687,,,in,,0,0,9,https://x.com/undefined/status/1923424077529628687,1568669966844710912,,
1923356857906655511,Fri May 16 12:36:23 +0000 2025,0,Bapak la sedap black opium lepas revisit,1923356857906655511,,,in,,0,0,0,https://x.com/undefined/status/1923356857906655511,1295009058,,
1923049477130027056,Fri May 16 10:32:47 +0000 2025,0,@Kent_Arthurr Vanilla ice sma black opium it parfum cewek kah,1923325752981827668,,Kent_Arthurr,in,,0,0,0,https://x.com/undefined/status/1923325752981827668,1883180449914359808,,
1919434750025990206,Fri May 16 08:30:19 +0000 2025,0,@wantwoooo wts YSL Black Opium ORIGINAL Tester Store Jogja 100% original 750k nego tipis bisa oyen https://t.co/BIITO2686I,1923294930174095634,https://pbs.twimg.com/media/GrDqivDboAAsBZW.jpg,wantwoooo,in,,0,0,0,https://x.com/undefined/status/1923294930174095634,1557935564652834817,,
1923288238132756668,Fri May 16 08:17:59 +0000 2025,0,@mwenukar Ysl black opium original tester 750.000 nego klo minat dijamin ori https://t.co/KRcY0Yn8hW,1923291828322697389,https://pbs.twimg.com/media/GrDnuHobYAAz6bm.jpg,mwenukar,in,,0,0,0,https://x.com/undefined/status/1923291828322697389,1557935564652834817,,
1923266701635838048,Fri May 16 06:38:08 +0000 2025,1,kan emang parfum black opium tu cocok di segala cuaca dan kondisi. jadi kangen pake parfumnya savin,1923266701635838048,,,in,,0,0,0,https://x.com/undefined/status/1923266701635838048,1593664816551337984,,
1923209812214505793,Fri May 16 02:52:05 +0000 2025,0,Cek YSL Perfumes Gift Set 7.5ml*3 Black Opium EdP/Mon Paris EdP/Libre EdP dengan harga Rp270.000. Dapatkan di Shopee sekarang! https://t.co/MS7zIIDfF9 https://t.co/m2lEi4UfDh,1923209812214505793,https://pbs.twimg.com/media/GrCdIdmaAAAVmO2.jpg,,in,,0,0,0,https://x.com/undefined/status/1923209812214505793,1036422983194013696,,
1923049477130027056,Thu May 15 17:36:02 +0000 2025,0,@Kent_Arthurr Gw pake black opium. Alasannya suka aja wkwk,1923069876408639918,,Kent_Chii,in,,0,0,0,https://x.com/undefined/status/1923069876408639918,1466174193863700486,,
1922870159066145276,Thu May 15 04:22:25 +0000 2025,0,Atiny! buat yang request sample parfum seonghwa YSL black opium glitter skrg sudah available ya ITEM PO size: 1 2ml (sample) Price: idr 79 500 PO ETA: 4-7 hari DM For Order https://t.co/P8ono5XVWC,1922870159066145276,https://pbs.twimg.com/media/Gq9oNqoaQAADYPG.jpg,,in,,0,1,0,https://x.com/undefined/status/1922870159066145276,1300629200135544833,,
1922813513086509412,Thu May 15 00:40:47 +0000 2025,0,@frmplanetpluto black opium dark red or khamrah by lattafa,1922814380850184405,,frmplanetpluto,in,,0,0,0,https://x.com/undefined/status/1922814380850184405,1922793447028666368,,
1921971586136949239,Wed May 14 22:16:36 +0000 2025,0,@lathifahamll gtau kak. pke parfum black opium yg isi ulang,1922778097713111176,,lathifahamll,in,,0,0,0,https://x.com/undefined/status/1922778097713111176,1802511705588862976,,
1922628990386278704,Wed May 14 14:09:34 +0000 2025,0,@ujaangkeduu black opium juga,1922655532772381108,,ujaangkeduu,in,,0,0,0,https://x.com/undefined/status/1922655532772381108,1289871941923307521,,
1922608114165002594,Wed May 14 14:06:30 +0000 2025,0,@sooopremacy deodorant GG black opium 32k bisa oren,1922654757346328961,,sooopremacy,in,,0,0,0,https://x.com/undefined/status/1922654757346328961,1922594683605381120,,
1922643584320258363,Wed May 14 13:28:30 +0000 2025,0,Modusnya tiap hari nanya ada kaset film pabrik gula atau mickey 17 sambil nawarin mau parfum YSL Black Opium atau parfum Jo Malone english pear,1922645198464516309,,enkyoriposutar,in,,0,0,0,https://x.com/undefined/status/1922645198464516309,958892915794653184,,
1922617860548927575,Wed May 14 11:39:53 +0000 2025,3,Ryan,1922617860548927575,,,in,,0,0,0,https://x.com/undefined/status/1922617860548927575,1875200370789761024,,
1922508147803205953,Wed May 14 04:23:55 +0000 2025,0,dari ysl black opium skrg malah beli hmns orgsm lagi,1922508147803205953,,,in,,0,0,0,https://x.com/undefined/status/1922508147803205953,1811240302860247040,,
1921971586136949239,Tue May 13 21:58:48 +0000 2025,0,@lathifahamll ysl black opium ini parfum utama yang gapernah ganti dan gapernah berenti repurchase. tapi krn aku adalah anomali yang suka koleksi parfum ada banyaaaak bgt koleksiku yang ternyata wanginya lebih enak dan awet daripada di ysl ini. contohnya antalya yang sempet (cont),1922411231387824465,,lathifahamll,in,,0,1,0,https://x.com/undefined/status/1922411231387824465,1916951696867303424,,
1922397598234689929,Tue May 13 21:04:38 +0000 2025,2,Diokh black Opium authentique Muu wadd tothi Wlhii tayy duma nelaww normal,1922397598234689929,,,in,,0,0,0,https://x.com/undefined/status/1922397598234689929,1680065514800836608,,
1922396333224145318,Tue May 13 20:59:36 +0000 2025,0,Saatnya membeli perfume wangi mirip Black Opium tapi bukan Black Opium yang asli.,1922396333224145318,,,in,,0,0,0,https://x.com/undefined/status/1922396333224145318,1004262620247932928,,
1922335360991875119,Tue May 13 16:57:19 +0000 2025,1,Lilith and eve terus nyoba parfum miniso nya prilly terus wardah yg warna biru terus parfum miniso lagi tapi yg lain baru beli lagi parfum black opium cuma gatau dah ni merek apa karena beli dari orang jualan untuk donasi gitu,1922335360991875119,,,in,,0,0,0,https://x.com/undefined/status/1922335360991875119,1170295952600485888,,
1922304876547027026,Tue May 13 15:03:43 +0000 2025,0,@withlove127 emg ada kucing yg bau black opium ysl,1922306772573790698,,withlove127,in,,0,1,0,https://x.com/undefined/status/1922306772573790698,1028614419163504641,,
1922300489556791513,Tue May 13 14:51:11 +0000 2025,0,@mzfiqa Kalau beli kat live pinyang tu dapat rm27 hahahaha. Rambang mata sangat tapi aku saja beli previously yg aku suka Optimus. Dupe black opium. Coffee vanilla la vida dgn bear with her mcm wangi,1922303616112615686,,mzfiqa,in,,0,1,0,https://x.com/undefined/status/1922303616112615686,454886159,,
1921971586136949239,Tue May 13 08:51:26 +0000 2025,0,@lathifahamll savin yg black opium,1922213082513785152,,lathifahamll,in,,0,0,0,https://x.com/undefined/status/1922213082513785152,1089004578916290563,,
